id,type,student_id,name,features,week_number,course_name
0,student,S0001,林磊,"{'node_type': 0, 'age': 18, 'gender_code': 0, 'major_code': 0, 'academic_performance': np.float64(0.71), 'study_habit_consistency': 0.6428571428571429}",,
1,student,S0002,林军,"{'node_type': 0, 'age': 24, 'gender_code': 0, 'major_code': 4, 'academic_performance': np.float64(0.6477777777777777), 'study_habit_consistency': 0.7472527472527473}",,
2,student,S0003,赵强,"{'node_type': 0, 'age': 20, 'gender_code': 1, 'major_code': 6, 'academic_performance': np.float64(0.6725), 'study_habit_consistency': 0.6578947368421053}",,
3,student,S0004,高军,"{'node_type': 0, 'age': 23, 'gender_code': 1, 'major_code': 5, 'academic_performance': np.float64(0.705), 'study_habit_consistency': 0.6730769230769231}",,
4,student,S0005,黄强,"{'node_type': 0, 'age': 18, 'gender_code': 1, 'major_code': 0, 'academic_performance': np.float64(0.7155555555555556), 'study_habit_consistency': 0.7419354838709677}",,
5,student,S0006,刘洋,"{'node_type': 0, 'age': 24, 'gender_code': 1, 'major_code': 3, 'academic_performance': np.float64(0.7009090909090909), 'study_habit_consistency': 0.7079646017699115}",,
6,student,S0007,林磊,"{'node_type': 0, 'age': 25, 'gender_code': 0, 'major_code': 5, 'academic_performance': np.float64(0.6973333333333334), 'study_habit_consistency': 0.6642857142857143}",,
7,student,S0008,陈涛,"{'node_type': 0, 'age': 24, 'gender_code': 0, 'major_code': 3, 'academic_performance': np.float64(0.6977777777777777), 'study_habit_consistency': 0.7294117647058823}",,
8,student,S0009,黄娟,"{'node_type': 0, 'age': 25, 'gender_code': 1, 'major_code': 4, 'academic_performance': np.float64(0.6858333333333333), 'study_habit_consistency': 0.7058823529411765}",,
9,student,S0010,吴敏,"{'node_type': 0, 'age': 20, 'gender_code': 0, 'major_code': 1, 'academic_performance': np.float64(0.7211111111111111), 'study_habit_consistency': 0.6707317073170732}",,
10,student,S0011,徐勇,"{'node_type': 0, 'age': 23, 'gender_code': 1, 'major_code': 2, 'academic_performance': np.float64(0.7326666666666667), 'study_habit_consistency': 0.6928104575163399}",,
11,student,S0012,黄涛,"{'node_type': 0, 'age': 20, 'gender_code': 0, 'major_code': 7, 'academic_performance': np.float64(0.7), 'study_habit_consistency': 0.7}",,
12,student,S0013,马艳,"{'node_type': 0, 'age': 20, 'gender_code': 0, 'major_code': 2, 'academic_performance': np.float64(0.7241666666666667), 'study_habit_consistency': 0.7314814814814815}",,
13,student,S0014,罗艳,"{'node_type': 0, 'age': 20, 'gender_code': 0, 'major_code': 1, 'academic_performance': np.float64(0.659), 'study_habit_consistency': 0.6862745098039216}",,
14,student,S0015,林秀英,"{'node_type': 0, 'age': 23, 'gender_code': 0, 'major_code': 3, 'academic_performance': np.float64(0.70375), 'study_habit_consistency': 0.7875}",,
15,student,S0016,王丽,"{'node_type': 0, 'age': 18, 'gender_code': 1, 'major_code': 7, 'academic_performance': np.float64(0.69), 'study_habit_consistency': 0.6875}",,
16,student,S0017,高平,"{'node_type': 0, 'age': 20, 'gender_code': 1, 'major_code': 3, 'academic_performance': np.float64(0.64125), 'study_habit_consistency': 0.7195121951219512}",,
17,student,S0018,张伟,"{'node_type': 0, 'age': 23, 'gender_code': 1, 'major_code': 3, 'academic_performance': np.float64(0.75), 'study_habit_consistency': 0.6470588235294118}",,
18,student,S0019,陈敏,"{'node_type': 0, 'age': 24, 'gender_code': 0, 'major_code': 0, 'academic_performance': np.float64(0.7257142857142856), 'study_habit_consistency': 0.704225352112676}",,
19,student,S0020,王伟,"{'node_type': 0, 'age': 22, 'gender_code': 0, 'major_code': 5, 'academic_performance': np.float64(0.7591666666666668), 'study_habit_consistency': 0.7815126050420168}",,
20,student,S0021,张娜,"{'node_type': 0, 'age': 22, 'gender_code': 0, 'major_code': 4, 'academic_performance': np.float64(0.6958333333333333), 'study_habit_consistency': 0.7678571428571429}",,
21,student,S0022,王敏,"{'node_type': 0, 'age': 23, 'gender_code': 0, 'major_code': 0, 'academic_performance': np.float64(0.7040000000000001), 'study_habit_consistency': 0.6509433962264151}",,
22,student,S0023,黄艳,"{'node_type': 0, 'age': 18, 'gender_code': 0, 'major_code': 3, 'academic_performance': np.float64(0.675), 'study_habit_consistency': 0.7662337662337663}",,
23,student,S0024,徐磊,"{'node_type': 0, 'age': 24, 'gender_code': 0, 'major_code': 3, 'academic_performance': np.float64(0.7133333333333333), 'study_habit_consistency': 0.6951219512195121}",,
24,student,S0025,杨艳,"{'node_type': 0, 'age': 20, 'gender_code': 1, 'major_code': 3, 'academic_performance': np.float64(0.7121428571428571), 'study_habit_consistency': 0.6906474820143885}",,
25,student,S0026,刘磊,"{'node_type': 0, 'age': 23, 'gender_code': 1, 'major_code': 4, 'academic_performance': np.float64(0.7275), 'study_habit_consistency': 0.6578947368421053}",,
26,student,S0027,陈洋,"{'node_type': 0, 'age': 23, 'gender_code': 1, 'major_code': 5, 'academic_performance': np.float64(0.6954545454545454), 'study_habit_consistency': 0.6792452830188679}",,
27,student,S0028,杨霞,"{'node_type': 0, 'age': 20, 'gender_code': 0, 'major_code': 0, 'academic_performance': np.float64(0.7522222222222222), 'study_habit_consistency': 0.7126436781609196}",,
28,student,S0029,张娜,"{'node_type': 0, 'age': 19, 'gender_code': 1, 'major_code': 3, 'academic_performance': np.float64(0.6378571428571429), 'study_habit_consistency': 0.6870748299319728}",,
29,student,S0030,胡静,"{'node_type': 0, 'age': 21, 'gender_code': 0, 'major_code': 3, 'academic_performance': np.float64(0.6984615384615384), 'study_habit_consistency': 0.7251908396946565}",,
30,student,S0031,吴洋,"{'node_type': 0, 'age': 19, 'gender_code': 1, 'major_code': 3, 'academic_performance': np.float64(0.7527272727272727), 'study_habit_consistency': 0.6607142857142857}",,
31,student,S0032,高敏,"{'node_type': 0, 'age': 25, 'gender_code': 1, 'major_code': 7, 'academic_performance': np.float64(0.7218181818181819), 'study_habit_consistency': 0.6752136752136753}",,
32,student,S0033,罗敏,"{'node_type': 0, 'age': 22, 'gender_code': 0, 'major_code': 1, 'academic_performance': np.float64(0.6691666666666667), 'study_habit_consistency': 0.6744186046511628}",,
33,student,S0034,周洋,"{'node_type': 0, 'age': 18, 'gender_code': 0, 'major_code': 7, 'academic_performance': np.float64(0.74375), 'study_habit_consistency': 0.8205128205128205}",,
34,student,S0035,何勇,"{'node_type': 0, 'age': 21, 'gender_code': 1, 'major_code': 3, 'academic_performance': np.float64(0.7306666666666666), 'study_habit_consistency': 0.7080745341614907}",,
35,student,S0036,孙芳,"{'node_type': 0, 'age': 23, 'gender_code': 0, 'major_code': 1, 'academic_performance': np.float64(0.6827272727272726), 'study_habit_consistency': 0.6608695652173913}",,
36,student,S0037,徐超,"{'node_type': 0, 'age': 22, 'gender_code': 0, 'major_code': 0, 'academic_performance': np.float64(0.67125), 'study_habit_consistency': 0.6547619047619048}",,
37,student,S0038,杨洋,"{'node_type': 0, 'age': 22, 'gender_code': 1, 'major_code': 5, 'academic_performance': np.float64(0.7185714285714286), 'study_habit_consistency': 0.6575342465753424}",,
38,student,S0039,赵磊,"{'node_type': 0, 'age': 25, 'gender_code': 0, 'major_code': 7, 'academic_performance': np.float64(0.6940000000000001), 'study_habit_consistency': 0.7051282051282052}",,
39,student,S0040,陈涛,"{'node_type': 0, 'age': 25, 'gender_code': 0, 'major_code': 7, 'academic_performance': np.float64(0.6586666666666666), 'study_habit_consistency': 0.6887417218543046}",,
40,student,S0041,马秀英,"{'node_type': 0, 'age': 22, 'gender_code': 1, 'major_code': 5, 'academic_performance': np.float64(0.7345454545454545), 'study_habit_consistency': 0.6880733944954128}",,
41,student,S0042,郭丽,"{'node_type': 0, 'age': 21, 'gender_code': 0, 'major_code': 7, 'academic_performance': np.float64(0.6615384615384616), 'study_habit_consistency': 0.7164179104477612}",,
42,student,S0043,朱军,"{'node_type': 0, 'age': 23, 'gender_code': 0, 'major_code': 4, 'academic_performance': np.float64(0.74875), 'study_habit_consistency': 0.6710526315789473}",,
43,student,S0044,朱涛,"{'node_type': 0, 'age': 22, 'gender_code': 1, 'major_code': 4, 'academic_performance': np.float64(0.6970000000000001), 'study_habit_consistency': 0.6728971962616822}",,
44,student,S0045,陈芳,"{'node_type': 0, 'age': 20, 'gender_code': 1, 'major_code': 7, 'academic_performance': np.float64(0.68), 'study_habit_consistency': 0.6759259259259259}",,
45,student,S0046,朱娟,"{'node_type': 0, 'age': 18, 'gender_code': 1, 'major_code': 3, 'academic_performance': np.float64(0.7275), 'study_habit_consistency': 0.6049382716049383}",,
46,student,S0047,杨涛,"{'node_type': 0, 'age': 24, 'gender_code': 1, 'major_code': 4, 'academic_performance': np.float64(0.7177777777777777), 'study_habit_consistency': 0.6888888888888889}",,
47,student,S0048,胡霞,"{'node_type': 0, 'age': 21, 'gender_code': 0, 'major_code': 2, 'academic_performance': np.float64(0.7283333333333333), 'study_habit_consistency': 0.7155172413793104}",,
48,student,S0049,黄明,"{'node_type': 0, 'age': 24, 'gender_code': 0, 'major_code': 4, 'academic_performance': np.float64(0.6366666666666666), 'study_habit_consistency': 0.6974789915966386}",,
49,student,S0050,王强,"{'node_type': 0, 'age': 19, 'gender_code': 1, 'major_code': 3, 'academic_performance': np.float64(0.7040000000000001), 'study_habit_consistency': 0.7047619047619048}",,
50,student,S0051,刘芳,"{'node_type': 0, 'age': 24, 'gender_code': 0, 'major_code': 4, 'academic_performance': np.float64(0.6966666666666668), 'study_habit_consistency': 0.8032786885245902}",,
51,student,S0052,何静,"{'node_type': 0, 'age': 20, 'gender_code': 0, 'major_code': 6, 'academic_performance': np.float64(0.6981818181818181), 'study_habit_consistency': 0.6428571428571429}",,
52,student,S0053,罗芳,"{'node_type': 0, 'age': 19, 'gender_code': 1, 'major_code': 7, 'academic_performance': np.float64(0.6692307692307692), 'study_habit_consistency': 0.732824427480916}",,
53,student,S0054,胡丽,"{'node_type': 0, 'age': 21, 'gender_code': 0, 'major_code': 7, 'academic_performance': np.float64(0.7133333333333333), 'study_habit_consistency': 0.775}",,
54,student,S0055,王娜,"{'node_type': 0, 'age': 23, 'gender_code': 1, 'major_code': 3, 'academic_performance': np.float64(0.7026666666666667), 'study_habit_consistency': 0.6623376623376623}",,
55,student,S0056,杨娟,"{'node_type': 0, 'age': 25, 'gender_code': 1, 'major_code': 7, 'academic_performance': np.float64(0.6461538461538461), 'study_habit_consistency': 0.75}",,
56,student,S0057,孙军,"{'node_type': 0, 'age': 19, 'gender_code': 0, 'major_code': 6, 'academic_performance': np.float64(0.6583333333333333), 'study_habit_consistency': 0.6666666666666666}",,
57,student,S0058,孙芳,"{'node_type': 0, 'age': 24, 'gender_code': 0, 'major_code': 2, 'academic_performance': np.float64(0.7046666666666667), 'study_habit_consistency': 0.6418918918918919}",,
58,student,S0059,徐磊,"{'node_type': 0, 'age': 24, 'gender_code': 1, 'major_code': 6, 'academic_performance': np.float64(0.698), 'study_habit_consistency': 0.7290322580645161}",,
59,student,S0060,张敏,"{'node_type': 0, 'age': 25, 'gender_code': 1, 'major_code': 7, 'academic_performance': np.float64(0.6428571428571429), 'study_habit_consistency': 0.7007299270072993}",,
60,student,S0061,高勇,"{'node_type': 0, 'age': 21, 'gender_code': 0, 'major_code': 0, 'academic_performance': np.float64(0.7264285714285714), 'study_habit_consistency': 0.7071428571428572}",,
61,student,S0062,孙芳,"{'node_type': 0, 'age': 19, 'gender_code': 1, 'major_code': 1, 'academic_performance': np.float64(0.6914285714285714), 'study_habit_consistency': 0.648854961832061}",,
62,student,S0063,孙娜,"{'node_type': 0, 'age': 24, 'gender_code': 1, 'major_code': 7, 'academic_performance': np.float64(0.7577777777777777), 'study_habit_consistency': 0.6923076923076923}",,
63,student,S0064,罗洋,"{'node_type': 0, 'age': 19, 'gender_code': 1, 'major_code': 0, 'academic_performance': np.float64(0.6940000000000001), 'study_habit_consistency': 0.668918918918919}",,
64,student,S0065,刘伟,"{'node_type': 0, 'age': 19, 'gender_code': 1, 'major_code': 2, 'academic_performance': np.float64(0.70875), 'study_habit_consistency': 0.8076923076923077}",,
65,student,S0066,胡磊,"{'node_type': 0, 'age': 23, 'gender_code': 1, 'major_code': 1, 'academic_performance': np.float64(0.7109090909090909), 'study_habit_consistency': 0.7456140350877193}",,
66,student,S0067,赵洋,"{'node_type': 0, 'age': 23, 'gender_code': 1, 'major_code': 0, 'academic_performance': np.float64(0.7046153846153846), 'study_habit_consistency': 0.6546762589928058}",,
67,student,S0068,徐军,"{'node_type': 0, 'age': 22, 'gender_code': 1, 'major_code': 6, 'academic_performance': np.float64(0.7120000000000001), 'study_habit_consistency': 0.6776315789473685}",,
68,student,S0069,周超,"{'node_type': 0, 'age': 22, 'gender_code': 1, 'major_code': 6, 'academic_performance': np.float64(0.7190909090909091), 'study_habit_consistency': 0.7017543859649122}",,
69,student,S0070,周强,"{'node_type': 0, 'age': 25, 'gender_code': 1, 'major_code': 1, 'academic_performance': np.float64(0.7133333333333333), 'study_habit_consistency': 0.7017543859649122}",,
70,student,S0071,张勇,"{'node_type': 0, 'age': 18, 'gender_code': 1, 'major_code': 6, 'academic_performance': np.float64(0.6725), 'study_habit_consistency': 0.6625}",,
71,student,S0072,吴平,"{'node_type': 0, 'age': 24, 'gender_code': 1, 'major_code': 7, 'academic_performance': np.float64(0.6725), 'study_habit_consistency': 0.7154471544715447}",,
72,student,S0073,李平,"{'node_type': 0, 'age': 21, 'gender_code': 1, 'major_code': 2, 'academic_performance': np.float64(0.7415384615384616), 'study_habit_consistency': 0.6666666666666666}",,
73,student,S0074,王敏,"{'node_type': 0, 'age': 23, 'gender_code': 1, 'major_code': 0, 'academic_performance': np.float64(0.7536363636363635), 'study_habit_consistency': 0.7117117117117117}",,
74,student,S0075,杨芳,"{'node_type': 0, 'age': 24, 'gender_code': 0, 'major_code': 5, 'academic_performance': np.float64(0.7122222222222223), 'study_habit_consistency': 0.7391304347826086}",,
75,student,S0076,李军,"{'node_type': 0, 'age': 25, 'gender_code': 0, 'major_code': 1, 'academic_performance': np.float64(0.74), 'study_habit_consistency': 0.7}",,
76,student,S0077,高敏,"{'node_type': 0, 'age': 24, 'gender_code': 1, 'major_code': 0, 'academic_performance': np.float64(0.80625), 'study_habit_consistency': 0.7866666666666666}",,
77,student,S0078,胡丽,"{'node_type': 0, 'age': 23, 'gender_code': 0, 'major_code': 3, 'academic_performance': np.float64(0.6842857142857143), 'study_habit_consistency': 0.6222222222222222}",,
78,student,S0079,高芳,"{'node_type': 0, 'age': 25, 'gender_code': 0, 'major_code': 5, 'academic_performance': np.float64(0.67), 'study_habit_consistency': 0.7636363636363637}",,
79,student,S0080,杨勇,"{'node_type': 0, 'age': 18, 'gender_code': 0, 'major_code': 5, 'academic_performance': np.float64(0.6553333333333333), 'study_habit_consistency': 0.7133333333333334}",,
80,student,S0081,杨超,"{'node_type': 0, 'age': 21, 'gender_code': 0, 'major_code': 1, 'academic_performance': np.float64(0.7025), 'study_habit_consistency': 0.6470588235294118}",,
81,student,S0082,周芳,"{'node_type': 0, 'age': 20, 'gender_code': 1, 'major_code': 7, 'academic_performance': np.float64(0.7007692307692308), 'study_habit_consistency': 0.6766917293233082}",,
82,student,S0083,黄敏,"{'node_type': 0, 'age': 25, 'gender_code': 0, 'major_code': 3, 'academic_performance': np.float64(0.6963636363636364), 'study_habit_consistency': 0.7102803738317757}",,
83,student,S0084,胡敏,"{'node_type': 0, 'age': 20, 'gender_code': 0, 'major_code': 3, 'academic_performance': np.float64(0.7118181818181819), 'study_habit_consistency': 0.7281553398058253}",,
84,student,S0085,高明,"{'node_type': 0, 'age': 19, 'gender_code': 0, 'major_code': 3, 'academic_performance': np.float64(0.6875), 'study_habit_consistency': 0.6705882352941176}",,
85,student,S0086,徐芳,"{'node_type': 0, 'age': 23, 'gender_code': 1, 'major_code': 1, 'academic_performance': np.float64(0.72), 'study_habit_consistency': 0.7065217391304348}",,
86,student,S0087,陈洋,"{'node_type': 0, 'age': 23, 'gender_code': 1, 'major_code': 1, 'academic_performance': np.float64(0.68125), 'study_habit_consistency': 0.7108433734939759}",,
87,student,S0088,吴伟,"{'node_type': 0, 'age': 18, 'gender_code': 0, 'major_code': 0, 'academic_performance': np.float64(0.71125), 'study_habit_consistency': 0.6923076923076923}",,
88,student,S0089,刘杰,"{'node_type': 0, 'age': 19, 'gender_code': 0, 'major_code': 2, 'academic_performance': np.float64(0.6858333333333333), 'study_habit_consistency': 0.6818181818181818}",,
89,student,S0090,罗明,"{'node_type': 0, 'age': 21, 'gender_code': 1, 'major_code': 2, 'academic_performance': np.float64(0.692857142857143), 'study_habit_consistency': 0.697841726618705}",,
90,student,S0091,高超,"{'node_type': 0, 'age': 24, 'gender_code': 1, 'major_code': 4, 'academic_performance': np.float64(0.7025), 'study_habit_consistency': 0.7049180327868853}",,
91,student,S0092,朱艳,"{'node_type': 0, 'age': 19, 'gender_code': 0, 'major_code': 2, 'academic_performance': np.float64(0.7036363636363636), 'study_habit_consistency': 0.6833333333333333}",,
92,student,S0093,吴娜,"{'node_type': 0, 'age': 19, 'gender_code': 0, 'major_code': 2, 'academic_performance': np.float64(0.64125), 'study_habit_consistency': 0.7317073170731707}",,
93,student,S0094,徐勇,"{'node_type': 0, 'age': 18, 'gender_code': 0, 'major_code': 0, 'academic_performance': np.float64(0.6578571428571429), 'study_habit_consistency': 0.6830985915492958}",,
94,student,S0095,朱洋,"{'node_type': 0, 'age': 21, 'gender_code': 1, 'major_code': 6, 'academic_performance': np.float64(0.7255555555555556), 'study_habit_consistency': 0.6}",,
95,student,S0096,何平,"{'node_type': 0, 'age': 19, 'gender_code': 0, 'major_code': 3, 'academic_performance': np.float64(0.7175), 'study_habit_consistency': 0.6790123456790124}",,
96,student,S0097,张杰,"{'node_type': 0, 'age': 24, 'gender_code': 0, 'major_code': 2, 'academic_performance': np.float64(0.7366666666666667), 'study_habit_consistency': 0.6881720430107527}",,
97,student,S0098,胡霞,"{'node_type': 0, 'age': 23, 'gender_code': 1, 'major_code': 6, 'academic_performance': np.float64(0.6873333333333334), 'study_habit_consistency': 0.6797385620915033}",,
98,student,S0099,王丽,"{'node_type': 0, 'age': 19, 'gender_code': 1, 'major_code': 5, 'academic_performance': np.float64(0.6845454545454546), 'study_habit_consistency': 0.7551020408163265}",,
99,student,S0100,徐洋,"{'node_type': 0, 'age': 19, 'gender_code': 1, 'major_code': 6, 'academic_performance': np.float64(0.6791666666666667), 'study_habit_consistency': 0.7241379310344828}",,
100,student,S0101,赵艳,"{'node_type': 0, 'age': 20, 'gender_code': 1, 'major_code': 5, 'academic_performance': np.float64(0.7106666666666667), 'study_habit_consistency': 0.6758620689655173}",,
101,student,S0102,赵娜,"{'node_type': 0, 'age': 23, 'gender_code': 1, 'major_code': 7, 'academic_performance': np.float64(0.703076923076923), 'study_habit_consistency': 0.7175572519083969}",,
102,student,S0103,黄娟,"{'node_type': 0, 'age': 22, 'gender_code': 0, 'major_code': 5, 'academic_performance': np.float64(0.6783333333333332), 'study_habit_consistency': 0.6833333333333333}",,
103,student,S0104,徐杰,"{'node_type': 0, 'age': 19, 'gender_code': 0, 'major_code': 1, 'academic_performance': np.float64(0.6777777777777777), 'study_habit_consistency': 0.7450980392156863}",,
104,student,S0105,胡娟,"{'node_type': 0, 'age': 19, 'gender_code': 0, 'major_code': 0, 'academic_performance': np.float64(0.565), 'study_habit_consistency': 0.6835443037974683}",,
105,student,S0106,徐伟,"{'node_type': 0, 'age': 21, 'gender_code': 0, 'major_code': 3, 'academic_performance': np.float64(0.6515384615384616), 'study_habit_consistency': 0.6171875}",,
106,student,S0107,胡秀英,"{'node_type': 0, 'age': 24, 'gender_code': 1, 'major_code': 5, 'academic_performance': np.float64(0.73), 'study_habit_consistency': 0.6794871794871795}",,
107,student,S0108,朱磊,"{'node_type': 0, 'age': 24, 'gender_code': 1, 'major_code': 6, 'academic_performance': np.float64(0.702857142857143), 'study_habit_consistency': 0.7205882352941176}",,
108,student,S0109,高娜,"{'node_type': 0, 'age': 22, 'gender_code': 0, 'major_code': 3, 'academic_performance': np.float64(0.6636363636363636), 'study_habit_consistency': 0.7333333333333333}",,
109,student,S0110,刘丽,"{'node_type': 0, 'age': 22, 'gender_code': 1, 'major_code': 6, 'academic_performance': np.float64(0.7569230769230769), 'study_habit_consistency': 0.696969696969697}",,
110,student,S0111,刘霞,"{'node_type': 0, 'age': 18, 'gender_code': 1, 'major_code': 3, 'academic_performance': np.float64(0.6845454545454546), 'study_habit_consistency': 0.6339285714285714}",,
111,student,S0112,朱霞,"{'node_type': 0, 'age': 19, 'gender_code': 0, 'major_code': 1, 'academic_performance': np.float64(0.6933333333333332), 'study_habit_consistency': 0.7070063694267515}",,
112,student,S0113,刘敏,"{'node_type': 0, 'age': 19, 'gender_code': 1, 'major_code': 6, 'academic_performance': np.float64(0.7533333333333333), 'study_habit_consistency': 0.6987951807228916}",,
113,student,S0114,朱伟,"{'node_type': 0, 'age': 21, 'gender_code': 0, 'major_code': 3, 'academic_performance': np.float64(0.7545454545454545), 'study_habit_consistency': 0.7321428571428571}",,
114,student,S0115,吴涛,"{'node_type': 0, 'age': 20, 'gender_code': 0, 'major_code': 4, 'academic_performance': np.float64(0.71375), 'study_habit_consistency': 0.7692307692307693}",,
115,student,S0116,孙超,"{'node_type': 0, 'age': 21, 'gender_code': 0, 'major_code': 7, 'academic_performance': np.float64(0.6790909090909091), 'study_habit_consistency': 0.8073394495412844}",,
116,student,S0117,罗强,"{'node_type': 0, 'age': 23, 'gender_code': 0, 'major_code': 1, 'academic_performance': np.float64(0.6785714285714286), 'study_habit_consistency': 0.6993006993006993}",,
117,student,S0118,王秀英,"{'node_type': 0, 'age': 24, 'gender_code': 0, 'major_code': 0, 'academic_performance': np.float64(0.6746666666666666), 'study_habit_consistency': 0.632258064516129}",,
118,student,S0119,孙敏,"{'node_type': 0, 'age': 25, 'gender_code': 0, 'major_code': 6, 'academic_performance': np.float64(0.7711111111111112), 'study_habit_consistency': 0.6206896551724138}",,
119,student,S0120,马秀英,"{'node_type': 0, 'age': 20, 'gender_code': 1, 'major_code': 2, 'academic_performance': np.float64(0.7088888888888889), 'study_habit_consistency': 0.7325581395348837}",,
120,student,S0121,黄超,"{'node_type': 0, 'age': 18, 'gender_code': 1, 'major_code': 0, 'academic_performance': np.float64(0.6844444444444444), 'study_habit_consistency': 0.6477272727272727}",,
121,student,S0122,林伟,"{'node_type': 0, 'age': 24, 'gender_code': 0, 'major_code': 2, 'academic_performance': np.float64(0.6081818181818182), 'study_habit_consistency': 0.7321428571428571}",,
122,student,S0123,郭磊,"{'node_type': 0, 'age': 25, 'gender_code': 1, 'major_code': 7, 'academic_performance': np.float64(0.7223076923076923), 'study_habit_consistency': 0.7244094488188977}",,
123,student,S0124,吴涛,"{'node_type': 0, 'age': 25, 'gender_code': 1, 'major_code': 7, 'academic_performance': np.float64(0.7145454545454545), 'study_habit_consistency': 0.7477477477477478}",,
124,student,S0125,林强,"{'node_type': 0, 'age': 21, 'gender_code': 0, 'major_code': 1, 'academic_performance': np.float64(0.7092307692307692), 'study_habit_consistency': 0.7357142857142858}",,
125,student,S0126,朱艳,"{'node_type': 0, 'age': 20, 'gender_code': 1, 'major_code': 6, 'academic_performance': np.float64(0.7255555555555556), 'study_habit_consistency': 0.7096774193548387}",,
126,student,S0127,孙静,"{'node_type': 0, 'age': 22, 'gender_code': 1, 'major_code': 0, 'academic_performance': np.float64(0.6421428571428571), 'study_habit_consistency': 0.6944444444444444}",,
127,student,S0128,罗艳,"{'node_type': 0, 'age': 19, 'gender_code': 0, 'major_code': 6, 'academic_performance': np.float64(0.6858333333333333), 'study_habit_consistency': 0.7586206896551724}",,
128,student,S0129,郭杰,"{'node_type': 0, 'age': 21, 'gender_code': 0, 'major_code': 2, 'academic_performance': np.float64(0.7492307692307691), 'study_habit_consistency': 0.7878787878787878}",,
129,student,S0130,胡涛,"{'node_type': 0, 'age': 23, 'gender_code': 1, 'major_code': 0, 'academic_performance': np.float64(0.7066666666666667), 'study_habit_consistency': 0.6931818181818182}",,
130,student,S0131,林秀英,"{'node_type': 0, 'age': 21, 'gender_code': 1, 'major_code': 3, 'academic_performance': np.float64(0.7444444444444445), 'study_habit_consistency': 0.6162790697674418}",,
131,student,S0132,马伟,"{'node_type': 0, 'age': 18, 'gender_code': 1, 'major_code': 4, 'academic_performance': np.float64(0.7007692307692308), 'study_habit_consistency': 0.7024793388429752}",,
132,student,S0133,杨丽,"{'node_type': 0, 'age': 18, 'gender_code': 0, 'major_code': 5, 'academic_performance': np.float64(0.7242857142857143), 'study_habit_consistency': 0.6811594202898551}",,
133,student,S0134,马涛,"{'node_type': 0, 'age': 23, 'gender_code': 0, 'major_code': 6, 'academic_performance': np.float64(0.693), 'study_habit_consistency': 0.6862745098039216}",,
134,student,S0135,胡平,"{'node_type': 0, 'age': 20, 'gender_code': 0, 'major_code': 3, 'academic_performance': np.float64(0.72625), 'study_habit_consistency': 0.6527777777777778}",,
135,student,S0136,徐秀英,"{'node_type': 0, 'age': 24, 'gender_code': 1, 'major_code': 6, 'academic_performance': np.float64(0.7314285714285714), 'study_habit_consistency': 0.6737588652482269}",,
136,student,S0137,朱强,"{'node_type': 0, 'age': 23, 'gender_code': 0, 'major_code': 2, 'academic_performance': np.float64(0.672), 'study_habit_consistency': 0.7483870967741936}",,
137,student,S0138,朱磊,"{'node_type': 0, 'age': 21, 'gender_code': 1, 'major_code': 6, 'academic_performance': np.float64(0.7075), 'study_habit_consistency': 0.717948717948718}",,
138,student,S0139,张洋,"{'node_type': 0, 'age': 22, 'gender_code': 1, 'major_code': 2, 'academic_performance': np.float64(0.7046666666666667), 'study_habit_consistency': 0.689873417721519}",,
139,student,S0140,马超,"{'node_type': 0, 'age': 18, 'gender_code': 0, 'major_code': 7, 'academic_performance': np.float64(0.674), 'study_habit_consistency': 0.6774193548387096}",,
140,student,S0141,高伟,"{'node_type': 0, 'age': 22, 'gender_code': 0, 'major_code': 2, 'academic_performance': np.float64(0.7188888888888889), 'study_habit_consistency': 0.7526881720430108}",,
141,student,S0142,罗静,"{'node_type': 0, 'age': 23, 'gender_code': 0, 'major_code': 3, 'academic_performance': np.float64(0.7554545454545455), 'study_habit_consistency': 0.7522123893805309}",,
142,student,S0143,杨超,"{'node_type': 0, 'age': 18, 'gender_code': 0, 'major_code': 0, 'academic_performance': np.float64(0.6863636363636364), 'study_habit_consistency': 0.6605504587155964}",,
143,student,S0144,马芳,"{'node_type': 0, 'age': 23, 'gender_code': 1, 'major_code': 4, 'academic_performance': np.float64(0.6454545454545455), 'study_habit_consistency': 0.7129629629629629}",,
144,student,S0145,刘敏,"{'node_type': 0, 'age': 21, 'gender_code': 0, 'major_code': 7, 'academic_performance': np.float64(0.6733333333333333), 'study_habit_consistency': 0.7157894736842105}",,
145,student,S0146,罗静,"{'node_type': 0, 'age': 21, 'gender_code': 1, 'major_code': 3, 'academic_performance': np.float64(0.7271428571428571), 'study_habit_consistency': 0.7142857142857143}",,
146,student,S0147,周勇,"{'node_type': 0, 'age': 21, 'gender_code': 0, 'major_code': 3, 'academic_performance': np.float64(0.715), 'study_habit_consistency': 0.6788321167883211}",,
147,student,S0148,高超,"{'node_type': 0, 'age': 25, 'gender_code': 0, 'major_code': 0, 'academic_performance': np.float64(0.7363636363636364), 'study_habit_consistency': 0.7647058823529411}",,
148,student,S0149,何娟,"{'node_type': 0, 'age': 18, 'gender_code': 0, 'major_code': 3, 'academic_performance': np.float64(0.6866666666666668), 'study_habit_consistency': 0.6956521739130435}",,
149,student,S0150,朱敏,"{'node_type': 0, 'age': 18, 'gender_code': 1, 'major_code': 5, 'academic_performance': np.float64(0.6759999999999999), 'study_habit_consistency': 0.7290322580645161}",,
150,student,S0151,李涛,"{'node_type': 0, 'age': 22, 'gender_code': 0, 'major_code': 3, 'academic_performance': np.float64(0.7), 'study_habit_consistency': 0.6456692913385826}",,
151,student,S0152,周伟,"{'node_type': 0, 'age': 19, 'gender_code': 1, 'major_code': 4, 'academic_performance': np.float64(0.742), 'study_habit_consistency': 0.7414965986394558}",,
152,student,S0153,马强,"{'node_type': 0, 'age': 20, 'gender_code': 1, 'major_code': 2, 'academic_performance': np.float64(0.7007692307692308), 'study_habit_consistency': 0.75}",,
153,student,S0154,赵磊,"{'node_type': 0, 'age': 25, 'gender_code': 0, 'major_code': 6, 'academic_performance': np.float64(0.7092307692307692), 'study_habit_consistency': 0.7730496453900709}",,
154,student,S0155,吴强,"{'node_type': 0, 'age': 24, 'gender_code': 0, 'major_code': 6, 'academic_performance': np.float64(0.7108333333333333), 'study_habit_consistency': 0.680672268907563}",,
155,student,S0156,王涛,"{'node_type': 0, 'age': 18, 'gender_code': 1, 'major_code': 5, 'academic_performance': np.float64(0.6688888888888889), 'study_habit_consistency': 0.6555555555555556}",,
156,student,S0157,高杰,"{'node_type': 0, 'age': 23, 'gender_code': 1, 'major_code': 0, 'academic_performance': np.float64(0.6790909090909091), 'study_habit_consistency': 0.7142857142857143}",,
157,student,S0158,赵超,"{'node_type': 0, 'age': 19, 'gender_code': 1, 'major_code': 6, 'academic_performance': np.float64(0.69), 'study_habit_consistency': 0.6518518518518519}",,
158,student,S0159,陈强,"{'node_type': 0, 'age': 19, 'gender_code': 1, 'major_code': 7, 'academic_performance': np.float64(0.78), 'study_habit_consistency': 0.65}",,
159,student,S0160,马娟,"{'node_type': 0, 'age': 22, 'gender_code': 0, 'major_code': 0, 'academic_performance': np.float64(0.6920000000000001), 'study_habit_consistency': 0.6903225806451613}",,
160,student,S0161,徐强,"{'node_type': 0, 'age': 21, 'gender_code': 1, 'major_code': 1, 'academic_performance': np.float64(0.7166666666666667), 'study_habit_consistency': 0.6888888888888889}",,
161,student,S0162,周勇,"{'node_type': 0, 'age': 22, 'gender_code': 0, 'major_code': 4, 'academic_performance': np.float64(0.6606666666666666), 'study_habit_consistency': 0.7307692307692307}",,
162,student,S0163,罗秀英,"{'node_type': 0, 'age': 25, 'gender_code': 0, 'major_code': 3, 'academic_performance': np.float64(0.6908333333333333), 'study_habit_consistency': 0.7153846153846154}",,
163,student,S0164,王明,"{'node_type': 0, 'age': 18, 'gender_code': 1, 'major_code': 5, 'academic_performance': np.float64(0.6581818181818181), 'study_habit_consistency': 0.7211538461538461}",,
164,student,S0165,郭平,"{'node_type': 0, 'age': 20, 'gender_code': 1, 'major_code': 7, 'academic_performance': np.float64(0.7355555555555555), 'study_habit_consistency': 0.7790697674418605}",,
165,student,S0166,黄洋,"{'node_type': 0, 'age': 25, 'gender_code': 1, 'major_code': 2, 'academic_performance': np.float64(0.7545454545454545), 'study_habit_consistency': 0.7217391304347827}",,
166,student,S0167,徐强,"{'node_type': 0, 'age': 21, 'gender_code': 0, 'major_code': 0, 'academic_performance': np.float64(0.7322222222222223), 'study_habit_consistency': 0.6477272727272727}",,
167,student,S0168,赵芳,"{'node_type': 0, 'age': 24, 'gender_code': 0, 'major_code': 0, 'academic_performance': np.float64(0.7214285714285714), 'study_habit_consistency': 0.7619047619047619}",,
168,student,S0169,郭娜,"{'node_type': 0, 'age': 20, 'gender_code': 0, 'major_code': 3, 'academic_performance': np.float64(0.644), 'study_habit_consistency': 0.7248322147651006}",,
169,student,S0170,孙磊,"{'node_type': 0, 'age': 20, 'gender_code': 1, 'major_code': 5, 'academic_performance': np.float64(0.7330769230769231), 'study_habit_consistency': 0.7142857142857143}",,
170,student,S0171,孙霞,"{'node_type': 0, 'age': 24, 'gender_code': 0, 'major_code': 1, 'academic_performance': np.float64(0.6325), 'study_habit_consistency': 0.6385542168674698}",,
171,student,S0172,李静,"{'node_type': 0, 'age': 18, 'gender_code': 0, 'major_code': 0, 'academic_performance': np.float64(0.7866666666666667), 'study_habit_consistency': 0.7441860465116279}",,
172,student,S0173,徐艳,"{'node_type': 0, 'age': 22, 'gender_code': 0, 'major_code': 2, 'academic_performance': np.float64(0.652), 'study_habit_consistency': 0.6732673267326733}",,
173,student,S0174,孙伟,"{'node_type': 0, 'age': 25, 'gender_code': 1, 'major_code': 3, 'academic_performance': np.float64(0.7015384615384616), 'study_habit_consistency': 0.7086614173228346}",,
174,student,S0175,周伟,"{'node_type': 0, 'age': 23, 'gender_code': 0, 'major_code': 6, 'academic_performance': np.float64(0.6544444444444444), 'study_habit_consistency': 0.6777777777777778}",,
175,student,S0176,赵娟,"{'node_type': 0, 'age': 23, 'gender_code': 0, 'major_code': 4, 'academic_performance': np.float64(0.732), 'study_habit_consistency': 0.7133757961783439}",,
176,student,S0177,陈磊,"{'node_type': 0, 'age': 18, 'gender_code': 1, 'major_code': 0, 'academic_performance': np.float64(0.7344444444444445), 'study_habit_consistency': 0.6923076923076923}",,
177,student,S0178,郭芳,"{'node_type': 0, 'age': 19, 'gender_code': 1, 'major_code': 7, 'academic_performance': np.float64(0.7266666666666667), 'study_habit_consistency': 0.7362637362637363}",,
178,student,S0179,王明,"{'node_type': 0, 'age': 24, 'gender_code': 0, 'major_code': 3, 'academic_performance': np.float64(0.6886666666666666), 'study_habit_consistency': 0.6643835616438356}",,
179,student,S0180,陈伟,"{'node_type': 0, 'age': 21, 'gender_code': 1, 'major_code': 0, 'academic_performance': np.float64(0.6814285714285714), 'study_habit_consistency': 0.7682119205298014}",,
180,student,S0181,马娜,"{'node_type': 0, 'age': 21, 'gender_code': 0, 'major_code': 1, 'academic_performance': np.float64(0.7042857142857143), 'study_habit_consistency': 0.6911764705882353}",,
181,student,S0182,何艳,"{'node_type': 0, 'age': 24, 'gender_code': 0, 'major_code': 0, 'academic_performance': np.float64(0.66875), 'study_habit_consistency': 0.6666666666666666}",,
182,student,S0183,林秀英,"{'node_type': 0, 'age': 23, 'gender_code': 0, 'major_code': 1, 'academic_performance': np.float64(0.6911111111111111), 'study_habit_consistency': 0.7741935483870968}",,
183,student,S0184,李艳,"{'node_type': 0, 'age': 18, 'gender_code': 1, 'major_code': 0, 'academic_performance': np.float64(0.6711111111111111), 'study_habit_consistency': 0.6774193548387096}",,
184,student,S0185,郭静,"{'node_type': 0, 'age': 24, 'gender_code': 0, 'major_code': 7, 'academic_performance': np.float64(0.6983333333333333), 'study_habit_consistency': 0.75}",,
185,student,S0186,杨娟,"{'node_type': 0, 'age': 23, 'gender_code': 1, 'major_code': 0, 'academic_performance': np.float64(0.6559999999999999), 'study_habit_consistency': 0.71875}",,
186,student,S0187,何丽,"{'node_type': 0, 'age': 22, 'gender_code': 0, 'major_code': 4, 'academic_performance': np.float64(0.68), 'study_habit_consistency': 0.6868686868686869}",,
187,student,S0188,赵霞,"{'node_type': 0, 'age': 20, 'gender_code': 0, 'major_code': 7, 'academic_performance': np.float64(0.7455555555555555), 'study_habit_consistency': 0.7386363636363636}",,
188,student,S0189,郭娜,"{'node_type': 0, 'age': 22, 'gender_code': 1, 'major_code': 3, 'academic_performance': np.float64(0.6940000000000001), 'study_habit_consistency': 0.7549668874172185}",,
189,student,S0190,何伟,"{'node_type': 0, 'age': 19, 'gender_code': 1, 'major_code': 3, 'academic_performance': np.float64(0.7022222222222223), 'study_habit_consistency': 0.6521739130434783}",,
190,student,S0191,高芳,"{'node_type': 0, 'age': 22, 'gender_code': 0, 'major_code': 4, 'academic_performance': np.float64(0.7011111111111111), 'study_habit_consistency': 0.7368421052631579}",,
191,student,S0192,林洋,"{'node_type': 0, 'age': 21, 'gender_code': 1, 'major_code': 0, 'academic_performance': np.float64(0.736), 'study_habit_consistency': 0.76}",,
192,student,S0193,高强,"{'node_type': 0, 'age': 18, 'gender_code': 1, 'major_code': 7, 'academic_performance': np.float64(0.679), 'study_habit_consistency': 0.6593406593406593}",,
193,student,S0194,王洋,"{'node_type': 0, 'age': 24, 'gender_code': 0, 'major_code': 6, 'academic_performance': np.float64(0.6971428571428571), 'study_habit_consistency': 0.7534246575342466}",,
194,student,S0195,徐勇,"{'node_type': 0, 'age': 23, 'gender_code': 1, 'major_code': 4, 'academic_performance': np.float64(0.7311111111111112), 'study_habit_consistency': 0.7294117647058823}",,
195,student,S0196,吴秀英,"{'node_type': 0, 'age': 24, 'gender_code': 1, 'major_code': 1, 'academic_performance': np.float64(0.6436363636363636), 'study_habit_consistency': 0.7403846153846154}",,
196,student,S0197,朱杰,"{'node_type': 0, 'age': 20, 'gender_code': 0, 'major_code': 4, 'academic_performance': np.float64(0.7392857142857143), 'study_habit_consistency': 0.6689655172413793}",,
197,student,S0198,胡艳,"{'node_type': 0, 'age': 20, 'gender_code': 0, 'major_code': 6, 'academic_performance': np.float64(0.6726666666666666), 'study_habit_consistency': 0.7171052631578947}",,
198,student,S0199,吴洋,"{'node_type': 0, 'age': 22, 'gender_code': 0, 'major_code': 5, 'academic_performance': np.float64(0.7506666666666666), 'study_habit_consistency': 0.7027027027027027}",,
199,student,S0200,朱磊,"{'node_type': 0, 'age': 20, 'gender_code': 1, 'major_code': 2, 'academic_performance': np.float64(0.7416666666666667), 'study_habit_consistency': 0.7155963302752294}",,
200,student,S0201,孙娟,"{'node_type': 0, 'age': 25, 'gender_code': 1, 'major_code': 5, 'academic_performance': np.float64(0.675), 'study_habit_consistency': 0.7132867132867133}",,
201,student,S0202,杨明,"{'node_type': 0, 'age': 22, 'gender_code': 1, 'major_code': 6, 'academic_performance': np.float64(0.65375), 'study_habit_consistency': 0.7692307692307693}",,
202,student,S0203,李娟,"{'node_type': 0, 'age': 21, 'gender_code': 1, 'major_code': 6, 'academic_performance': np.float64(0.6936363636363636), 'study_habit_consistency': 0.6880733944954128}",,
203,student,S0204,李敏,"{'node_type': 0, 'age': 20, 'gender_code': 0, 'major_code': 7, 'academic_performance': np.float64(0.7525), 'study_habit_consistency': 0.7439024390243902}",,
204,student,S0205,孙杰,"{'node_type': 0, 'age': 22, 'gender_code': 1, 'major_code': 4, 'academic_performance': np.float64(0.6925), 'study_habit_consistency': 0.6611570247933884}",,
205,student,S0206,胡丽,"{'node_type': 0, 'age': 25, 'gender_code': 1, 'major_code': 6, 'academic_performance': np.float64(0.6729999999999999), 'study_habit_consistency': 0.7115384615384616}",,
206,student,S0207,吴超,"{'node_type': 0, 'age': 23, 'gender_code': 1, 'major_code': 4, 'academic_performance': np.float64(0.6692307692307692), 'study_habit_consistency': 0.7131782945736435}",,
207,student,S0208,徐磊,"{'node_type': 0, 'age': 20, 'gender_code': 1, 'major_code': 2, 'academic_performance': np.float64(0.6557142857142857), 'study_habit_consistency': 0.7318840579710145}",,
208,student,S0209,黄涛,"{'node_type': 0, 'age': 23, 'gender_code': 1, 'major_code': 4, 'academic_performance': np.float64(0.7344444444444445), 'study_habit_consistency': 0.7415730337078652}",,
209,student,S0210,刘静,"{'node_type': 0, 'age': 19, 'gender_code': 1, 'major_code': 1, 'academic_performance': np.float64(0.596), 'study_habit_consistency': 0.7181818181818181}",,
210,student,S0211,罗敏,"{'node_type': 0, 'age': 24, 'gender_code': 1, 'major_code': 5, 'academic_performance': np.float64(0.770909090909091), 'study_habit_consistency': 0.7090909090909091}",,
211,student,S0212,高敏,"{'node_type': 0, 'age': 24, 'gender_code': 0, 'major_code': 7, 'academic_performance': np.float64(0.7215384615384616), 'study_habit_consistency': 0.71875}",,
212,student,S0213,吴明,"{'node_type': 0, 'age': 23, 'gender_code': 0, 'major_code': 7, 'academic_performance': np.float64(0.67625), 'study_habit_consistency': 0.691358024691358}",,
213,student,S0214,罗霞,"{'node_type': 0, 'age': 19, 'gender_code': 1, 'major_code': 6, 'academic_performance': np.float64(0.5925), 'study_habit_consistency': 0.6527777777777778}",,
214,student,S0215,杨丽,"{'node_type': 0, 'age': 22, 'gender_code': 0, 'major_code': 1, 'academic_performance': np.float64(0.6475), 'study_habit_consistency': 0.7107438016528925}",,
215,student,S0216,刘芳,"{'node_type': 0, 'age': 20, 'gender_code': 0, 'major_code': 5, 'academic_performance': np.float64(0.78875), 'study_habit_consistency': 0.8354430379746836}",,
216,student,S0217,朱勇,"{'node_type': 0, 'age': 18, 'gender_code': 0, 'major_code': 1, 'academic_performance': np.float64(0.71), 'study_habit_consistency': 0.8072289156626506}",,
217,student,S0218,赵秀英,"{'node_type': 0, 'age': 24, 'gender_code': 1, 'major_code': 6, 'academic_performance': np.float64(0.7833333333333333), 'study_habit_consistency': 0.7802197802197802}",,
218,student,S0219,马秀英,"{'node_type': 0, 'age': 18, 'gender_code': 0, 'major_code': 2, 'academic_performance': np.float64(0.7207142857142856), 'study_habit_consistency': 0.7092198581560284}",,
219,student,S0220,李娜,"{'node_type': 0, 'age': 20, 'gender_code': 0, 'major_code': 1, 'academic_performance': np.float64(0.675), 'study_habit_consistency': 0.7}",,
220,student,S0221,高娟,"{'node_type': 0, 'age': 25, 'gender_code': 0, 'major_code': 5, 'academic_performance': np.float64(0.757), 'study_habit_consistency': 0.6666666666666666}",,
221,student,S0222,郭静,"{'node_type': 0, 'age': 18, 'gender_code': 1, 'major_code': 4, 'academic_performance': np.float64(0.6858333333333333), 'study_habit_consistency': 0.7350427350427351}",,
222,student,S0223,刘霞,"{'node_type': 0, 'age': 18, 'gender_code': 0, 'major_code': 2, 'academic_performance': np.float64(0.7373333333333334), 'study_habit_consistency': 0.6666666666666666}",,
223,student,S0224,郭静,"{'node_type': 0, 'age': 20, 'gender_code': 0, 'major_code': 3, 'academic_performance': np.float64(0.7), 'study_habit_consistency': 0.6758620689655173}",,
224,student,S0225,林杰,"{'node_type': 0, 'age': 24, 'gender_code': 1, 'major_code': 3, 'academic_performance': np.float64(0.728), 'study_habit_consistency': 0.6831683168316832}",,
225,student,S0226,赵敏,"{'node_type': 0, 'age': 20, 'gender_code': 0, 'major_code': 2, 'academic_performance': np.float64(0.763), 'study_habit_consistency': 0.696078431372549}",,
226,student,S0227,何敏,"{'node_type': 0, 'age': 23, 'gender_code': 1, 'major_code': 7, 'academic_performance': np.float64(0.6633333333333333), 'study_habit_consistency': 0.7361111111111112}",,
227,student,S0228,何静,"{'node_type': 0, 'age': 19, 'gender_code': 0, 'major_code': 1, 'academic_performance': np.float64(0.698), 'study_habit_consistency': 0.732484076433121}",,
228,student,S0229,杨军,"{'node_type': 0, 'age': 21, 'gender_code': 0, 'major_code': 7, 'academic_performance': np.float64(0.6725), 'study_habit_consistency': 0.6463414634146342}",,
229,student,S0230,李强,"{'node_type': 0, 'age': 18, 'gender_code': 0, 'major_code': 4, 'academic_performance': np.float64(0.7340000000000001), 'study_habit_consistency': 0.673469387755102}",,
230,student,S0231,孙磊,"{'node_type': 0, 'age': 23, 'gender_code': 1, 'major_code': 2, 'academic_performance': np.float64(0.6691666666666667), 'study_habit_consistency': 0.6456692913385826}",,
231,student,S0232,林娟,"{'node_type': 0, 'age': 19, 'gender_code': 0, 'major_code': 5, 'academic_performance': np.float64(0.74625), 'study_habit_consistency': 0.6962025316455697}",,
232,student,S0233,黄超,"{'node_type': 0, 'age': 20, 'gender_code': 1, 'major_code': 0, 'academic_performance': np.float64(0.7033333333333333), 'study_habit_consistency': 0.5851063829787234}",,
233,student,S0234,郭磊,"{'node_type': 0, 'age': 23, 'gender_code': 0, 'major_code': 7, 'academic_performance': np.float64(0.76625), 'study_habit_consistency': 0.6875}",,
234,student,S0235,陈霞,"{'node_type': 0, 'age': 24, 'gender_code': 0, 'major_code': 4, 'academic_performance': np.float64(0.6940000000000001), 'study_habit_consistency': 0.7254901960784313}",,
235,student,S0236,刘超,"{'node_type': 0, 'age': 24, 'gender_code': 1, 'major_code': 1, 'academic_performance': np.float64(0.7157142857142857), 'study_habit_consistency': 0.6985294117647058}",,
236,student,S0237,何明,"{'node_type': 0, 'age': 18, 'gender_code': 0, 'major_code': 6, 'academic_performance': np.float64(0.6976923076923077), 'study_habit_consistency': 0.6614173228346457}",,
237,student,S0238,林敏,"{'node_type': 0, 'age': 23, 'gender_code': 1, 'major_code': 5, 'academic_performance': np.float64(0.7), 'study_habit_consistency': 0.7716535433070866}",,
238,student,S0239,杨静,"{'node_type': 0, 'age': 25, 'gender_code': 0, 'major_code': 6, 'academic_performance': np.float64(0.7688888888888888), 'study_habit_consistency': 0.7204301075268817}",,
239,student,S0240,马勇,"{'node_type': 0, 'age': 20, 'gender_code': 0, 'major_code': 2, 'academic_performance': np.float64(0.745), 'study_habit_consistency': 0.6875}",,
240,student,S0241,林强,"{'node_type': 0, 'age': 24, 'gender_code': 0, 'major_code': 3, 'academic_performance': np.float64(0.636), 'study_habit_consistency': 0.6756756756756757}",,
241,student,S0242,黄涛,"{'node_type': 0, 'age': 20, 'gender_code': 0, 'major_code': 4, 'academic_performance': np.float64(0.6327272727272727), 'study_habit_consistency': 0.7130434782608696}",,
242,student,S0243,王娜,"{'node_type': 0, 'age': 25, 'gender_code': 0, 'major_code': 2, 'academic_performance': np.float64(0.7333333333333333), 'study_habit_consistency': 0.6810344827586207}",,
243,student,S0244,陈丽,"{'node_type': 0, 'age': 25, 'gender_code': 0, 'major_code': 3, 'academic_performance': np.float64(0.6993333333333334), 'study_habit_consistency': 0.7284768211920529}",,
244,student,S0245,朱芳,"{'node_type': 0, 'age': 24, 'gender_code': 0, 'major_code': 0, 'academic_performance': np.float64(0.6506666666666666), 'study_habit_consistency': 0.7027027027027027}",,
245,student,S0246,马强,"{'node_type': 0, 'age': 18, 'gender_code': 0, 'major_code': 2, 'academic_performance': np.float64(0.718), 'study_habit_consistency': 0.6836734693877551}",,
246,student,S0247,罗伟,"{'node_type': 0, 'age': 21, 'gender_code': 1, 'major_code': 2, 'academic_performance': np.float64(0.7438461538461538), 'study_habit_consistency': 0.7132352941176471}",,
247,student,S0248,吴军,"{'node_type': 0, 'age': 23, 'gender_code': 0, 'major_code': 1, 'academic_performance': np.float64(0.69), 'study_habit_consistency': 0.7468354430379747}",,
248,student,S0249,王丽,"{'node_type': 0, 'age': 20, 'gender_code': 0, 'major_code': 3, 'academic_performance': np.float64(0.624), 'study_habit_consistency': 0.673469387755102}",,
249,student,S0250,吴丽,"{'node_type': 0, 'age': 19, 'gender_code': 0, 'major_code': 4, 'academic_performance': np.float64(0.7518181818181818), 'study_habit_consistency': 0.6846846846846847}",,
250,student,S0251,杨强,"{'node_type': 0, 'age': 23, 'gender_code': 0, 'major_code': 6, 'academic_performance': np.float64(0.67), 'study_habit_consistency': 0.6904761904761905}",,
251,student,S0252,吴秀英,"{'node_type': 0, 'age': 19, 'gender_code': 1, 'major_code': 5, 'academic_performance': np.float64(0.7277777777777777), 'study_habit_consistency': 0.6344086021505376}",,
252,student,S0253,吴平,"{'node_type': 0, 'age': 24, 'gender_code': 0, 'major_code': 4, 'academic_performance': np.float64(0.6975), 'study_habit_consistency': 0.759493670886076}",,
253,student,S0254,马娟,"{'node_type': 0, 'age': 20, 'gender_code': 0, 'major_code': 2, 'academic_performance': np.float64(0.70125), 'study_habit_consistency': 0.6172839506172839}",,
254,student,S0255,黄艳,"{'node_type': 0, 'age': 20, 'gender_code': 0, 'major_code': 6, 'academic_performance': np.float64(0.7763636363636364), 'study_habit_consistency': 0.7}",,
255,student,S0256,黄磊,"{'node_type': 0, 'age': 24, 'gender_code': 1, 'major_code': 0, 'academic_performance': np.float64(0.6881818181818181), 'study_habit_consistency': 0.7818181818181819}",,
256,student,S0257,赵超,"{'node_type': 0, 'age': 20, 'gender_code': 0, 'major_code': 5, 'academic_performance': np.float64(0.755), 'study_habit_consistency': 0.654320987654321}",,
257,student,S0258,王霞,"{'node_type': 0, 'age': 24, 'gender_code': 0, 'major_code': 7, 'academic_performance': np.float64(0.6907692307692308), 'study_habit_consistency': 0.75}",,
258,student,S0259,李秀英,"{'node_type': 0, 'age': 22, 'gender_code': 0, 'major_code': 3, 'academic_performance': np.float64(0.6985714285714286), 'study_habit_consistency': 0.6783216783216783}",,
259,student,S0260,胡军,"{'node_type': 0, 'age': 22, 'gender_code': 1, 'major_code': 6, 'academic_performance': np.float64(0.6886666666666666), 'study_habit_consistency': 0.5822784810126582}",,
260,student,S0261,胡勇,"{'node_type': 0, 'age': 22, 'gender_code': 0, 'major_code': 6, 'academic_performance': np.float64(0.73), 'study_habit_consistency': 0.696}",,
261,student,S0262,张磊,"{'node_type': 0, 'age': 20, 'gender_code': 0, 'major_code': 1, 'academic_performance': np.float64(0.69875), 'study_habit_consistency': 0.7272727272727273}",,
262,student,S0263,陈娟,"{'node_type': 0, 'age': 24, 'gender_code': 0, 'major_code': 4, 'academic_performance': np.float64(0.66), 'study_habit_consistency': 0.7128712871287128}",,
263,student,S0264,周伟,"{'node_type': 0, 'age': 22, 'gender_code': 0, 'major_code': 4, 'academic_performance': np.float64(0.6338461538461538), 'study_habit_consistency': 0.6976744186046512}",,
264,student,S0265,郭秀英,"{'node_type': 0, 'age': 19, 'gender_code': 0, 'major_code': 7, 'academic_performance': np.float64(0.6377777777777778), 'study_habit_consistency': 0.7472527472527473}",,
265,student,S0266,黄敏,"{'node_type': 0, 'age': 22, 'gender_code': 0, 'major_code': 3, 'academic_performance': np.float64(0.669), 'study_habit_consistency': 0.8085106382978723}",,
266,student,S0267,王芳,"{'node_type': 0, 'age': 24, 'gender_code': 1, 'major_code': 6, 'academic_performance': np.float64(0.6933333333333332), 'study_habit_consistency': 0.6666666666666666}",,
267,student,S0268,林丽,"{'node_type': 0, 'age': 25, 'gender_code': 1, 'major_code': 1, 'academic_performance': np.float64(0.7183333333333333), 'study_habit_consistency': 0.7235772357723578}",,
268,student,S0269,李霞,"{'node_type': 0, 'age': 19, 'gender_code': 0, 'major_code': 1, 'academic_performance': np.float64(0.71), 'study_habit_consistency': 0.6666666666666666}",,
269,student,S0270,赵明,"{'node_type': 0, 'age': 23, 'gender_code': 0, 'major_code': 1, 'academic_performance': np.float64(0.6678571428571429), 'study_habit_consistency': 0.6791044776119403}",,
270,student,S0271,朱艳,"{'node_type': 0, 'age': 18, 'gender_code': 1, 'major_code': 0, 'academic_performance': np.float64(0.722), 'study_habit_consistency': 0.7446808510638298}",,
271,student,S0272,黄洋,"{'node_type': 0, 'age': 18, 'gender_code': 0, 'major_code': 5, 'academic_performance': np.float64(0.6991666666666667), 'study_habit_consistency': 0.7107438016528925}",,
272,student,S0273,张秀英,"{'node_type': 0, 'age': 20, 'gender_code': 1, 'major_code': 6, 'academic_performance': np.float64(0.67875), 'study_habit_consistency': 0.6705882352941176}",,
273,student,S0274,孙娜,"{'node_type': 0, 'age': 23, 'gender_code': 1, 'major_code': 1, 'academic_performance': np.float64(0.6753333333333333), 'study_habit_consistency': 0.7346938775510204}",,
274,student,S0275,罗艳,"{'node_type': 0, 'age': 21, 'gender_code': 1, 'major_code': 3, 'academic_performance': np.float64(0.68125), 'study_habit_consistency': 0.6823529411764706}",,
275,student,S0276,王娟,"{'node_type': 0, 'age': 19, 'gender_code': 1, 'major_code': 2, 'academic_performance': np.float64(0.6559999999999999), 'study_habit_consistency': 0.6938775510204082}",,
276,student,S0277,刘伟,"{'node_type': 0, 'age': 25, 'gender_code': 1, 'major_code': 5, 'academic_performance': np.float64(0.7054545454545454), 'study_habit_consistency': 0.7363636363636363}",,
277,student,S0278,李芳,"{'node_type': 0, 'age': 23, 'gender_code': 0, 'major_code': 4, 'academic_performance': np.float64(0.7045454545454546), 'study_habit_consistency': 0.7787610619469026}",,
278,student,S0279,张伟,"{'node_type': 0, 'age': 24, 'gender_code': 0, 'major_code': 7, 'academic_performance': np.float64(0.695), 'study_habit_consistency': 0.728}",,
279,student,S0280,王洋,"{'node_type': 0, 'age': 23, 'gender_code': 1, 'major_code': 6, 'academic_performance': np.float64(0.6633333333333333), 'study_habit_consistency': 0.7542372881355932}",,
280,student,S0281,孙平,"{'node_type': 0, 'age': 18, 'gender_code': 0, 'major_code': 2, 'academic_performance': np.float64(0.7311111111111112), 'study_habit_consistency': 0.6904761904761905}",,
281,student,S0282,张勇,"{'node_type': 0, 'age': 25, 'gender_code': 0, 'major_code': 2, 'academic_performance': np.float64(0.6809090909090909), 'study_habit_consistency': 0.7431192660550459}",,
282,student,S0283,徐洋,"{'node_type': 0, 'age': 18, 'gender_code': 0, 'major_code': 6, 'academic_performance': np.float64(0.6911111111111111), 'study_habit_consistency': 0.7553191489361702}",,
283,student,S0284,王娟,"{'node_type': 0, 'age': 22, 'gender_code': 0, 'major_code': 7, 'academic_performance': np.float64(0.6866666666666668), 'study_habit_consistency': 0.6829268292682927}",,
284,student,S0285,赵伟,"{'node_type': 0, 'age': 18, 'gender_code': 0, 'major_code': 5, 'academic_performance': np.float64(0.6985714285714286), 'study_habit_consistency': 0.7746478873239436}",,
285,student,S0286,胡敏,"{'node_type': 0, 'age': 21, 'gender_code': 0, 'major_code': 2, 'academic_performance': np.float64(0.7326666666666667), 'study_habit_consistency': 0.7397260273972602}",,
286,student,S0287,周平,"{'node_type': 0, 'age': 23, 'gender_code': 0, 'major_code': 0, 'academic_performance': np.float64(0.7), 'study_habit_consistency': 0.7254901960784313}",,
287,student,S0288,黄静,"{'node_type': 0, 'age': 18, 'gender_code': 1, 'major_code': 1, 'academic_performance': np.float64(0.7275), 'study_habit_consistency': 0.680327868852459}",,
288,student,S0289,罗艳,"{'node_type': 0, 'age': 24, 'gender_code': 1, 'major_code': 6, 'academic_performance': np.float64(0.7426666666666667), 'study_habit_consistency': 0.695364238410596}",,
289,student,S0290,刘明,"{'node_type': 0, 'age': 23, 'gender_code': 0, 'major_code': 4, 'academic_performance': np.float64(0.6586666666666666), 'study_habit_consistency': 0.6346153846153846}",,
290,student,S0291,李伟,"{'node_type': 0, 'age': 19, 'gender_code': 1, 'major_code': 5, 'academic_performance': np.float64(0.7254545454545455), 'study_habit_consistency': 0.6923076923076923}",,
291,student,S0292,黄丽,"{'node_type': 0, 'age': 20, 'gender_code': 0, 'major_code': 7, 'academic_performance': np.float64(0.7477777777777778), 'study_habit_consistency': 0.6382978723404256}",,
292,student,S0293,陈娟,"{'node_type': 0, 'age': 21, 'gender_code': 0, 'major_code': 0, 'academic_performance': np.float64(0.7507692307692309), 'study_habit_consistency': 0.725}",,
293,student,S0294,徐磊,"{'node_type': 0, 'age': 24, 'gender_code': 0, 'major_code': 6, 'academic_performance': np.float64(0.7292857142857143), 'study_habit_consistency': 0.7132867132867133}",,
294,student,S0295,高磊,"{'node_type': 0, 'age': 21, 'gender_code': 0, 'major_code': 6, 'academic_performance': np.float64(0.6946153846153846), 'study_habit_consistency': 0.71875}",,
295,student,S0296,李敏,"{'node_type': 0, 'age': 20, 'gender_code': 1, 'major_code': 4, 'academic_performance': np.float64(0.6592857142857143), 'study_habit_consistency': 0.7021276595744681}",,
296,student,S0297,马强,"{'node_type': 0, 'age': 25, 'gender_code': 0, 'major_code': 2, 'academic_performance': np.float64(0.72), 'study_habit_consistency': 0.7016129032258065}",,
297,student,S0298,赵平,"{'node_type': 0, 'age': 22, 'gender_code': 1, 'major_code': 4, 'academic_performance': np.float64(0.6330769230769231), 'study_habit_consistency': 0.6771653543307087}",,
298,student,S0299,高伟,"{'node_type': 0, 'age': 20, 'gender_code': 1, 'major_code': 4, 'academic_performance': np.float64(0.7107142857142857), 'study_habit_consistency': 0.6737588652482269}",,
299,student,S0300,朱超,"{'node_type': 0, 'age': 24, 'gender_code': 1, 'major_code': 5, 'academic_performance': np.float64(0.7225), 'study_habit_consistency': 0.6896551724137931}",,
300,student,S0301,周涛,"{'node_type': 0, 'age': 19, 'gender_code': 0, 'major_code': 0, 'academic_performance': np.float64(0.7272727272727273), 'study_habit_consistency': 0.7155172413793104}",,
301,student,S0302,陈伟,"{'node_type': 0, 'age': 24, 'gender_code': 1, 'major_code': 3, 'academic_performance': np.float64(0.6911111111111111), 'study_habit_consistency': 0.7272727272727273}",,
302,student,S0303,张丽,"{'node_type': 0, 'age': 23, 'gender_code': 1, 'major_code': 1, 'academic_performance': np.float64(0.6755555555555556), 'study_habit_consistency': 0.625}",,
303,student,S0304,张明,"{'node_type': 0, 'age': 24, 'gender_code': 1, 'major_code': 0, 'academic_performance': np.float64(0.68), 'study_habit_consistency': 0.7524752475247525}",,
304,student,S0305,杨伟,"{'node_type': 0, 'age': 22, 'gender_code': 0, 'major_code': 1, 'academic_performance': np.float64(0.644), 'study_habit_consistency': 0.6956521739130435}",,
305,student,S0306,张霞,"{'node_type': 0, 'age': 21, 'gender_code': 1, 'major_code': 0, 'academic_performance': np.float64(0.6816666666666668), 'study_habit_consistency': 0.6974789915966386}",,
306,student,S0307,林霞,"{'node_type': 0, 'age': 24, 'gender_code': 0, 'major_code': 5, 'academic_performance': np.float64(0.6554545454545455), 'study_habit_consistency': 0.6611570247933884}",,
307,student,S0308,徐平,"{'node_type': 0, 'age': 22, 'gender_code': 1, 'major_code': 2, 'academic_performance': np.float64(0.745), 'study_habit_consistency': 0.7590361445783133}",,
308,student,S0309,林平,"{'node_type': 0, 'age': 19, 'gender_code': 0, 'major_code': 3, 'academic_performance': np.float64(0.7490000000000001), 'study_habit_consistency': 0.7037037037037037}",,
309,student,S0310,陈静,"{'node_type': 0, 'age': 18, 'gender_code': 1, 'major_code': 3, 'academic_performance': np.float64(0.76375), 'study_habit_consistency': 0.7738095238095238}",,
310,student,S0311,王丽,"{'node_type': 0, 'age': 25, 'gender_code': 0, 'major_code': 6, 'academic_performance': np.float64(0.72), 'study_habit_consistency': 0.6986301369863014}",,
311,student,S0312,刘芳,"{'node_type': 0, 'age': 25, 'gender_code': 1, 'major_code': 7, 'academic_performance': np.float64(0.6833333333333332), 'study_habit_consistency': 0.6967213114754098}",,
312,student,S0313,马勇,"{'node_type': 0, 'age': 25, 'gender_code': 0, 'major_code': 4, 'academic_performance': np.float64(0.7522222222222222), 'study_habit_consistency': 0.7241379310344828}",,
313,student,S0314,吴洋,"{'node_type': 0, 'age': 22, 'gender_code': 0, 'major_code': 4, 'academic_performance': np.float64(0.7109090909090909), 'study_habit_consistency': 0.7788461538461539}",,
314,student,S0315,周敏,"{'node_type': 0, 'age': 23, 'gender_code': 1, 'major_code': 0, 'academic_performance': np.float64(0.6736363636363636), 'study_habit_consistency': 0.75}",,
315,student,S0316,赵强,"{'node_type': 0, 'age': 23, 'gender_code': 0, 'major_code': 2, 'academic_performance': np.float64(0.6922222222222223), 'study_habit_consistency': 0.6781609195402298}",,
316,student,S0317,赵静,"{'node_type': 0, 'age': 21, 'gender_code': 1, 'major_code': 3, 'academic_performance': np.float64(0.6757142857142857), 'study_habit_consistency': 0.6597222222222222}",,
317,student,S0318,罗军,"{'node_type': 0, 'age': 19, 'gender_code': 0, 'major_code': 0, 'academic_performance': np.float64(0.688), 'study_habit_consistency': 0.6565656565656566}",,
318,student,S0319,杨丽,"{'node_type': 0, 'age': 25, 'gender_code': 0, 'major_code': 3, 'academic_performance': np.float64(0.736), 'study_habit_consistency': 0.7326732673267327}",,
319,student,S0320,黄杰,"{'node_type': 0, 'age': 24, 'gender_code': 1, 'major_code': 3, 'academic_performance': np.float64(0.7246153846153847), 'study_habit_consistency': 0.746031746031746}",,
320,student,S0321,孙明,"{'node_type': 0, 'age': 23, 'gender_code': 1, 'major_code': 2, 'academic_performance': np.float64(0.71), 'study_habit_consistency': 0.6829268292682927}",,
321,student,S0322,林芳,"{'node_type': 0, 'age': 22, 'gender_code': 1, 'major_code': 5, 'academic_performance': np.float64(0.7173333333333334), 'study_habit_consistency': 0.7189542483660131}",,
322,student,S0323,周平,"{'node_type': 0, 'age': 18, 'gender_code': 1, 'major_code': 5, 'academic_performance': np.float64(0.69125), 'study_habit_consistency': 0.6790123456790124}",,
323,student,S0324,周丽,"{'node_type': 0, 'age': 23, 'gender_code': 1, 'major_code': 4, 'academic_performance': np.float64(0.65), 'study_habit_consistency': 0.725}",,
324,student,S0325,王强,"{'node_type': 0, 'age': 23, 'gender_code': 0, 'major_code': 0, 'academic_performance': np.float64(0.7127272727272727), 'study_habit_consistency': 0.7456140350877193}",,
325,student,S0326,黄丽,"{'node_type': 0, 'age': 24, 'gender_code': 0, 'major_code': 4, 'academic_performance': np.float64(0.6920000000000001), 'study_habit_consistency': 0.6621621621621622}",,
326,student,S0327,徐霞,"{'node_type': 0, 'age': 19, 'gender_code': 0, 'major_code': 4, 'academic_performance': np.float64(0.6433333333333333), 'study_habit_consistency': 0.717948717948718}",,
327,student,S0328,郭洋,"{'node_type': 0, 'age': 20, 'gender_code': 1, 'major_code': 7, 'academic_performance': np.float64(0.7207692307692308), 'study_habit_consistency': 0.689922480620155}",,
328,student,S0329,高强,"{'node_type': 0, 'age': 19, 'gender_code': 1, 'major_code': 4, 'academic_performance': np.float64(0.64), 'study_habit_consistency': 0.7755102040816326}",,
329,student,S0330,黄敏,"{'node_type': 0, 'age': 25, 'gender_code': 1, 'major_code': 7, 'academic_performance': np.float64(0.7433333333333333), 'study_habit_consistency': 0.6722689075630253}",,
330,student,S0331,陈涛,"{'node_type': 0, 'age': 22, 'gender_code': 1, 'major_code': 2, 'academic_performance': np.float64(0.7035714285714286), 'study_habit_consistency': 0.7}",,
331,student,S0332,杨芳,"{'node_type': 0, 'age': 25, 'gender_code': 1, 'major_code': 4, 'academic_performance': np.float64(0.7166666666666667), 'study_habit_consistency': 0.7222222222222222}",,
332,student,S0333,吴丽,"{'node_type': 0, 'age': 20, 'gender_code': 1, 'major_code': 0, 'academic_performance': np.float64(0.7076923076923077), 'study_habit_consistency': 0.7480916030534351}",,
333,student,S0334,郭芳,"{'node_type': 0, 'age': 22, 'gender_code': 1, 'major_code': 2, 'academic_performance': np.float64(0.6990000000000001), 'study_habit_consistency': 0.6842105263157895}",,
334,student,S0335,林勇,"{'node_type': 0, 'age': 19, 'gender_code': 1, 'major_code': 3, 'academic_performance': np.float64(0.7328571428571429), 'study_habit_consistency': 0.6911764705882353}",,
335,student,S0336,赵超,"{'node_type': 0, 'age': 19, 'gender_code': 0, 'major_code': 5, 'academic_performance': np.float64(0.7291666666666667), 'study_habit_consistency': 0.672}",,
336,student,S0337,赵娜,"{'node_type': 0, 'age': 21, 'gender_code': 0, 'major_code': 5, 'academic_performance': np.float64(0.6971428571428571), 'study_habit_consistency': 0.6666666666666666}",,
337,student,S0338,王涛,"{'node_type': 0, 'age': 25, 'gender_code': 0, 'major_code': 1, 'academic_performance': np.float64(0.6753846153846154), 'study_habit_consistency': 0.6744186046511628}",,
338,student,S0339,徐霞,"{'node_type': 0, 'age': 25, 'gender_code': 1, 'major_code': 6, 'academic_performance': np.float64(0.72625), 'study_habit_consistency': 0.7804878048780488}",,
339,student,S0340,王平,"{'node_type': 0, 'age': 25, 'gender_code': 0, 'major_code': 4, 'academic_performance': np.float64(0.68625), 'study_habit_consistency': 0.6666666666666666}",,
340,student,S0341,杨静,"{'node_type': 0, 'age': 18, 'gender_code': 0, 'major_code': 1, 'academic_performance': np.float64(0.7077777777777777), 'study_habit_consistency': 0.7127659574468085}",,
341,student,S0342,李霞,"{'node_type': 0, 'age': 18, 'gender_code': 0, 'major_code': 0, 'academic_performance': np.float64(0.75), 'study_habit_consistency': 0.6814159292035398}",,
342,student,S0343,张伟,"{'node_type': 0, 'age': 22, 'gender_code': 0, 'major_code': 3, 'academic_performance': np.float64(0.713076923076923), 'study_habit_consistency': 0.7286821705426356}",,
343,student,S0344,何娟,"{'node_type': 0, 'age': 21, 'gender_code': 0, 'major_code': 7, 'academic_performance': np.float64(0.7342857142857143), 'study_habit_consistency': 0.6917808219178082}",,
344,student,S0345,王艳,"{'node_type': 0, 'age': 22, 'gender_code': 1, 'major_code': 2, 'academic_performance': np.float64(0.7072727272727274), 'study_habit_consistency': 0.6074766355140186}",,
345,student,S0346,罗明,"{'node_type': 0, 'age': 22, 'gender_code': 0, 'major_code': 0, 'academic_performance': np.float64(0.6845454545454546), 'study_habit_consistency': 0.7657657657657657}",,
346,student,S0347,王霞,"{'node_type': 0, 'age': 18, 'gender_code': 0, 'major_code': 1, 'academic_performance': np.float64(0.7077777777777777), 'study_habit_consistency': 0.7634408602150538}",,
347,student,S0348,张明,"{'node_type': 0, 'age': 24, 'gender_code': 0, 'major_code': 5, 'academic_performance': np.float64(0.676923076923077), 'study_habit_consistency': 0.7153846153846154}",,
348,student,S0349,王洋,"{'node_type': 0, 'age': 23, 'gender_code': 1, 'major_code': 0, 'academic_performance': np.float64(0.7058333333333333), 'study_habit_consistency': 0.6779661016949152}",,
349,student,S0350,杨丽,"{'node_type': 0, 'age': 18, 'gender_code': 0, 'major_code': 4, 'academic_performance': np.float64(0.67), 'study_habit_consistency': 0.6296296296296297}",,
350,student,S0351,高伟,"{'node_type': 0, 'age': 24, 'gender_code': 0, 'major_code': 5, 'academic_performance': np.float64(0.6733333333333333), 'study_habit_consistency': 0.726027397260274}",,
351,student,S0352,马娟,"{'node_type': 0, 'age': 25, 'gender_code': 1, 'major_code': 5, 'academic_performance': np.float64(0.698), 'study_habit_consistency': 0.7142857142857143}",,
352,student,S0353,王洋,"{'node_type': 0, 'age': 20, 'gender_code': 1, 'major_code': 1, 'academic_performance': np.float64(0.7146666666666667), 'study_habit_consistency': 0.7342657342657343}",,
353,student,S0354,陈强,"{'node_type': 0, 'age': 25, 'gender_code': 1, 'major_code': 2, 'academic_performance': np.float64(0.7172727272727273), 'study_habit_consistency': 0.6952380952380952}",,
354,student,S0355,李敏,"{'node_type': 0, 'age': 21, 'gender_code': 1, 'major_code': 7, 'academic_performance': np.float64(0.6623076923076923), 'study_habit_consistency': 0.6567164179104478}",,
355,student,S0356,何强,"{'node_type': 0, 'age': 19, 'gender_code': 1, 'major_code': 0, 'academic_performance': np.float64(0.7375), 'study_habit_consistency': 0.7142857142857143}",,
356,student,S0357,王娟,"{'node_type': 0, 'age': 22, 'gender_code': 0, 'major_code': 6, 'academic_performance': np.float64(0.67375), 'study_habit_consistency': 0.6785714285714286}",,
357,student,S0358,朱军,"{'node_type': 0, 'age': 23, 'gender_code': 0, 'major_code': 5, 'academic_performance': np.float64(0.7742857142857144), 'study_habit_consistency': 0.7338129496402878}",,
358,student,S0359,李涛,"{'node_type': 0, 'age': 23, 'gender_code': 1, 'major_code': 1, 'academic_performance': np.float64(0.7054545454545454), 'study_habit_consistency': 0.6890756302521008}",,
359,student,S0360,张霞,"{'node_type': 0, 'age': 24, 'gender_code': 1, 'major_code': 5, 'academic_performance': np.float64(0.6907142857142857), 'study_habit_consistency': 0.7338129496402878}",,
360,student,S0361,胡超,"{'node_type': 0, 'age': 19, 'gender_code': 0, 'major_code': 0, 'academic_performance': np.float64(0.69), 'study_habit_consistency': 0.696}",,
361,student,S0362,高伟,"{'node_type': 0, 'age': 19, 'gender_code': 1, 'major_code': 3, 'academic_performance': np.float64(0.7216666666666667), 'study_habit_consistency': 0.6916666666666667}",,
362,student,S0363,林军,"{'node_type': 0, 'age': 25, 'gender_code': 1, 'major_code': 1, 'academic_performance': np.float64(0.6861538461538461), 'study_habit_consistency': 0.6842105263157895}",,
363,student,S0364,罗伟,"{'node_type': 0, 'age': 24, 'gender_code': 0, 'major_code': 7, 'academic_performance': np.float64(0.682142857142857), 'study_habit_consistency': 0.7230769230769231}",,
364,student,S0365,吴艳,"{'node_type': 0, 'age': 25, 'gender_code': 0, 'major_code': 0, 'academic_performance': np.float64(0.7530769230769231), 'study_habit_consistency': 0.6940298507462687}",,
365,student,S0366,朱静,"{'node_type': 0, 'age': 24, 'gender_code': 1, 'major_code': 3, 'academic_performance': np.float64(0.61875), 'study_habit_consistency': 0.7222222222222222}",,
366,student,S0367,刘强,"{'node_type': 0, 'age': 23, 'gender_code': 0, 'major_code': 4, 'academic_performance': np.float64(0.72125), 'study_habit_consistency': 0.7439024390243902}",,
367,student,S0368,张丽,"{'node_type': 0, 'age': 24, 'gender_code': 0, 'major_code': 3, 'academic_performance': np.float64(0.6607692307692308), 'study_habit_consistency': 0.6220472440944882}",,
368,student,S0369,张磊,"{'node_type': 0, 'age': 25, 'gender_code': 0, 'major_code': 7, 'academic_performance': np.float64(0.6891666666666667), 'study_habit_consistency': 0.6101694915254238}",,
369,student,S0370,吴军,"{'node_type': 0, 'age': 21, 'gender_code': 0, 'major_code': 5, 'academic_performance': np.float64(0.6609090909090909), 'study_habit_consistency': 0.6909090909090909}",,
370,student,S0371,林芳,"{'node_type': 0, 'age': 19, 'gender_code': 1, 'major_code': 6, 'academic_performance': np.float64(0.7045454545454546), 'study_habit_consistency': 0.7142857142857143}",,
371,student,S0372,徐磊,"{'node_type': 0, 'age': 19, 'gender_code': 1, 'major_code': 1, 'academic_performance': np.float64(0.6630769230769231), 'study_habit_consistency': 0.6779661016949152}",,
372,student,S0373,朱伟,"{'node_type': 0, 'age': 19, 'gender_code': 0, 'major_code': 1, 'academic_performance': np.float64(0.695), 'study_habit_consistency': 0.6075949367088608}",,
373,student,S0374,孙超,"{'node_type': 0, 'age': 25, 'gender_code': 0, 'major_code': 5, 'academic_performance': np.float64(0.7318181818181819), 'study_habit_consistency': 0.6886792452830188}",,
374,student,S0375,孙军,"{'node_type': 0, 'age': 18, 'gender_code': 0, 'major_code': 7, 'academic_performance': np.float64(0.7245454545454545), 'study_habit_consistency': 0.7522935779816514}",,
375,student,S0376,周超,"{'node_type': 0, 'age': 24, 'gender_code': 0, 'major_code': 3, 'academic_performance': np.float64(0.6891666666666667), 'study_habit_consistency': 0.7203389830508474}",,
376,student,S0377,孙丽,"{'node_type': 0, 'age': 20, 'gender_code': 1, 'major_code': 2, 'academic_performance': np.float64(0.7430769230769231), 'study_habit_consistency': 0.7518248175182481}",,
377,student,S0378,张娜,"{'node_type': 0, 'age': 21, 'gender_code': 0, 'major_code': 0, 'academic_performance': np.float64(0.685), 'study_habit_consistency': 0.6693548387096774}",,
378,student,S0379,林勇,"{'node_type': 0, 'age': 22, 'gender_code': 1, 'major_code': 1, 'academic_performance': np.float64(0.69375), 'study_habit_consistency': 0.7093023255813954}",,
379,student,S0380,吴娟,"{'node_type': 0, 'age': 20, 'gender_code': 1, 'major_code': 6, 'academic_performance': np.float64(0.71625), 'study_habit_consistency': 0.675}",,
380,student,S0381,徐强,"{'node_type': 0, 'age': 23, 'gender_code': 0, 'major_code': 2, 'academic_performance': np.float64(0.7), 'study_habit_consistency': 0.6511627906976745}",,
381,student,S0382,杨明,"{'node_type': 0, 'age': 18, 'gender_code': 1, 'major_code': 1, 'academic_performance': np.float64(0.6828571428571429), 'study_habit_consistency': 0.7323943661971831}",,
382,student,S0383,郭军,"{'node_type': 0, 'age': 21, 'gender_code': 0, 'major_code': 2, 'academic_performance': np.float64(0.7216666666666667), 'study_habit_consistency': 0.7235772357723578}",,
383,student,S0384,杨洋,"{'node_type': 0, 'age': 21, 'gender_code': 0, 'major_code': 5, 'academic_performance': np.float64(0.7525), 'study_habit_consistency': 0.7647058823529411}",,
384,student,S0385,马娜,"{'node_type': 0, 'age': 20, 'gender_code': 1, 'major_code': 7, 'academic_performance': np.float64(0.7122222222222223), 'study_habit_consistency': 0.7640449438202247}",,
385,student,S0386,马洋,"{'node_type': 0, 'age': 19, 'gender_code': 0, 'major_code': 7, 'academic_performance': np.float64(0.706), 'study_habit_consistency': 0.6632653061224489}",,
386,student,S0387,杨娜,"{'node_type': 0, 'age': 25, 'gender_code': 0, 'major_code': 3, 'academic_performance': np.float64(0.6971428571428571), 'study_habit_consistency': 0.6716417910447762}",,
387,student,S0388,陈杰,"{'node_type': 0, 'age': 21, 'gender_code': 0, 'major_code': 4, 'academic_performance': np.float64(0.6533333333333333), 'study_habit_consistency': 0.7604166666666666}",,
388,student,S0389,高洋,"{'node_type': 0, 'age': 20, 'gender_code': 1, 'major_code': 7, 'academic_performance': np.float64(0.7042857142857143), 'study_habit_consistency': 0.7111111111111111}",,
389,student,S0390,刘涛,"{'node_type': 0, 'age': 18, 'gender_code': 0, 'major_code': 6, 'academic_performance': np.float64(0.7193333333333334), 'study_habit_consistency': 0.6027397260273972}",,
390,student,S0391,陈秀英,"{'node_type': 0, 'age': 24, 'gender_code': 0, 'major_code': 1, 'academic_performance': np.float64(0.6793333333333333), 'study_habit_consistency': 0.7806451612903226}",,
391,student,S0392,朱洋,"{'node_type': 0, 'age': 20, 'gender_code': 0, 'major_code': 0, 'academic_performance': np.float64(0.7311111111111112), 'study_habit_consistency': 0.7555555555555555}",,
392,student,S0393,朱娜,"{'node_type': 0, 'age': 25, 'gender_code': 1, 'major_code': 3, 'academic_performance': np.float64(0.7181818181818181), 'study_habit_consistency': 0.7102803738317757}",,
393,student,S0394,胡超,"{'node_type': 0, 'age': 25, 'gender_code': 0, 'major_code': 2, 'academic_performance': np.float64(0.6681818181818181), 'study_habit_consistency': 0.7714285714285715}",,
394,student,S0395,周明,"{'node_type': 0, 'age': 18, 'gender_code': 1, 'major_code': 7, 'academic_performance': np.float64(0.68), 'study_habit_consistency': 0.6344086021505376}",,
395,student,S0396,陈平,"{'node_type': 0, 'age': 22, 'gender_code': 0, 'major_code': 1, 'academic_performance': np.float64(0.6893333333333334), 'study_habit_consistency': 0.7320261437908496}",,
396,student,S0397,吴超,"{'node_type': 0, 'age': 20, 'gender_code': 0, 'major_code': 1, 'academic_performance': np.float64(0.7618181818181818), 'study_habit_consistency': 0.6949152542372882}",,
397,student,S0398,孙芳,"{'node_type': 0, 'age': 22, 'gender_code': 1, 'major_code': 0, 'academic_performance': np.float64(0.72), 'study_habit_consistency': 0.7676767676767676}",,
398,student,S0399,周强,"{'node_type': 0, 'age': 25, 'gender_code': 0, 'major_code': 3, 'academic_performance': np.float64(0.6990000000000001), 'study_habit_consistency': 0.7634408602150538}",,
399,student,S0400,马秀英,"{'node_type': 0, 'age': 18, 'gender_code': 1, 'major_code': 5, 'academic_performance': np.float64(0.7416666666666667), 'study_habit_consistency': 0.7631578947368421}",,
400,student,S0401,周杰,"{'node_type': 0, 'age': 18, 'gender_code': 0, 'major_code': 2, 'academic_performance': np.float64(0.6433333333333333), 'study_habit_consistency': 0.7}",,
401,student,S0402,马平,"{'node_type': 0, 'age': 25, 'gender_code': 1, 'major_code': 4, 'academic_performance': np.float64(0.6907142857142857), 'study_habit_consistency': 0.7518796992481203}",,
402,student,S0403,郭秀英,"{'node_type': 0, 'age': 19, 'gender_code': 0, 'major_code': 1, 'academic_performance': np.float64(0.6841666666666667), 'study_habit_consistency': 0.7166666666666667}",,
403,student,S0404,马娜,"{'node_type': 0, 'age': 21, 'gender_code': 1, 'major_code': 2, 'academic_performance': np.float64(0.7221428571428571), 'study_habit_consistency': 0.6928571428571428}",,
404,student,S0405,吴秀英,"{'node_type': 0, 'age': 24, 'gender_code': 1, 'major_code': 4, 'academic_performance': np.float64(0.7418181818181818), 'study_habit_consistency': 0.6880733944954128}",,
405,student,S0406,张军,"{'node_type': 0, 'age': 19, 'gender_code': 1, 'major_code': 3, 'academic_performance': np.float64(0.6963636363636364), 'study_habit_consistency': 0.7476635514018691}",,
406,student,S0407,孙敏,"{'node_type': 0, 'age': 22, 'gender_code': 0, 'major_code': 6, 'academic_performance': np.float64(0.69), 'study_habit_consistency': 0.7481481481481481}",,
407,student,S0408,高芳,"{'node_type': 0, 'age': 23, 'gender_code': 1, 'major_code': 6, 'academic_performance': np.float64(0.6655555555555556), 'study_habit_consistency': 0.6888888888888889}",,
408,student,S0409,吴敏,"{'node_type': 0, 'age': 21, 'gender_code': 1, 'major_code': 2, 'academic_performance': np.float64(0.70875), 'study_habit_consistency': 0.6585365853658537}",,
409,student,S0410,何敏,"{'node_type': 0, 'age': 23, 'gender_code': 0, 'major_code': 1, 'academic_performance': np.float64(0.6971428571428571), 'study_habit_consistency': 0.6615384615384615}",,
410,student,S0411,张强,"{'node_type': 0, 'age': 25, 'gender_code': 1, 'major_code': 7, 'academic_performance': np.float64(0.68875), 'study_habit_consistency': 0.6823529411764706}",,
411,student,S0412,杨伟,"{'node_type': 0, 'age': 22, 'gender_code': 1, 'major_code': 7, 'academic_performance': np.float64(0.7246153846153847), 'study_habit_consistency': 0.7153284671532847}",,
412,student,S0413,赵丽,"{'node_type': 0, 'age': 22, 'gender_code': 0, 'major_code': 0, 'academic_performance': np.float64(0.7321428571428571), 'study_habit_consistency': 0.7692307692307693}",,
413,student,S0414,周敏,"{'node_type': 0, 'age': 24, 'gender_code': 0, 'major_code': 5, 'academic_performance': np.float64(0.716), 'study_habit_consistency': 0.7142857142857143}",,
414,student,S0415,王涛,"{'node_type': 0, 'age': 24, 'gender_code': 0, 'major_code': 5, 'academic_performance': np.float64(0.7114285714285714), 'study_habit_consistency': 0.6223776223776224}",,
415,student,S0416,马磊,"{'node_type': 0, 'age': 23, 'gender_code': 1, 'major_code': 3, 'academic_performance': np.float64(0.7666666666666667), 'study_habit_consistency': 0.7204301075268817}",,
416,student,S0417,张杰,"{'node_type': 0, 'age': 24, 'gender_code': 0, 'major_code': 4, 'academic_performance': np.float64(0.6975), 'study_habit_consistency': 0.7471264367816092}",,
417,student,S0418,周洋,"{'node_type': 0, 'age': 24, 'gender_code': 0, 'major_code': 1, 'academic_performance': np.float64(0.768), 'study_habit_consistency': 0.6881720430107527}",,
418,student,S0419,何平,"{'node_type': 0, 'age': 25, 'gender_code': 1, 'major_code': 4, 'academic_performance': np.float64(0.74), 'study_habit_consistency': 0.6884057971014492}",,
419,student,S0420,陈磊,"{'node_type': 0, 'age': 19, 'gender_code': 0, 'major_code': 4, 'academic_performance': np.float64(0.7169230769230769), 'study_habit_consistency': 0.6976744186046512}",,
420,student,S0421,杨涛,"{'node_type': 0, 'age': 21, 'gender_code': 1, 'major_code': 0, 'academic_performance': np.float64(0.738), 'study_habit_consistency': 0.6506849315068494}",,
421,student,S0422,李超,"{'node_type': 0, 'age': 21, 'gender_code': 0, 'major_code': 3, 'academic_performance': np.float64(0.706), 'study_habit_consistency': 0.6942675159235668}",,
422,student,S0423,陈勇,"{'node_type': 0, 'age': 25, 'gender_code': 0, 'major_code': 1, 'academic_performance': np.float64(0.6345454545454545), 'study_habit_consistency': 0.7207207207207207}",,
423,student,S0424,黄艳,"{'node_type': 0, 'age': 22, 'gender_code': 0, 'major_code': 5, 'academic_performance': np.float64(0.7125), 'study_habit_consistency': 0.696}",,
424,student,S0425,马杰,"{'node_type': 0, 'age': 21, 'gender_code': 0, 'major_code': 0, 'academic_performance': np.float64(0.6425), 'study_habit_consistency': 0.7107438016528925}",,
425,student,S0426,陈涛,"{'node_type': 0, 'age': 18, 'gender_code': 0, 'major_code': 5, 'academic_performance': np.float64(0.6991666666666667), 'study_habit_consistency': 0.6722689075630253}",,
426,student,S0427,吴明,"{'node_type': 0, 'age': 23, 'gender_code': 0, 'major_code': 6, 'academic_performance': np.float64(0.7759999999999999), 'study_habit_consistency': 0.7623762376237624}",,
427,student,S0428,李涛,"{'node_type': 0, 'age': 22, 'gender_code': 0, 'major_code': 4, 'academic_performance': np.float64(0.7455555555555555), 'study_habit_consistency': 0.6020408163265306}",,
428,student,S0429,孙强,"{'node_type': 0, 'age': 25, 'gender_code': 1, 'major_code': 0, 'academic_performance': np.float64(0.6607142857142857), 'study_habit_consistency': 0.7866666666666666}",,
429,student,S0430,黄勇,"{'node_type': 0, 'age': 18, 'gender_code': 1, 'major_code': 3, 'academic_performance': np.float64(0.7340000000000001), 'study_habit_consistency': 0.7051282051282052}",,
430,student,S0431,刘敏,"{'node_type': 0, 'age': 22, 'gender_code': 0, 'major_code': 3, 'academic_performance': np.float64(0.6836363636363636), 'study_habit_consistency': 0.7181818181818181}",,
431,student,S0432,郭娟,"{'node_type': 0, 'age': 19, 'gender_code': 1, 'major_code': 1, 'academic_performance': np.float64(0.6953846153846154), 'study_habit_consistency': 0.6484375}",,
432,student,S0433,孙静,"{'node_type': 0, 'age': 19, 'gender_code': 0, 'major_code': 3, 'academic_performance': np.float64(0.7093333333333334), 'study_habit_consistency': 0.7261146496815286}",,
433,student,S0434,赵强,"{'node_type': 0, 'age': 19, 'gender_code': 0, 'major_code': 1, 'academic_performance': np.float64(0.7392307692307692), 'study_habit_consistency': 0.7209302325581395}",,
434,student,S0435,李娟,"{'node_type': 0, 'age': 21, 'gender_code': 1, 'major_code': 2, 'academic_performance': np.float64(0.6958333333333333), 'study_habit_consistency': 0.7288135593220338}",,
435,student,S0436,刘强,"{'node_type': 0, 'age': 20, 'gender_code': 0, 'major_code': 1, 'academic_performance': np.float64(0.728), 'study_habit_consistency': 0.7010309278350515}",,
436,student,S0437,黄霞,"{'node_type': 0, 'age': 20, 'gender_code': 0, 'major_code': 7, 'academic_performance': np.float64(0.731), 'study_habit_consistency': 0.719626168224299}",,
437,student,S0438,何娜,"{'node_type': 0, 'age': 22, 'gender_code': 0, 'major_code': 4, 'academic_performance': np.float64(0.706923076923077), 'study_habit_consistency': 0.7054263565891473}",,
438,student,S0439,吴明,"{'node_type': 0, 'age': 21, 'gender_code': 0, 'major_code': 0, 'academic_performance': np.float64(0.7140000000000001), 'study_habit_consistency': 0.7181208053691275}",,
439,student,S0440,郭静,"{'node_type': 0, 'age': 25, 'gender_code': 1, 'major_code': 3, 'academic_performance': np.float64(0.684), 'study_habit_consistency': 0.5959595959595959}",,
440,student,S0441,朱秀英,"{'node_type': 0, 'age': 21, 'gender_code': 1, 'major_code': 2, 'academic_performance': np.float64(0.698), 'study_habit_consistency': 0.69}",,
441,student,S0442,赵强,"{'node_type': 0, 'age': 23, 'gender_code': 0, 'major_code': 2, 'academic_performance': np.float64(0.6940000000000001), 'study_habit_consistency': 0.7422680412371134}",,
442,student,S0443,吴军,"{'node_type': 0, 'age': 18, 'gender_code': 0, 'major_code': 2, 'academic_performance': np.float64(0.7016666666666667), 'study_habit_consistency': 0.6293103448275862}",,
443,student,S0444,陈敏,"{'node_type': 0, 'age': 22, 'gender_code': 0, 'major_code': 4, 'academic_performance': np.float64(0.7558333333333332), 'study_habit_consistency': 0.7666666666666667}",,
444,student,S0445,胡芳,"{'node_type': 0, 'age': 19, 'gender_code': 0, 'major_code': 6, 'academic_performance': np.float64(0.6635714285714286), 'study_habit_consistency': 0.6442953020134228}",,
445,student,S0446,吴勇,"{'node_type': 0, 'age': 22, 'gender_code': 0, 'major_code': 6, 'academic_performance': np.float64(0.7778571428571429), 'study_habit_consistency': 0.7375886524822695}",,
446,student,S0447,王伟,"{'node_type': 0, 'age': 20, 'gender_code': 1, 'major_code': 7, 'academic_performance': np.float64(0.6816666666666668), 'study_habit_consistency': 0.6608695652173913}",,
447,student,S0448,罗磊,"{'node_type': 0, 'age': 18, 'gender_code': 1, 'major_code': 4, 'academic_performance': np.float64(0.76), 'study_habit_consistency': 0.7272727272727273}",,
448,student,S0449,王芳,"{'node_type': 0, 'age': 24, 'gender_code': 1, 'major_code': 7, 'academic_performance': np.float64(0.6907142857142857), 'study_habit_consistency': 0.7591240875912408}",,
449,student,S0450,郭敏,"{'node_type': 0, 'age': 24, 'gender_code': 1, 'major_code': 7, 'academic_performance': np.float64(0.68), 'study_habit_consistency': 0.7251908396946565}",,
450,student,S0451,陈勇,"{'node_type': 0, 'age': 24, 'gender_code': 1, 'major_code': 0, 'academic_performance': np.float64(0.7246666666666667), 'study_habit_consistency': 0.7300613496932515}",,
451,student,S0452,高超,"{'node_type': 0, 'age': 24, 'gender_code': 0, 'major_code': 2, 'academic_performance': np.float64(0.7315384615384616), 'study_habit_consistency': 0.7317073170731707}",,
452,student,S0453,刘秀英,"{'node_type': 0, 'age': 20, 'gender_code': 0, 'major_code': 0, 'academic_performance': np.float64(0.7457142857142857), 'study_habit_consistency': 0.7571428571428571}",,
453,student,S0454,朱强,"{'node_type': 0, 'age': 20, 'gender_code': 0, 'major_code': 2, 'academic_performance': np.float64(0.696), 'study_habit_consistency': 0.696969696969697}",,
454,student,S0455,王娜,"{'node_type': 0, 'age': 19, 'gender_code': 1, 'major_code': 1, 'academic_performance': np.float64(0.7022222222222223), 'study_habit_consistency': 0.6666666666666666}",,
455,student,S0456,马平,"{'node_type': 0, 'age': 21, 'gender_code': 0, 'major_code': 2, 'academic_performance': np.float64(0.715), 'study_habit_consistency': 0.6785714285714286}",,
456,student,S0457,吴超,"{'node_type': 0, 'age': 24, 'gender_code': 1, 'major_code': 7, 'academic_performance': np.float64(0.75875), 'study_habit_consistency': 0.75}",,
457,student,S0458,林娜,"{'node_type': 0, 'age': 23, 'gender_code': 0, 'major_code': 6, 'academic_performance': np.float64(0.7544444444444445), 'study_habit_consistency': 0.7386363636363636}",,
458,student,S0459,王磊,"{'node_type': 0, 'age': 23, 'gender_code': 0, 'major_code': 6, 'academic_performance': np.float64(0.7325), 'study_habit_consistency': 0.6233766233766234}",,
459,student,S0460,刘霞,"{'node_type': 0, 'age': 24, 'gender_code': 1, 'major_code': 1, 'academic_performance': np.float64(0.74875), 'study_habit_consistency': 0.7692307692307693}",,
460,student,S0461,赵勇,"{'node_type': 0, 'age': 21, 'gender_code': 1, 'major_code': 7, 'academic_performance': np.float64(0.706923076923077), 'study_habit_consistency': 0.6721311475409836}",,
461,student,S0462,罗强,"{'node_type': 0, 'age': 18, 'gender_code': 0, 'major_code': 1, 'academic_performance': np.float64(0.6940000000000001), 'study_habit_consistency': 0.7133333333333334}",,
462,student,S0463,郭芳,"{'node_type': 0, 'age': 22, 'gender_code': 1, 'major_code': 0, 'academic_performance': np.float64(0.7230769230769231), 'study_habit_consistency': 0.703125}",,
463,student,S0464,李丽,"{'node_type': 0, 'age': 22, 'gender_code': 0, 'major_code': 2, 'academic_performance': np.float64(0.6938461538461539), 'study_habit_consistency': 0.704}",,
464,student,S0465,徐娟,"{'node_type': 0, 'age': 22, 'gender_code': 1, 'major_code': 4, 'academic_performance': np.float64(0.6733333333333333), 'study_habit_consistency': 0.7528089887640449}",,
465,student,S0466,朱洋,"{'node_type': 0, 'age': 20, 'gender_code': 0, 'major_code': 2, 'academic_performance': np.float64(0.74125), 'study_habit_consistency': 0.725}",,
466,student,S0467,吴丽,"{'node_type': 0, 'age': 19, 'gender_code': 0, 'major_code': 7, 'academic_performance': np.float64(0.6445454545454545), 'study_habit_consistency': 0.6752136752136753}",,
467,student,S0468,刘静,"{'node_type': 0, 'age': 22, 'gender_code': 1, 'major_code': 7, 'academic_performance': np.float64(0.7016666666666667), 'study_habit_consistency': 0.7083333333333334}",,
468,student,S0469,陈艳,"{'node_type': 0, 'age': 24, 'gender_code': 1, 'major_code': 7, 'academic_performance': np.float64(0.675), 'study_habit_consistency': 0.6588235294117647}",,
469,student,S0470,李娜,"{'node_type': 0, 'age': 24, 'gender_code': 0, 'major_code': 1, 'academic_performance': np.float64(0.752), 'study_habit_consistency': 0.6914893617021277}",,
470,student,S0471,张超,"{'node_type': 0, 'age': 18, 'gender_code': 0, 'major_code': 0, 'academic_performance': np.float64(0.6775), 'study_habit_consistency': 0.6693548387096774}",,
471,student,S0472,孙杰,"{'node_type': 0, 'age': 25, 'gender_code': 0, 'major_code': 2, 'academic_performance': np.float64(0.6757142857142857), 'study_habit_consistency': 0.6617647058823529}",,
472,student,S0473,马娜,"{'node_type': 0, 'age': 23, 'gender_code': 1, 'major_code': 6, 'academic_performance': np.float64(0.6877777777777777), 'study_habit_consistency': 0.7111111111111111}",,
473,student,S0474,高芳,"{'node_type': 0, 'age': 18, 'gender_code': 0, 'major_code': 3, 'academic_performance': np.float64(0.7192857142857143), 'study_habit_consistency': 0.7430555555555556}",,
474,student,S0475,吴超,"{'node_type': 0, 'age': 25, 'gender_code': 0, 'major_code': 1, 'academic_performance': np.float64(0.674), 'study_habit_consistency': 0.7029702970297029}",,
475,student,S0476,胡强,"{'node_type': 0, 'age': 22, 'gender_code': 1, 'major_code': 2, 'academic_performance': np.float64(0.759090909090909), 'study_habit_consistency': 0.7663551401869159}",,
476,student,S0477,刘磊,"{'node_type': 0, 'age': 18, 'gender_code': 0, 'major_code': 2, 'academic_performance': np.float64(0.74), 'study_habit_consistency': 0.6601941747572816}",,
477,student,S0478,高杰,"{'node_type': 0, 'age': 19, 'gender_code': 0, 'major_code': 6, 'academic_performance': np.float64(0.7345454545454545), 'study_habit_consistency': 0.6822429906542056}",,
478,student,S0479,高明,"{'node_type': 0, 'age': 19, 'gender_code': 1, 'major_code': 6, 'academic_performance': np.float64(0.723), 'study_habit_consistency': 0.7281553398058253}",,
479,student,S0480,孙杰,"{'node_type': 0, 'age': 20, 'gender_code': 0, 'major_code': 4, 'academic_performance': np.float64(0.7026666666666667), 'study_habit_consistency': 0.7581699346405228}",,
480,student,S0481,王娜,"{'node_type': 0, 'age': 18, 'gender_code': 0, 'major_code': 7, 'academic_performance': np.float64(0.675), 'study_habit_consistency': 0.6534653465346535}",,
481,student,S0482,林军,"{'node_type': 0, 'age': 24, 'gender_code': 1, 'major_code': 6, 'academic_performance': np.float64(0.6964285714285714), 'study_habit_consistency': 0.6714285714285714}",,
482,student,S0483,孙娜,"{'node_type': 0, 'age': 23, 'gender_code': 0, 'major_code': 0, 'academic_performance': np.float64(0.7559999999999999), 'study_habit_consistency': 0.6666666666666666}",,
483,student,S0484,杨平,"{'node_type': 0, 'age': 21, 'gender_code': 1, 'major_code': 2, 'academic_performance': np.float64(0.6714285714285714), 'study_habit_consistency': 0.6906474820143885}",,
484,student,S0485,陈娜,"{'node_type': 0, 'age': 20, 'gender_code': 1, 'major_code': 1, 'academic_performance': np.float64(0.6007142857142856), 'study_habit_consistency': 0.6834532374100719}",,
485,student,S0486,赵娜,"{'node_type': 0, 'age': 22, 'gender_code': 0, 'major_code': 4, 'academic_performance': np.float64(0.7244444444444444), 'study_habit_consistency': 0.6956521739130435}",,
486,student,S0487,李强,"{'node_type': 0, 'age': 24, 'gender_code': 1, 'major_code': 4, 'academic_performance': np.float64(0.7175), 'study_habit_consistency': 0.6438356164383562}",,
487,student,S0488,李勇,"{'node_type': 0, 'age': 19, 'gender_code': 1, 'major_code': 0, 'academic_performance': np.float64(0.6833333333333332), 'study_habit_consistency': 0.7391304347826086}",,
488,student,S0489,郭超,"{'node_type': 0, 'age': 24, 'gender_code': 1, 'major_code': 0, 'academic_performance': np.float64(0.71), 'study_habit_consistency': 0.7171717171717171}",,
489,student,S0490,张伟,"{'node_type': 0, 'age': 18, 'gender_code': 1, 'major_code': 7, 'academic_performance': np.float64(0.735), 'study_habit_consistency': 0.6517857142857143}",,
490,student,S0491,周磊,"{'node_type': 0, 'age': 22, 'gender_code': 1, 'major_code': 0, 'academic_performance': np.float64(0.7036363636363636), 'study_habit_consistency': 0.6875}",,
491,student,S0492,徐磊,"{'node_type': 0, 'age': 25, 'gender_code': 1, 'major_code': 7, 'academic_performance': np.float64(0.7115384615384616), 'study_habit_consistency': 0.743801652892562}",,
492,student,S0493,马娜,"{'node_type': 0, 'age': 18, 'gender_code': 1, 'major_code': 1, 'academic_performance': np.float64(0.6725), 'study_habit_consistency': 0.7530864197530864}",,
493,student,S0494,王洋,"{'node_type': 0, 'age': 20, 'gender_code': 1, 'major_code': 0, 'academic_performance': np.float64(0.723), 'study_habit_consistency': 0.6831683168316832}",,
494,student,S0495,周娟,"{'node_type': 0, 'age': 24, 'gender_code': 1, 'major_code': 7, 'academic_performance': np.float64(0.7218181818181819), 'study_habit_consistency': 0.7130434782608696}",,
495,student,S0496,吴磊,"{'node_type': 0, 'age': 24, 'gender_code': 1, 'major_code': 2, 'academic_performance': np.float64(0.750909090909091), 'study_habit_consistency': 0.7155963302752294}",,
496,student,S0497,赵杰,"{'node_type': 0, 'age': 24, 'gender_code': 1, 'major_code': 5, 'academic_performance': np.float64(0.6986666666666665), 'study_habit_consistency': 0.7077922077922078}",,
497,student,S0498,马杰,"{'node_type': 0, 'age': 23, 'gender_code': 0, 'major_code': 1, 'academic_performance': np.float64(0.6920000000000001), 'study_habit_consistency': 0.7352941176470589}",,
498,student,S0499,孙明,"{'node_type': 0, 'age': 22, 'gender_code': 0, 'major_code': 0, 'academic_performance': np.float64(0.7266666666666667), 'study_habit_consistency': 0.7627118644067796}",,
499,student,S0500,张磊,"{'node_type': 0, 'age': 25, 'gender_code': 0, 'major_code': 0, 'academic_performance': np.float64(0.76), 'study_habit_consistency': 0.7297297297297297}",,
500,student,S0501,林艳,"{'node_type': 0, 'age': 18, 'gender_code': 1, 'major_code': 1, 'academic_performance': np.float64(0.6940000000000001), 'study_habit_consistency': 0.684931506849315}",,
501,student,S0502,罗磊,"{'node_type': 0, 'age': 25, 'gender_code': 1, 'major_code': 0, 'academic_performance': np.float64(0.7335714285714287), 'study_habit_consistency': 0.6788321167883211}",,
502,student,S0503,郭娟,"{'node_type': 0, 'age': 21, 'gender_code': 0, 'major_code': 0, 'academic_performance': np.float64(0.667), 'study_habit_consistency': 0.6464646464646465}",,
503,student,S0504,徐洋,"{'node_type': 0, 'age': 25, 'gender_code': 1, 'major_code': 0, 'academic_performance': np.float64(0.74625), 'study_habit_consistency': 0.6835443037974683}",,
504,student,S0505,杨娟,"{'node_type': 0, 'age': 20, 'gender_code': 0, 'major_code': 1, 'academic_performance': np.float64(0.6625), 'study_habit_consistency': 0.7435897435897436}",,
505,student,S0506,黄平,"{'node_type': 0, 'age': 18, 'gender_code': 1, 'major_code': 3, 'academic_performance': np.float64(0.7545454545454545), 'study_habit_consistency': 0.7238095238095238}",,
506,student,S0507,黄秀英,"{'node_type': 0, 'age': 23, 'gender_code': 1, 'major_code': 4, 'academic_performance': np.float64(0.6941666666666667), 'study_habit_consistency': 0.75}",,
507,student,S0508,何明,"{'node_type': 0, 'age': 24, 'gender_code': 0, 'major_code': 7, 'academic_performance': np.float64(0.7326666666666667), 'study_habit_consistency': 0.695364238410596}",,
508,student,S0509,陈霞,"{'node_type': 0, 'age': 21, 'gender_code': 1, 'major_code': 2, 'academic_performance': np.float64(0.72), 'study_habit_consistency': 0.6962962962962963}",,
509,student,S0510,杨艳,"{'node_type': 0, 'age': 19, 'gender_code': 0, 'major_code': 4, 'academic_performance': np.float64(0.6835714285714286), 'study_habit_consistency': 0.7021276595744681}",,
510,student,S0511,黄敏,"{'node_type': 0, 'age': 25, 'gender_code': 0, 'major_code': 0, 'academic_performance': np.float64(0.6629999999999999), 'study_habit_consistency': 0.6770833333333334}",,
511,student,S0512,胡娟,"{'node_type': 0, 'age': 24, 'gender_code': 0, 'major_code': 1, 'academic_performance': np.float64(0.7175), 'study_habit_consistency': 0.7083333333333334}",,
512,student,S0513,李强,"{'node_type': 0, 'age': 22, 'gender_code': 0, 'major_code': 2, 'academic_performance': np.float64(0.71), 'study_habit_consistency': 0.6547619047619048}",,
513,student,S0514,高涛,"{'node_type': 0, 'age': 18, 'gender_code': 1, 'major_code': 5, 'academic_performance': np.float64(0.6958333333333333), 'study_habit_consistency': 0.7295081967213115}",,
514,student,S0515,黄军,"{'node_type': 0, 'age': 19, 'gender_code': 1, 'major_code': 7, 'academic_performance': np.float64(0.6785714285714286), 'study_habit_consistency': 0.6962962962962963}",,
515,student,S0516,胡杰,"{'node_type': 0, 'age': 24, 'gender_code': 1, 'major_code': 3, 'academic_performance': np.float64(0.68), 'study_habit_consistency': 0.6944444444444444}",,
516,student,S0517,马静,"{'node_type': 0, 'age': 24, 'gender_code': 1, 'major_code': 3, 'academic_performance': np.float64(0.7371428571428571), 'study_habit_consistency': 0.6802721088435374}",,
517,student,S0518,罗霞,"{'node_type': 0, 'age': 20, 'gender_code': 0, 'major_code': 0, 'academic_performance': np.float64(0.7036363636363636), 'study_habit_consistency': 0.7222222222222222}",,
518,student,S0519,黄芳,"{'node_type': 0, 'age': 23, 'gender_code': 1, 'major_code': 6, 'academic_performance': np.float64(0.737), 'study_habit_consistency': 0.7075471698113207}",,
519,student,S0520,徐芳,"{'node_type': 0, 'age': 22, 'gender_code': 0, 'major_code': 1, 'academic_performance': np.float64(0.6846153846153846), 'study_habit_consistency': 0.6811594202898551}",,
520,student,S0521,周磊,"{'node_type': 0, 'age': 24, 'gender_code': 0, 'major_code': 5, 'academic_performance': np.float64(0.79125), 'study_habit_consistency': 0.72}",,
521,student,S0522,刘静,"{'node_type': 0, 'age': 25, 'gender_code': 1, 'major_code': 4, 'academic_performance': np.float64(0.696), 'study_habit_consistency': 0.7142857142857143}",,
522,student,S0523,高杰,"{'node_type': 0, 'age': 24, 'gender_code': 1, 'major_code': 6, 'academic_performance': np.float64(0.6854545454545454), 'study_habit_consistency': 0.719626168224299}",,
523,student,S0524,周静,"{'node_type': 0, 'age': 21, 'gender_code': 0, 'major_code': 5, 'academic_performance': np.float64(0.669), 'study_habit_consistency': 0.6796116504854369}",,
524,student,S0525,王伟,"{'node_type': 0, 'age': 22, 'gender_code': 1, 'major_code': 3, 'academic_performance': np.float64(0.7092857142857143), 'study_habit_consistency': 0.6713286713286714}",,
525,student,S0526,杨秀英,"{'node_type': 0, 'age': 19, 'gender_code': 0, 'major_code': 2, 'academic_performance': np.float64(0.70375), 'study_habit_consistency': 0.7236842105263158}",,
526,student,S0527,高超,"{'node_type': 0, 'age': 23, 'gender_code': 1, 'major_code': 5, 'academic_performance': np.float64(0.6758333333333333), 'study_habit_consistency': 0.6532258064516129}",,
527,student,S0528,黄娟,"{'node_type': 0, 'age': 19, 'gender_code': 0, 'major_code': 3, 'academic_performance': np.float64(0.6966666666666668), 'study_habit_consistency': 0.7362637362637363}",,
528,student,S0529,刘静,"{'node_type': 0, 'age': 22, 'gender_code': 0, 'major_code': 0, 'academic_performance': np.float64(0.7292857142857143), 'study_habit_consistency': 0.7586206896551724}",,
529,student,S0530,赵秀英,"{'node_type': 0, 'age': 24, 'gender_code': 1, 'major_code': 1, 'academic_performance': np.float64(0.7090909090909091), 'study_habit_consistency': 0.6756756756756757}",,
530,student,S0531,郭强,"{'node_type': 0, 'age': 21, 'gender_code': 0, 'major_code': 3, 'academic_performance': np.float64(0.72), 'study_habit_consistency': 0.6258503401360545}",,
531,student,S0532,张杰,"{'node_type': 0, 'age': 19, 'gender_code': 1, 'major_code': 2, 'academic_performance': np.float64(0.725), 'study_habit_consistency': 0.7027027027027027}",,
532,student,S0533,陈强,"{'node_type': 0, 'age': 18, 'gender_code': 1, 'major_code': 6, 'academic_performance': np.float64(0.746), 'study_habit_consistency': 0.6788990825688074}",,
533,student,S0534,罗平,"{'node_type': 0, 'age': 21, 'gender_code': 1, 'major_code': 2, 'academic_performance': np.float64(0.6726666666666666), 'study_habit_consistency': 0.722972972972973}",,
534,student,S0535,马芳,"{'node_type': 0, 'age': 20, 'gender_code': 0, 'major_code': 0, 'academic_performance': np.float64(0.6288888888888888), 'study_habit_consistency': 0.65}",,
535,student,S0536,徐艳,"{'node_type': 0, 'age': 24, 'gender_code': 1, 'major_code': 6, 'academic_performance': np.float64(0.6675), 'study_habit_consistency': 0.72}",,
536,student,S0537,马敏,"{'node_type': 0, 'age': 25, 'gender_code': 0, 'major_code': 3, 'academic_performance': np.float64(0.7025), 'study_habit_consistency': 0.6829268292682927}",,
537,student,S0538,黄秀英,"{'node_type': 0, 'age': 20, 'gender_code': 0, 'major_code': 6, 'academic_performance': np.float64(0.6863636363636364), 'study_habit_consistency': 0.803921568627451}",,
538,student,S0539,孙伟,"{'node_type': 0, 'age': 18, 'gender_code': 1, 'major_code': 7, 'academic_performance': np.float64(0.7125), 'study_habit_consistency': 0.72}",,
539,student,S0540,郭敏,"{'node_type': 0, 'age': 23, 'gender_code': 0, 'major_code': 2, 'academic_performance': np.float64(0.79375), 'study_habit_consistency': 0.8378378378378378}",,
540,student,S0541,李平,"{'node_type': 0, 'age': 23, 'gender_code': 1, 'major_code': 1, 'academic_performance': np.float64(0.669), 'study_habit_consistency': 0.7083333333333334}",,
541,student,S0542,周洋,"{'node_type': 0, 'age': 21, 'gender_code': 0, 'major_code': 7, 'academic_performance': np.float64(0.7120000000000001), 'study_habit_consistency': 0.7152777777777778}",,
542,student,S0543,吴霞,"{'node_type': 0, 'age': 22, 'gender_code': 0, 'major_code': 5, 'academic_performance': np.float64(0.7335714285714287), 'study_habit_consistency': 0.7185185185185186}",,
543,student,S0544,林艳,"{'node_type': 0, 'age': 19, 'gender_code': 0, 'major_code': 2, 'academic_performance': np.float64(0.696923076923077), 'study_habit_consistency': 0.71900826446281}",,
544,student,S0545,李霞,"{'node_type': 0, 'age': 25, 'gender_code': 1, 'major_code': 7, 'academic_performance': np.float64(0.7533333333333333), 'study_habit_consistency': 0.675}",,
545,student,S0546,罗秀英,"{'node_type': 0, 'age': 25, 'gender_code': 0, 'major_code': 5, 'academic_performance': np.float64(0.695), 'study_habit_consistency': 0.66}",,
546,student,S0547,郭军,"{'node_type': 0, 'age': 18, 'gender_code': 1, 'major_code': 2, 'academic_performance': np.float64(0.6733333333333333), 'study_habit_consistency': 0.7131782945736435}",,
547,student,S0548,罗超,"{'node_type': 0, 'age': 25, 'gender_code': 0, 'major_code': 6, 'academic_performance': np.float64(0.7654545454545455), 'study_habit_consistency': 0.7345132743362832}",,
548,student,S0549,赵强,"{'node_type': 0, 'age': 18, 'gender_code': 1, 'major_code': 6, 'academic_performance': np.float64(0.708), 'study_habit_consistency': 0.7395833333333334}",,
549,student,S0550,黄静,"{'node_type': 0, 'age': 24, 'gender_code': 0, 'major_code': 4, 'academic_performance': np.float64(0.673076923076923), 'study_habit_consistency': 0.7213114754098361}",,
550,student,S0551,徐洋,"{'node_type': 0, 'age': 21, 'gender_code': 1, 'major_code': 1, 'academic_performance': np.float64(0.7023076923076923), 'study_habit_consistency': 0.7318840579710145}",,
551,student,S0552,朱娟,"{'node_type': 0, 'age': 24, 'gender_code': 1, 'major_code': 3, 'academic_performance': np.float64(0.77125), 'study_habit_consistency': 0.7671232876712328}",,
552,student,S0553,孙娜,"{'node_type': 0, 'age': 21, 'gender_code': 0, 'major_code': 6, 'academic_performance': np.float64(0.6344444444444445), 'study_habit_consistency': 0.6941176470588235}",,
553,student,S0554,马丽,"{'node_type': 0, 'age': 18, 'gender_code': 0, 'major_code': 6, 'academic_performance': np.float64(0.7623076923076922), 'study_habit_consistency': 0.6838235294117647}",,
554,student,S0555,林洋,"{'node_type': 0, 'age': 18, 'gender_code': 1, 'major_code': 1, 'academic_performance': np.float64(0.6728571428571429), 'study_habit_consistency': 0.6643356643356644}",,
555,student,S0556,黄秀英,"{'node_type': 0, 'age': 20, 'gender_code': 1, 'major_code': 1, 'academic_performance': np.float64(0.7322222222222223), 'study_habit_consistency': 0.7340425531914894}",,
556,student,S0557,何磊,"{'node_type': 0, 'age': 24, 'gender_code': 0, 'major_code': 6, 'academic_performance': np.float64(0.7488888888888888), 'study_habit_consistency': 0.7241379310344828}",,
557,student,S0558,王勇,"{'node_type': 0, 'age': 20, 'gender_code': 1, 'major_code': 5, 'academic_performance': np.float64(0.7373333333333334), 'study_habit_consistency': 0.6275862068965518}",,
558,student,S0559,黄杰,"{'node_type': 0, 'age': 19, 'gender_code': 1, 'major_code': 0, 'academic_performance': np.float64(0.64625), 'study_habit_consistency': 0.7307692307692307}",,
559,student,S0560,郭强,"{'node_type': 0, 'age': 25, 'gender_code': 0, 'major_code': 5, 'academic_performance': np.float64(0.6888888888888889), 'study_habit_consistency': 0.6835443037974683}",,
560,student,S0561,刘超,"{'node_type': 0, 'age': 19, 'gender_code': 1, 'major_code': 2, 'academic_performance': np.float64(0.6991666666666667), 'study_habit_consistency': 0.6724137931034483}",,
561,student,S0562,杨秀英,"{'node_type': 0, 'age': 23, 'gender_code': 1, 'major_code': 1, 'academic_performance': np.float64(0.7018181818181819), 'study_habit_consistency': 0.7297297297297297}",,
562,student,S0563,高超,"{'node_type': 0, 'age': 22, 'gender_code': 0, 'major_code': 0, 'academic_performance': np.float64(0.6925), 'study_habit_consistency': 0.5783132530120482}",,
563,student,S0564,周伟,"{'node_type': 0, 'age': 23, 'gender_code': 0, 'major_code': 3, 'academic_performance': np.float64(0.7516666666666667), 'study_habit_consistency': 0.6724137931034483}",,
564,student,S0565,高艳,"{'node_type': 0, 'age': 18, 'gender_code': 1, 'major_code': 5, 'academic_performance': np.float64(0.6530769230769231), 'study_habit_consistency': 0.6641221374045801}",,
565,student,S0566,徐勇,"{'node_type': 0, 'age': 24, 'gender_code': 0, 'major_code': 0, 'academic_performance': np.float64(0.727), 'study_habit_consistency': 0.8297872340425532}",,
566,student,S0567,李明,"{'node_type': 0, 'age': 22, 'gender_code': 0, 'major_code': 5, 'academic_performance': np.float64(0.7092307692307692), 'study_habit_consistency': 0.7734375}",,
567,student,S0568,刘勇,"{'node_type': 0, 'age': 23, 'gender_code': 0, 'major_code': 2, 'academic_performance': np.float64(0.7083333333333333), 'study_habit_consistency': 0.7410714285714286}",,
568,student,S0569,高明,"{'node_type': 0, 'age': 25, 'gender_code': 0, 'major_code': 7, 'academic_performance': np.float64(0.7), 'study_habit_consistency': 0.7083333333333334}",,
569,student,S0570,刘明,"{'node_type': 0, 'age': 19, 'gender_code': 1, 'major_code': 4, 'academic_performance': np.float64(0.7655555555555555), 'study_habit_consistency': 0.6629213483146067}",,
570,student,S0571,杨军,"{'node_type': 0, 'age': 24, 'gender_code': 1, 'major_code': 3, 'academic_performance': np.float64(0.715), 'study_habit_consistency': 0.6991869918699187}",,
571,student,S0572,黄明,"{'node_type': 0, 'age': 21, 'gender_code': 0, 'major_code': 0, 'academic_performance': np.float64(0.6628571428571429), 'study_habit_consistency': 0.7083333333333334}",,
572,student,S0573,陈超,"{'node_type': 0, 'age': 25, 'gender_code': 1, 'major_code': 5, 'academic_performance': np.float64(0.7058333333333333), 'study_habit_consistency': 0.7033898305084746}",,
573,student,S0574,罗杰,"{'node_type': 0, 'age': 22, 'gender_code': 1, 'major_code': 1, 'academic_performance': np.float64(0.70375), 'study_habit_consistency': 0.7435897435897436}",,
574,student,S0575,赵秀英,"{'node_type': 0, 'age': 24, 'gender_code': 0, 'major_code': 4, 'academic_performance': np.float64(0.5875), 'study_habit_consistency': 0.7051282051282052}",,
575,student,S0576,黄磊,"{'node_type': 0, 'age': 20, 'gender_code': 0, 'major_code': 5, 'academic_performance': np.float64(0.6369230769230769), 'study_habit_consistency': 0.6992481203007519}",,
576,student,S0577,高霞,"{'node_type': 0, 'age': 18, 'gender_code': 1, 'major_code': 3, 'academic_performance': np.float64(0.686923076923077), 'study_habit_consistency': 0.7083333333333334}",,
577,student,S0578,何强,"{'node_type': 0, 'age': 23, 'gender_code': 0, 'major_code': 7, 'academic_performance': np.float64(0.7306666666666666), 'study_habit_consistency': 0.7172413793103448}",,
578,student,S0579,赵敏,"{'node_type': 0, 'age': 25, 'gender_code': 0, 'major_code': 6, 'academic_performance': np.float64(0.6933333333333332), 'study_habit_consistency': 0.7159090909090909}",,
579,student,S0580,徐丽,"{'node_type': 0, 'age': 20, 'gender_code': 0, 'major_code': 4, 'academic_performance': np.float64(0.7446666666666667), 'study_habit_consistency': 0.7307692307692307}",,
580,student,S0581,孙静,"{'node_type': 0, 'age': 18, 'gender_code': 1, 'major_code': 3, 'academic_performance': np.float64(0.6741666666666667), 'study_habit_consistency': 0.6854838709677419}",,
581,student,S0582,何艳,"{'node_type': 0, 'age': 23, 'gender_code': 1, 'major_code': 3, 'academic_performance': np.float64(0.6890909090909091), 'study_habit_consistency': 0.6542056074766355}",,
582,student,S0583,何静,"{'node_type': 0, 'age': 22, 'gender_code': 0, 'major_code': 1, 'academic_performance': np.float64(0.7288888888888888), 'study_habit_consistency': 0.7272727272727273}",,
583,student,S0584,黄磊,"{'node_type': 0, 'age': 25, 'gender_code': 1, 'major_code': 4, 'academic_performance': np.float64(0.6781818181818181), 'study_habit_consistency': 0.7304347826086957}",,
584,student,S0585,林磊,"{'node_type': 0, 'age': 25, 'gender_code': 1, 'major_code': 2, 'academic_performance': np.float64(0.6779999999999999), 'study_habit_consistency': 0.6944444444444444}",,
585,student,S0586,马芳,"{'node_type': 0, 'age': 23, 'gender_code': 0, 'major_code': 3, 'academic_performance': np.float64(0.78), 'study_habit_consistency': 0.6464646464646465}",,
586,student,S0587,周涛,"{'node_type': 0, 'age': 19, 'gender_code': 0, 'major_code': 4, 'academic_performance': np.float64(0.6653333333333333), 'study_habit_consistency': 0.7430555555555556}",,
587,student,S0588,孙丽,"{'node_type': 0, 'age': 19, 'gender_code': 1, 'major_code': 1, 'academic_performance': np.float64(0.716), 'study_habit_consistency': 0.7172413793103448}",,
588,student,S0589,杨杰,"{'node_type': 0, 'age': 25, 'gender_code': 0, 'major_code': 3, 'academic_performance': np.float64(0.6753333333333333), 'study_habit_consistency': 0.7074829931972789}",,
589,student,S0590,赵芳,"{'node_type': 0, 'age': 19, 'gender_code': 1, 'major_code': 7, 'academic_performance': np.float64(0.6728571428571429), 'study_habit_consistency': 0.6618705035971223}",,
590,student,S0591,高伟,"{'node_type': 0, 'age': 22, 'gender_code': 0, 'major_code': 4, 'academic_performance': np.float64(0.6885714285714286), 'study_habit_consistency': 0.6571428571428571}",,
591,student,S0592,吴艳,"{'node_type': 0, 'age': 25, 'gender_code': 0, 'major_code': 2, 'academic_performance': np.float64(0.7255555555555556), 'study_habit_consistency': 0.6630434782608695}",,
592,student,S0593,周娜,"{'node_type': 0, 'age': 21, 'gender_code': 0, 'major_code': 0, 'academic_performance': np.float64(0.7066666666666667), 'study_habit_consistency': 0.6595744680851063}",,
593,student,S0594,孙敏,"{'node_type': 0, 'age': 24, 'gender_code': 0, 'major_code': 3, 'academic_performance': np.float64(0.715), 'study_habit_consistency': 0.6601941747572816}",,
594,student,S0595,李勇,"{'node_type': 0, 'age': 22, 'gender_code': 1, 'major_code': 3, 'academic_performance': np.float64(0.696), 'study_habit_consistency': 0.7171717171717171}",,
595,student,S0596,马芳,"{'node_type': 0, 'age': 20, 'gender_code': 1, 'major_code': 5, 'academic_performance': np.float64(0.6566666666666667), 'study_habit_consistency': 0.6887417218543046}",,
596,student,S0597,李娟,"{'node_type': 0, 'age': 23, 'gender_code': 0, 'major_code': 5, 'academic_performance': np.float64(0.6775), 'study_habit_consistency': 0.6666666666666666}",,
597,student,S0598,陈勇,"{'node_type': 0, 'age': 22, 'gender_code': 1, 'major_code': 3, 'academic_performance': np.float64(0.7338461538461538), 'study_habit_consistency': 0.7459016393442623}",,
598,student,S0599,徐静,"{'node_type': 0, 'age': 24, 'gender_code': 1, 'major_code': 4, 'academic_performance': np.float64(0.6923076923076923), 'study_habit_consistency': 0.7213114754098361}",,
599,student,S0600,林伟,"{'node_type': 0, 'age': 25, 'gender_code': 0, 'major_code': 3, 'academic_performance': np.float64(0.7223076923076923), 'study_habit_consistency': 0.7313432835820896}",,
600,student,S0601,陈勇,"{'node_type': 0, 'age': 23, 'gender_code': 0, 'major_code': 7, 'academic_performance': np.float64(0.7257142857142856), 'study_habit_consistency': 0.7368421052631579}",,
601,student,S0602,张娜,"{'node_type': 0, 'age': 24, 'gender_code': 0, 'major_code': 1, 'academic_performance': np.float64(0.6507142857142857), 'study_habit_consistency': 0.695364238410596}",,
602,student,S0603,徐平,"{'node_type': 0, 'age': 19, 'gender_code': 0, 'major_code': 1, 'academic_performance': np.float64(0.6466666666666667), 'study_habit_consistency': 0.7542372881355932}",,
603,student,S0604,徐明,"{'node_type': 0, 'age': 19, 'gender_code': 1, 'major_code': 1, 'academic_performance': np.float64(0.6488888888888888), 'study_habit_consistency': 0.6304347826086957}",,
604,student,S0605,徐强,"{'node_type': 0, 'age': 21, 'gender_code': 0, 'major_code': 6, 'academic_performance': np.float64(0.695), 'study_habit_consistency': 0.6785714285714286}",,
605,student,S0606,郭涛,"{'node_type': 0, 'age': 20, 'gender_code': 0, 'major_code': 0, 'academic_performance': np.float64(0.6983333333333333), 'study_habit_consistency': 0.6694915254237288}",,
606,student,S0607,马洋,"{'node_type': 0, 'age': 20, 'gender_code': 1, 'major_code': 5, 'academic_performance': np.float64(0.75875), 'study_habit_consistency': 0.7105263157894737}",,
607,student,S0608,杨涛,"{'node_type': 0, 'age': 24, 'gender_code': 1, 'major_code': 6, 'academic_performance': np.float64(0.7214285714285714), 'study_habit_consistency': 0.6691176470588235}",,
608,student,S0609,徐秀英,"{'node_type': 0, 'age': 22, 'gender_code': 0, 'major_code': 6, 'academic_performance': np.float64(0.7040000000000001), 'study_habit_consistency': 0.7676767676767676}",,
609,student,S0610,李静,"{'node_type': 0, 'age': 20, 'gender_code': 0, 'major_code': 6, 'academic_performance': np.float64(0.7141666666666667), 'study_habit_consistency': 0.7456140350877193}",,
610,student,S0611,黄艳,"{'node_type': 0, 'age': 24, 'gender_code': 1, 'major_code': 4, 'academic_performance': np.float64(0.65), 'study_habit_consistency': 0.6320754716981132}",,
611,student,S0612,黄明,"{'node_type': 0, 'age': 23, 'gender_code': 0, 'major_code': 1, 'academic_performance': np.float64(0.7140000000000001), 'study_habit_consistency': 0.7115384615384616}",,
612,student,S0613,吴秀英,"{'node_type': 0, 'age': 19, 'gender_code': 0, 'major_code': 2, 'academic_performance': np.float64(0.684), 'study_habit_consistency': 0.6934306569343066}",,
613,student,S0614,郭娟,"{'node_type': 0, 'age': 23, 'gender_code': 0, 'major_code': 2, 'academic_performance': np.float64(0.6153846153846154), 'study_habit_consistency': 0.7}",,
614,student,S0615,孙霞,"{'node_type': 0, 'age': 18, 'gender_code': 1, 'major_code': 1, 'academic_performance': np.float64(0.6191666666666666), 'study_habit_consistency': 0.6610169491525424}",,
615,student,S0616,吴军,"{'node_type': 0, 'age': 21, 'gender_code': 1, 'major_code': 4, 'academic_performance': np.float64(0.6992857142857143), 'study_habit_consistency': 0.6617647058823529}",,
616,student,S0617,何敏,"{'node_type': 0, 'age': 19, 'gender_code': 0, 'major_code': 4, 'academic_performance': np.float64(0.7253846153846153), 'study_habit_consistency': 0.6904761904761905}",,
617,student,S0618,林娟,"{'node_type': 0, 'age': 22, 'gender_code': 0, 'major_code': 5, 'academic_performance': np.float64(0.7311111111111112), 'study_habit_consistency': 0.6511627906976745}",,
618,student,S0619,陈涛,"{'node_type': 0, 'age': 24, 'gender_code': 1, 'major_code': 1, 'academic_performance': np.float64(0.71), 'study_habit_consistency': 0.6494845360824743}",,
619,student,S0620,马平,"{'node_type': 0, 'age': 24, 'gender_code': 1, 'major_code': 4, 'academic_performance': np.float64(0.6654545454545455), 'study_habit_consistency': 0.6730769230769231}",,
620,student,S0621,朱军,"{'node_type': 0, 'age': 24, 'gender_code': 1, 'major_code': 2, 'academic_performance': np.float64(0.713), 'study_habit_consistency': 0.6979166666666666}",,
621,student,S0622,杨洋,"{'node_type': 0, 'age': 23, 'gender_code': 0, 'major_code': 7, 'academic_performance': np.float64(0.7491666666666668), 'study_habit_consistency': 0.6976744186046512}",,
622,student,S0623,周娜,"{'node_type': 0, 'age': 25, 'gender_code': 0, 'major_code': 6, 'academic_performance': np.float64(0.6472727272727273), 'study_habit_consistency': 0.6818181818181818}",,
623,student,S0624,朱杰,"{'node_type': 0, 'age': 18, 'gender_code': 1, 'major_code': 2, 'academic_performance': np.float64(0.722), 'study_habit_consistency': 0.6258064516129033}",,
624,student,S0625,李静,"{'node_type': 0, 'age': 20, 'gender_code': 1, 'major_code': 0, 'academic_performance': np.float64(0.7306666666666666), 'study_habit_consistency': 0.7448275862068966}",,
625,student,S0626,何娟,"{'node_type': 0, 'age': 19, 'gender_code': 1, 'major_code': 0, 'academic_performance': np.float64(0.7066666666666667), 'study_habit_consistency': 0.6891891891891891}",,
626,student,S0627,林超,"{'node_type': 0, 'age': 18, 'gender_code': 1, 'major_code': 7, 'academic_performance': np.float64(0.67), 'study_habit_consistency': 0.7432432432432432}",,
627,student,S0628,王磊,"{'node_type': 0, 'age': 24, 'gender_code': 0, 'major_code': 3, 'academic_performance': np.float64(0.7061538461538461), 'study_habit_consistency': 0.7404580152671756}",,
628,student,S0629,赵平,"{'node_type': 0, 'age': 22, 'gender_code': 1, 'major_code': 4, 'academic_performance': np.float64(0.695), 'study_habit_consistency': 0.808695652173913}",,
629,student,S0630,李涛,"{'node_type': 0, 'age': 21, 'gender_code': 1, 'major_code': 1, 'academic_performance': np.float64(0.6754545454545454), 'study_habit_consistency': 0.7142857142857143}",,
630,student,S0631,林勇,"{'node_type': 0, 'age': 18, 'gender_code': 0, 'major_code': 4, 'academic_performance': np.float64(0.7711111111111112), 'study_habit_consistency': 0.6559139784946236}",,
631,student,S0632,胡军,"{'node_type': 0, 'age': 25, 'gender_code': 0, 'major_code': 7, 'academic_performance': np.float64(0.723), 'study_habit_consistency': 0.6842105263157895}",,
632,student,S0633,黄勇,"{'node_type': 0, 'age': 25, 'gender_code': 1, 'major_code': 1, 'academic_performance': np.float64(0.772), 'study_habit_consistency': 0.7263157894736842}",,
633,student,S0634,何伟,"{'node_type': 0, 'age': 24, 'gender_code': 1, 'major_code': 3, 'academic_performance': np.float64(0.7027272727272726), 'study_habit_consistency': 0.7524752475247525}",,
634,student,S0635,杨静,"{'node_type': 0, 'age': 21, 'gender_code': 1, 'major_code': 2, 'academic_performance': np.float64(0.7435714285714287), 'study_habit_consistency': 0.7185185185185186}",,
635,student,S0636,张平,"{'node_type': 0, 'age': 22, 'gender_code': 0, 'major_code': 6, 'academic_performance': np.float64(0.6522222222222223), 'study_habit_consistency': 0.7317073170731707}",,
636,student,S0637,林杰,"{'node_type': 0, 'age': 23, 'gender_code': 1, 'major_code': 4, 'academic_performance': np.float64(0.6684615384615384), 'study_habit_consistency': 0.6884057971014492}",,
637,student,S0638,朱涛,"{'node_type': 0, 'age': 19, 'gender_code': 0, 'major_code': 4, 'academic_performance': np.float64(0.70375), 'study_habit_consistency': 0.5568181818181818}",,
638,student,S0639,王涛,"{'node_type': 0, 'age': 20, 'gender_code': 1, 'major_code': 2, 'academic_performance': np.float64(0.7308333333333333), 'study_habit_consistency': 0.703125}",,
639,student,S0640,李霞,"{'node_type': 0, 'age': 20, 'gender_code': 0, 'major_code': 3, 'academic_performance': np.float64(0.7272727272727273), 'study_habit_consistency': 0.6991150442477876}",,
640,student,S0641,赵静,"{'node_type': 0, 'age': 23, 'gender_code': 1, 'major_code': 6, 'academic_performance': np.float64(0.6609090909090909), 'study_habit_consistency': 0.7155963302752294}",,
641,student,S0642,孙娟,"{'node_type': 0, 'age': 21, 'gender_code': 0, 'major_code': 4, 'academic_performance': np.float64(0.712857142857143), 'study_habit_consistency': 0.6595744680851063}",,
642,student,S0643,孙秀英,"{'node_type': 0, 'age': 24, 'gender_code': 0, 'major_code': 1, 'academic_performance': np.float64(0.66), 'study_habit_consistency': 0.6333333333333333}",,
643,student,S0644,朱涛,"{'node_type': 0, 'age': 23, 'gender_code': 0, 'major_code': 4, 'academic_performance': np.float64(0.7566666666666667), 'study_habit_consistency': 0.7528089887640449}",,
644,student,S0645,赵磊,"{'node_type': 0, 'age': 24, 'gender_code': 1, 'major_code': 2, 'academic_performance': np.float64(0.74), 'study_habit_consistency': 0.7013888888888888}",,
645,student,S0646,刘超,"{'node_type': 0, 'age': 23, 'gender_code': 1, 'major_code': 0, 'academic_performance': np.float64(0.721), 'study_habit_consistency': 0.7373737373737373}",,
646,student,S0647,周平,"{'node_type': 0, 'age': 24, 'gender_code': 0, 'major_code': 4, 'academic_performance': np.float64(0.6953846153846154), 'study_habit_consistency': 0.7037037037037037}",,
647,student,S0648,刘强,"{'node_type': 0, 'age': 19, 'gender_code': 0, 'major_code': 4, 'academic_performance': np.float64(0.7116666666666667), 'study_habit_consistency': 0.717948717948718}",,
648,student,S0649,张伟,"{'node_type': 0, 'age': 19, 'gender_code': 0, 'major_code': 3, 'academic_performance': np.float64(0.7344444444444445), 'study_habit_consistency': 0.7127659574468085}",,
649,student,S0650,郭勇,"{'node_type': 0, 'age': 25, 'gender_code': 1, 'major_code': 2, 'academic_performance': np.float64(0.6783333333333332), 'study_habit_consistency': 0.7589285714285714}",,
650,student,S0651,朱杰,"{'node_type': 0, 'age': 19, 'gender_code': 0, 'major_code': 2, 'academic_performance': np.float64(0.5925), 'study_habit_consistency': 0.7530864197530864}",,
651,student,S0652,朱磊,"{'node_type': 0, 'age': 19, 'gender_code': 1, 'major_code': 5, 'academic_performance': np.float64(0.6676923076923077), 'study_habit_consistency': 0.7045454545454546}",,
652,student,S0653,徐娜,"{'node_type': 0, 'age': 21, 'gender_code': 0, 'major_code': 6, 'academic_performance': np.float64(0.7242857142857143), 'study_habit_consistency': 0.7278911564625851}",,
653,student,S0654,胡磊,"{'node_type': 0, 'age': 24, 'gender_code': 0, 'major_code': 1, 'academic_performance': np.float64(0.7133333333333333), 'study_habit_consistency': 0.7888888888888889}",,
654,student,S0655,孙丽,"{'node_type': 0, 'age': 19, 'gender_code': 0, 'major_code': 0, 'academic_performance': np.float64(0.69), 'study_habit_consistency': 0.6625}",,
655,student,S0656,高秀英,"{'node_type': 0, 'age': 23, 'gender_code': 0, 'major_code': 1, 'academic_performance': np.float64(0.6407692307692308), 'study_habit_consistency': 0.6946564885496184}",,
656,student,S0657,罗强,"{'node_type': 0, 'age': 22, 'gender_code': 0, 'major_code': 1, 'academic_performance': np.float64(0.69), 'study_habit_consistency': 0.7631578947368421}",,
657,student,S0658,孙明,"{'node_type': 0, 'age': 24, 'gender_code': 1, 'major_code': 4, 'academic_performance': np.float64(0.7066666666666667), 'study_habit_consistency': 0.6923076923076923}",,
658,student,S0659,何军,"{'node_type': 0, 'age': 23, 'gender_code': 1, 'major_code': 4, 'academic_performance': np.float64(0.77875), 'study_habit_consistency': 0.7375}",,
659,student,S0660,黄娟,"{'node_type': 0, 'age': 24, 'gender_code': 0, 'major_code': 6, 'academic_performance': np.float64(0.6953846153846154), 'study_habit_consistency': 0.706766917293233}",,
660,student,S0661,马明,"{'node_type': 0, 'age': 25, 'gender_code': 0, 'major_code': 3, 'academic_performance': np.float64(0.6985714285714286), 'study_habit_consistency': 0.7323943661971831}",,
661,student,S0662,黄芳,"{'node_type': 0, 'age': 18, 'gender_code': 0, 'major_code': 7, 'academic_performance': np.float64(0.7275), 'study_habit_consistency': 0.7341772151898734}",,
662,student,S0663,林芳,"{'node_type': 0, 'age': 21, 'gender_code': 0, 'major_code': 3, 'academic_performance': np.float64(0.6809090909090909), 'study_habit_consistency': 0.6915887850467289}",,
663,student,S0664,赵芳,"{'node_type': 0, 'age': 22, 'gender_code': 0, 'major_code': 1, 'academic_performance': np.float64(0.7471428571428571), 'study_habit_consistency': 0.6891891891891891}",,
664,student,S0665,马伟,"{'node_type': 0, 'age': 20, 'gender_code': 0, 'major_code': 1, 'academic_performance': np.float64(0.71), 'study_habit_consistency': 0.7102803738317757}",,
665,student,S0666,朱丽,"{'node_type': 0, 'age': 23, 'gender_code': 0, 'major_code': 0, 'academic_performance': np.float64(0.7230769230769231), 'study_habit_consistency': 0.6691729323308271}",,
666,student,S0667,郭涛,"{'node_type': 0, 'age': 22, 'gender_code': 1, 'major_code': 1, 'academic_performance': np.float64(0.71), 'study_habit_consistency': 0.68}",,
667,student,S0668,马磊,"{'node_type': 0, 'age': 19, 'gender_code': 1, 'major_code': 0, 'academic_performance': np.float64(0.7046666666666667), 'study_habit_consistency': 0.6962025316455697}",,
668,student,S0669,陈平,"{'node_type': 0, 'age': 20, 'gender_code': 0, 'major_code': 1, 'academic_performance': np.float64(0.725), 'study_habit_consistency': 0.74}",,
669,student,S0670,张杰,"{'node_type': 0, 'age': 24, 'gender_code': 0, 'major_code': 1, 'academic_performance': np.float64(0.7058333333333333), 'study_habit_consistency': 0.6833333333333333}",,
670,student,S0671,何洋,"{'node_type': 0, 'age': 24, 'gender_code': 1, 'major_code': 6, 'academic_performance': np.float64(0.7592857142857143), 'study_habit_consistency': 0.8308823529411765}",,
671,student,S0672,王军,"{'node_type': 0, 'age': 19, 'gender_code': 1, 'major_code': 1, 'academic_performance': np.float64(0.7323076923076922), 'study_habit_consistency': 0.7459016393442623}",,
672,student,S0673,吴秀英,"{'node_type': 0, 'age': 18, 'gender_code': 1, 'major_code': 3, 'academic_performance': np.float64(0.64375), 'study_habit_consistency': 0.6582278481012658}",,
673,student,S0674,郭伟,"{'node_type': 0, 'age': 20, 'gender_code': 1, 'major_code': 5, 'academic_performance': np.float64(0.7421428571428571), 'study_habit_consistency': 0.7832167832167832}",,
674,student,S0675,罗艳,"{'node_type': 0, 'age': 18, 'gender_code': 0, 'major_code': 5, 'academic_performance': np.float64(0.7442857142857143), 'study_habit_consistency': 0.7164179104477612}",,
675,student,S0676,马洋,"{'node_type': 0, 'age': 24, 'gender_code': 0, 'major_code': 1, 'academic_performance': np.float64(0.7007692307692308), 'study_habit_consistency': 0.6532258064516129}",,
676,student,S0677,孙磊,"{'node_type': 0, 'age': 20, 'gender_code': 0, 'major_code': 5, 'academic_performance': np.float64(0.7261538461538461), 'study_habit_consistency': 0.6538461538461539}",,
677,student,S0678,孙涛,"{'node_type': 0, 'age': 23, 'gender_code': 0, 'major_code': 7, 'academic_performance': np.float64(0.6763636363636364), 'study_habit_consistency': 0.75}",,
678,student,S0679,陈静,"{'node_type': 0, 'age': 23, 'gender_code': 1, 'major_code': 0, 'academic_performance': np.float64(0.696923076923077), 'study_habit_consistency': 0.7013888888888888}",,
679,student,S0680,吴杰,"{'node_type': 0, 'age': 19, 'gender_code': 0, 'major_code': 2, 'academic_performance': np.float64(0.6733333333333333), 'study_habit_consistency': 0.7272727272727273}",,
680,student,S0681,吴敏,"{'node_type': 0, 'age': 24, 'gender_code': 0, 'major_code': 2, 'academic_performance': np.float64(0.7033333333333333), 'study_habit_consistency': 0.6721311475409836}",,
681,student,S0682,刘静,"{'node_type': 0, 'age': 18, 'gender_code': 1, 'major_code': 7, 'academic_performance': np.float64(0.6953333333333334), 'study_habit_consistency': 0.6578947368421053}",,
682,student,S0683,胡芳,"{'node_type': 0, 'age': 25, 'gender_code': 0, 'major_code': 3, 'academic_performance': np.float64(0.6854545454545454), 'study_habit_consistency': 0.5943396226415094}",,
683,student,S0684,朱勇,"{'node_type': 0, 'age': 19, 'gender_code': 0, 'major_code': 4, 'academic_performance': np.float64(0.688), 'study_habit_consistency': 0.7191780821917808}",,
684,student,S0685,马敏,"{'node_type': 0, 'age': 19, 'gender_code': 0, 'major_code': 6, 'academic_performance': np.float64(0.6927272727272726), 'study_habit_consistency': 0.6846846846846847}",,
685,student,S0686,胡杰,"{'node_type': 0, 'age': 19, 'gender_code': 1, 'major_code': 1, 'academic_performance': np.float64(0.7588888888888888), 'study_habit_consistency': 0.7349397590361446}",,
686,student,S0687,胡超,"{'node_type': 0, 'age': 21, 'gender_code': 1, 'major_code': 4, 'academic_performance': np.float64(0.7364285714285714), 'study_habit_consistency': 0.7205882352941176}",,
687,student,S0688,王丽,"{'node_type': 0, 'age': 24, 'gender_code': 1, 'major_code': 5, 'academic_performance': np.float64(0.73125), 'study_habit_consistency': 0.7831325301204819}",,
688,student,S0689,徐洋,"{'node_type': 0, 'age': 22, 'gender_code': 0, 'major_code': 0, 'academic_performance': np.float64(0.6946666666666667), 'study_habit_consistency': 0.6644736842105263}",,
689,student,S0690,胡涛,"{'node_type': 0, 'age': 22, 'gender_code': 0, 'major_code': 5, 'academic_performance': np.float64(0.6892307692307692), 'study_habit_consistency': 0.6865671641791045}",,
690,student,S0691,杨涛,"{'node_type': 0, 'age': 18, 'gender_code': 0, 'major_code': 4, 'academic_performance': np.float64(0.6790909090909091), 'study_habit_consistency': 0.6226415094339622}",,
691,student,S0692,陈静,"{'node_type': 0, 'age': 21, 'gender_code': 0, 'major_code': 4, 'academic_performance': np.float64(0.75375), 'study_habit_consistency': 0.7671232876712328}",,
692,student,S0693,吴勇,"{'node_type': 0, 'age': 19, 'gender_code': 1, 'major_code': 7, 'academic_performance': np.float64(0.7481818181818182), 'study_habit_consistency': 0.7454545454545455}",,
693,student,S0694,赵杰,"{'node_type': 0, 'age': 19, 'gender_code': 1, 'major_code': 0, 'academic_performance': np.float64(0.6823076923076923), 'study_habit_consistency': 0.6461538461538462}",,
694,student,S0695,王杰,"{'node_type': 0, 'age': 22, 'gender_code': 1, 'major_code': 2, 'academic_performance': np.float64(0.695), 'study_habit_consistency': 0.7402597402597403}",,
695,student,S0696,张强,"{'node_type': 0, 'age': 24, 'gender_code': 0, 'major_code': 4, 'academic_performance': np.float64(0.7085714285714286), 'study_habit_consistency': 0.7062937062937062}",,
696,student,S0697,朱伟,"{'node_type': 0, 'age': 23, 'gender_code': 0, 'major_code': 7, 'academic_performance': np.float64(0.6914285714285714), 'study_habit_consistency': 0.6992481203007519}",,
697,student,S0698,赵静,"{'node_type': 0, 'age': 24, 'gender_code': 0, 'major_code': 7, 'academic_performance': np.float64(0.753), 'study_habit_consistency': 0.74}",,
698,student,S0699,何伟,"{'node_type': 0, 'age': 20, 'gender_code': 0, 'major_code': 3, 'academic_performance': np.float64(0.67), 'study_habit_consistency': 0.6810344827586207}",,
699,student,S0700,林娟,"{'node_type': 0, 'age': 23, 'gender_code': 1, 'major_code': 0, 'academic_performance': np.float64(0.7455555555555555), 'study_habit_consistency': 0.6666666666666666}",,
700,student,S0701,胡娟,"{'node_type': 0, 'age': 23, 'gender_code': 0, 'major_code': 2, 'academic_performance': np.float64(0.71), 'study_habit_consistency': 0.7130434782608696}",,
701,student,S0702,胡军,"{'node_type': 0, 'age': 20, 'gender_code': 0, 'major_code': 0, 'academic_performance': np.float64(0.6846666666666666), 'study_habit_consistency': 0.7450980392156863}",,
702,student,S0703,马娜,"{'node_type': 0, 'age': 24, 'gender_code': 0, 'major_code': 2, 'academic_performance': np.float64(0.697857142857143), 'study_habit_consistency': 0.684931506849315}",,
703,student,S0704,郭强,"{'node_type': 0, 'age': 18, 'gender_code': 0, 'major_code': 3, 'academic_performance': np.float64(0.6988888888888889), 'study_habit_consistency': 0.6666666666666666}",,
704,student,S0705,周伟,"{'node_type': 0, 'age': 21, 'gender_code': 0, 'major_code': 6, 'academic_performance': np.float64(0.6022222222222222), 'study_habit_consistency': 0.7555555555555555}",,
705,student,S0706,刘敏,"{'node_type': 0, 'age': 19, 'gender_code': 1, 'major_code': 2, 'academic_performance': np.float64(0.7491666666666668), 'study_habit_consistency': 0.7043478260869566}",,
706,student,S0707,周伟,"{'node_type': 0, 'age': 23, 'gender_code': 1, 'major_code': 6, 'academic_performance': np.float64(0.6585714285714286), 'study_habit_consistency': 0.7183098591549296}",,
707,student,S0708,徐秀英,"{'node_type': 0, 'age': 23, 'gender_code': 0, 'major_code': 1, 'academic_performance': np.float64(0.7371428571428571), 'study_habit_consistency': 0.7352941176470589}",,
708,student,S0709,周勇,"{'node_type': 0, 'age': 18, 'gender_code': 0, 'major_code': 5, 'academic_performance': np.float64(0.625), 'study_habit_consistency': 0.6363636363636364}",,
709,student,S0710,徐洋,"{'node_type': 0, 'age': 18, 'gender_code': 0, 'major_code': 2, 'academic_performance': np.float64(0.75125), 'study_habit_consistency': 0.6753246753246753}",,
710,student,S0711,黄艳,"{'node_type': 0, 'age': 24, 'gender_code': 1, 'major_code': 7, 'academic_performance': np.float64(0.7025), 'study_habit_consistency': 0.7341772151898734}",,
711,student,S0712,罗娟,"{'node_type': 0, 'age': 21, 'gender_code': 0, 'major_code': 2, 'academic_performance': np.float64(0.6946153846153846), 'study_habit_consistency': 0.6515151515151515}",,
712,student,S0713,罗杰,"{'node_type': 0, 'age': 19, 'gender_code': 0, 'major_code': 1, 'academic_performance': np.float64(0.7121428571428571), 'study_habit_consistency': 0.762589928057554}",,
713,student,S0714,高强,"{'node_type': 0, 'age': 22, 'gender_code': 1, 'major_code': 1, 'academic_performance': np.float64(0.6866666666666668), 'study_habit_consistency': 0.7189542483660131}",,
714,student,S0715,李洋,"{'node_type': 0, 'age': 20, 'gender_code': 1, 'major_code': 5, 'academic_performance': np.float64(0.6971428571428571), 'study_habit_consistency': 0.6842105263157895}",,
715,student,S0716,刘杰,"{'node_type': 0, 'age': 22, 'gender_code': 0, 'major_code': 3, 'academic_performance': np.float64(0.72), 'study_habit_consistency': 0.7755102040816326}",,
716,student,S0717,赵平,"{'node_type': 0, 'age': 19, 'gender_code': 1, 'major_code': 3, 'academic_performance': np.float64(0.7366666666666667), 'study_habit_consistency': 0.7619047619047619}",,
717,student,S0718,赵强,"{'node_type': 0, 'age': 18, 'gender_code': 1, 'major_code': 1, 'academic_performance': np.float64(0.6414285714285713), 'study_habit_consistency': 0.7246376811594203}",,
718,student,S0719,郭艳,"{'node_type': 0, 'age': 25, 'gender_code': 0, 'major_code': 5, 'academic_performance': np.float64(0.65), 'study_habit_consistency': 0.6413043478260869}",,
719,student,S0720,李明,"{'node_type': 0, 'age': 24, 'gender_code': 0, 'major_code': 3, 'academic_performance': np.float64(0.749090909090909), 'study_habit_consistency': 0.6810344827586207}",,
720,student,S0721,马静,"{'node_type': 0, 'age': 24, 'gender_code': 0, 'major_code': 0, 'academic_performance': np.float64(0.7215384615384616), 'study_habit_consistency': 0.7121212121212122}",,
721,student,S0722,胡平,"{'node_type': 0, 'age': 18, 'gender_code': 1, 'major_code': 1, 'academic_performance': np.float64(0.78125), 'study_habit_consistency': 0.7105263157894737}",,
722,student,S0723,高敏,"{'node_type': 0, 'age': 19, 'gender_code': 1, 'major_code': 1, 'academic_performance': np.float64(0.7523076923076922), 'study_habit_consistency': 0.7244094488188977}",,
723,student,S0724,郭平,"{'node_type': 0, 'age': 23, 'gender_code': 0, 'major_code': 3, 'academic_performance': np.float64(0.725), 'study_habit_consistency': 0.6544117647058824}",,
724,student,S0725,何艳,"{'node_type': 0, 'age': 23, 'gender_code': 0, 'major_code': 3, 'academic_performance': np.float64(0.7218181818181819), 'study_habit_consistency': 0.7818181818181819}",,
725,student,S0726,陈静,"{'node_type': 0, 'age': 20, 'gender_code': 0, 'major_code': 4, 'academic_performance': np.float64(0.6809090909090909), 'study_habit_consistency': 0.6454545454545455}",,
726,student,S0727,吴明,"{'node_type': 0, 'age': 22, 'gender_code': 1, 'major_code': 3, 'academic_performance': np.float64(0.6922222222222223), 'study_habit_consistency': 0.7362637362637363}",,
727,student,S0728,吴磊,"{'node_type': 0, 'age': 20, 'gender_code': 0, 'major_code': 7, 'academic_performance': np.float64(0.7171428571428571), 'study_habit_consistency': 0.6575342465753424}",,
728,student,S0729,林娟,"{'node_type': 0, 'age': 20, 'gender_code': 0, 'major_code': 5, 'academic_performance': np.float64(0.6422222222222222), 'study_habit_consistency': 0.7021276595744681}",,
729,student,S0730,郭芳,"{'node_type': 0, 'age': 23, 'gender_code': 0, 'major_code': 5, 'academic_performance': np.float64(0.65), 'study_habit_consistency': 0.7164179104477612}",,
730,student,S0731,高杰,"{'node_type': 0, 'age': 18, 'gender_code': 1, 'major_code': 7, 'academic_performance': np.float64(0.72375), 'study_habit_consistency': 0.8072289156626506}",,
731,student,S0732,周磊,"{'node_type': 0, 'age': 23, 'gender_code': 0, 'major_code': 1, 'academic_performance': np.float64(0.66875), 'study_habit_consistency': 0.7012987012987013}",,
732,student,S0733,黄杰,"{'node_type': 0, 'age': 24, 'gender_code': 0, 'major_code': 1, 'academic_performance': np.float64(0.6976923076923077), 'study_habit_consistency': 0.6642857142857143}",,
733,student,S0734,杨娟,"{'node_type': 0, 'age': 25, 'gender_code': 0, 'major_code': 4, 'academic_performance': np.float64(0.6491666666666667), 'study_habit_consistency': 0.7090909090909091}",,
734,student,S0735,黄伟,"{'node_type': 0, 'age': 18, 'gender_code': 1, 'major_code': 3, 'academic_performance': np.float64(0.7040000000000001), 'study_habit_consistency': 0.743421052631579}",,
735,student,S0736,张娜,"{'node_type': 0, 'age': 20, 'gender_code': 1, 'major_code': 1, 'academic_performance': np.float64(0.6266666666666666), 'study_habit_consistency': 0.7089552238805971}",,
736,student,S0737,李静,"{'node_type': 0, 'age': 25, 'gender_code': 1, 'major_code': 6, 'academic_performance': np.float64(0.6535714285714286), 'study_habit_consistency': 0.7076923076923077}",,
737,student,S0738,李秀英,"{'node_type': 0, 'age': 25, 'gender_code': 0, 'major_code': 1, 'academic_performance': np.float64(0.701), 'study_habit_consistency': 0.75}",,
738,student,S0739,陈丽,"{'node_type': 0, 'age': 23, 'gender_code': 1, 'major_code': 2, 'academic_performance': np.float64(0.71875), 'study_habit_consistency': 0.6923076923076923}",,
739,student,S0740,高涛,"{'node_type': 0, 'age': 20, 'gender_code': 0, 'major_code': 1, 'academic_performance': np.float64(0.5845454545454545), 'study_habit_consistency': 0.7130434782608696}",,
740,student,S0741,陈霞,"{'node_type': 0, 'age': 24, 'gender_code': 0, 'major_code': 0, 'academic_performance': np.float64(0.675), 'study_habit_consistency': 0.7164179104477612}",,
741,student,S0742,陈勇,"{'node_type': 0, 'age': 25, 'gender_code': 0, 'major_code': 7, 'academic_performance': np.float64(0.68), 'study_habit_consistency': 0.7181818181818181}",,
742,student,S0743,王芳,"{'node_type': 0, 'age': 23, 'gender_code': 0, 'major_code': 0, 'academic_performance': np.float64(0.6866666666666668), 'study_habit_consistency': 0.7764705882352941}",,
743,student,S0744,马芳,"{'node_type': 0, 'age': 22, 'gender_code': 1, 'major_code': 0, 'academic_performance': np.float64(0.736), 'study_habit_consistency': 0.7524752475247525}",,
744,student,S0745,高丽,"{'node_type': 0, 'age': 22, 'gender_code': 1, 'major_code': 1, 'academic_performance': np.float64(0.7063636363636364), 'study_habit_consistency': 0.7047619047619048}",,
745,student,S0746,郭杰,"{'node_type': 0, 'age': 22, 'gender_code': 0, 'major_code': 5, 'academic_performance': np.float64(0.775), 'study_habit_consistency': 0.6756756756756757}",,
746,student,S0747,陈军,"{'node_type': 0, 'age': 21, 'gender_code': 0, 'major_code': 2, 'academic_performance': np.float64(0.6546153846153847), 'study_habit_consistency': 0.6}",,
747,student,S0748,周静,"{'node_type': 0, 'age': 23, 'gender_code': 0, 'major_code': 3, 'academic_performance': np.float64(0.6583333333333333), 'study_habit_consistency': 0.7647058823529411}",,
748,student,S0749,赵军,"{'node_type': 0, 'age': 21, 'gender_code': 1, 'major_code': 1, 'academic_performance': np.float64(0.687142857142857), 'study_habit_consistency': 0.6423357664233577}",,
749,student,S0750,周强,"{'node_type': 0, 'age': 18, 'gender_code': 1, 'major_code': 3, 'academic_performance': np.float64(0.7266666666666667), 'study_habit_consistency': 0.7466666666666667}",,
750,student,S0751,陈静,"{'node_type': 0, 'age': 18, 'gender_code': 1, 'major_code': 3, 'academic_performance': np.float64(0.7275), 'study_habit_consistency': 0.6891891891891891}",,
751,student,S0752,马明,"{'node_type': 0, 'age': 19, 'gender_code': 1, 'major_code': 1, 'academic_performance': np.float64(0.7), 'study_habit_consistency': 0.6696428571428571}",,
752,student,S0753,孙伟,"{'node_type': 0, 'age': 24, 'gender_code': 1, 'major_code': 2, 'academic_performance': np.float64(0.7509999999999999), 'study_habit_consistency': 0.6464646464646465}",,
753,student,S0754,孙军,"{'node_type': 0, 'age': 24, 'gender_code': 1, 'major_code': 5, 'academic_performance': np.float64(0.7058333333333333), 'study_habit_consistency': 0.7}",,
754,student,S0755,徐杰,"{'node_type': 0, 'age': 19, 'gender_code': 1, 'major_code': 1, 'academic_performance': np.float64(0.7523076923076922), 'study_habit_consistency': 0.6692913385826772}",,
755,student,S0756,王霞,"{'node_type': 0, 'age': 24, 'gender_code': 0, 'major_code': 1, 'academic_performance': np.float64(0.7218181818181819), 'study_habit_consistency': 0.75}",,
756,student,S0757,胡涛,"{'node_type': 0, 'age': 25, 'gender_code': 0, 'major_code': 4, 'academic_performance': np.float64(0.7071428571428571), 'study_habit_consistency': 0.6453900709219859}",,
757,student,S0758,黄超,"{'node_type': 0, 'age': 19, 'gender_code': 1, 'major_code': 5, 'academic_performance': np.float64(0.7233333333333333), 'study_habit_consistency': 0.732824427480916}",,
758,student,S0759,徐军,"{'node_type': 0, 'age': 22, 'gender_code': 0, 'major_code': 5, 'academic_performance': np.float64(0.6691666666666667), 'study_habit_consistency': 0.672}",,
759,student,S0760,张敏,"{'node_type': 0, 'age': 21, 'gender_code': 0, 'major_code': 0, 'academic_performance': np.float64(0.6781818181818181), 'study_habit_consistency': 0.6909090909090909}",,
760,student,S0761,杨芳,"{'node_type': 0, 'age': 24, 'gender_code': 0, 'major_code': 6, 'academic_performance': np.float64(0.6976923076923077), 'study_habit_consistency': 0.6796875}",,
761,student,S0762,罗静,"{'node_type': 0, 'age': 18, 'gender_code': 1, 'major_code': 4, 'academic_performance': np.float64(0.7278571428571429), 'study_habit_consistency': 0.6496350364963503}",,
762,student,S0763,朱磊,"{'node_type': 0, 'age': 21, 'gender_code': 1, 'major_code': 2, 'academic_performance': np.float64(0.7027272727272726), 'study_habit_consistency': 0.6504854368932039}",,
763,student,S0764,吴敏,"{'node_type': 0, 'age': 21, 'gender_code': 1, 'major_code': 6, 'academic_performance': np.float64(0.6975), 'study_habit_consistency': 0.6260162601626016}",,
764,student,S0765,高艳,"{'node_type': 0, 'age': 18, 'gender_code': 1, 'major_code': 2, 'academic_performance': np.float64(0.6845454545454546), 'study_habit_consistency': 0.7142857142857143}",,
765,student,S0766,孙艳,"{'node_type': 0, 'age': 22, 'gender_code': 0, 'major_code': 5, 'academic_performance': np.float64(0.6833333333333332), 'study_habit_consistency': 0.7248322147651006}",,
766,student,S0767,陈静,"{'node_type': 0, 'age': 18, 'gender_code': 0, 'major_code': 6, 'academic_performance': np.float64(0.6861538461538461), 'study_habit_consistency': 0.6985294117647058}",,
767,student,S0768,赵霞,"{'node_type': 0, 'age': 23, 'gender_code': 1, 'major_code': 2, 'academic_performance': np.float64(0.6466666666666667), 'study_habit_consistency': 0.7093023255813954}",,
768,student,S0769,徐伟,"{'node_type': 0, 'age': 24, 'gender_code': 0, 'major_code': 1, 'academic_performance': np.float64(0.7114285714285714), 'study_habit_consistency': 0.7014925373134329}",,
769,student,S0770,杨霞,"{'node_type': 0, 'age': 22, 'gender_code': 1, 'major_code': 0, 'academic_performance': np.float64(0.7014285714285714), 'study_habit_consistency': 0.7410071942446043}",,
770,student,S0771,林静,"{'node_type': 0, 'age': 18, 'gender_code': 0, 'major_code': 4, 'academic_performance': np.float64(0.71), 'study_habit_consistency': 0.725925925925926}",,
771,student,S0772,陈杰,"{'node_type': 0, 'age': 19, 'gender_code': 0, 'major_code': 2, 'academic_performance': np.float64(0.706923076923077), 'study_habit_consistency': 0.7022900763358778}",,
772,student,S0773,刘勇,"{'node_type': 0, 'age': 24, 'gender_code': 0, 'major_code': 6, 'academic_performance': np.float64(0.6855555555555556), 'study_habit_consistency': 0.6951219512195121}",,
773,student,S0774,罗娜,"{'node_type': 0, 'age': 20, 'gender_code': 1, 'major_code': 3, 'academic_performance': np.float64(0.6785714285714286), 'study_habit_consistency': 0.7142857142857143}",,
774,student,S0775,张伟,"{'node_type': 0, 'age': 20, 'gender_code': 0, 'major_code': 0, 'academic_performance': np.float64(0.6876923076923077), 'study_habit_consistency': 0.7194244604316546}",,
775,student,S0776,林洋,"{'node_type': 0, 'age': 24, 'gender_code': 0, 'major_code': 5, 'academic_performance': np.float64(0.7315384615384616), 'study_habit_consistency': 0.6984126984126984}",,
776,student,S0777,何秀英,"{'node_type': 0, 'age': 20, 'gender_code': 0, 'major_code': 1, 'academic_performance': np.float64(0.67375), 'study_habit_consistency': 0.6578947368421053}",,
777,student,S0778,刘超,"{'node_type': 0, 'age': 19, 'gender_code': 1, 'major_code': 7, 'academic_performance': np.float64(0.7125), 'study_habit_consistency': 0.7155172413793104}",,
778,student,S0779,郭娟,"{'node_type': 0, 'age': 19, 'gender_code': 1, 'major_code': 5, 'academic_performance': np.float64(0.7377777777777778), 'study_habit_consistency': 0.7142857142857143}",,
779,student,S0780,何平,"{'node_type': 0, 'age': 24, 'gender_code': 0, 'major_code': 1, 'academic_performance': np.float64(0.713076923076923), 'study_habit_consistency': 0.6842105263157895}",,
780,student,S0781,徐芳,"{'node_type': 0, 'age': 18, 'gender_code': 1, 'major_code': 0, 'academic_performance': np.float64(0.741), 'study_habit_consistency': 0.7628865979381443}",,
781,student,S0782,郭勇,"{'node_type': 0, 'age': 20, 'gender_code': 1, 'major_code': 3, 'academic_performance': np.float64(0.69), 'study_habit_consistency': 0.6741573033707865}",,
782,student,S0783,张明,"{'node_type': 0, 'age': 23, 'gender_code': 0, 'major_code': 0, 'academic_performance': np.float64(0.6511111111111112), 'study_habit_consistency': 0.6979166666666666}",,
783,student,S0784,胡超,"{'node_type': 0, 'age': 25, 'gender_code': 0, 'major_code': 6, 'academic_performance': np.float64(0.7154545454545455), 'study_habit_consistency': 0.7457627118644068}",,
784,student,S0785,吴娟,"{'node_type': 0, 'age': 24, 'gender_code': 0, 'major_code': 6, 'academic_performance': np.float64(0.695), 'study_habit_consistency': 0.7654320987654321}",,
785,student,S0786,朱勇,"{'node_type': 0, 'age': 23, 'gender_code': 0, 'major_code': 1, 'academic_performance': np.float64(0.8079999999999999), 'study_habit_consistency': 0.75}",,
786,student,S0787,赵霞,"{'node_type': 0, 'age': 21, 'gender_code': 1, 'major_code': 4, 'academic_performance': np.float64(0.6427272727272727), 'study_habit_consistency': 0.6415094339622641}",,
787,student,S0788,马伟,"{'node_type': 0, 'age': 24, 'gender_code': 1, 'major_code': 4, 'academic_performance': np.float64(0.7241666666666667), 'study_habit_consistency': 0.7007874015748031}",,
788,student,S0789,何丽,"{'node_type': 0, 'age': 20, 'gender_code': 0, 'major_code': 4, 'academic_performance': np.float64(0.6922222222222223), 'study_habit_consistency': 0.7311827956989247}",,
789,student,S0790,徐磊,"{'node_type': 0, 'age': 25, 'gender_code': 1, 'major_code': 0, 'academic_performance': np.float64(0.7377777777777778), 'study_habit_consistency': 0.65}",,
790,student,S0791,罗娟,"{'node_type': 0, 'age': 20, 'gender_code': 1, 'major_code': 6, 'academic_performance': np.float64(0.708), 'study_habit_consistency': 0.7142857142857143}",,
791,student,S0792,赵杰,"{'node_type': 0, 'age': 23, 'gender_code': 0, 'major_code': 4, 'academic_performance': np.float64(0.6738461538461539), 'study_habit_consistency': 0.7461538461538462}",,
792,student,S0793,孙强,"{'node_type': 0, 'age': 19, 'gender_code': 0, 'major_code': 2, 'academic_performance': np.float64(0.7055555555555556), 'study_habit_consistency': 0.7263157894736842}",,
793,student,S0794,马丽,"{'node_type': 0, 'age': 19, 'gender_code': 0, 'major_code': 3, 'academic_performance': np.float64(0.6633333333333333), 'study_habit_consistency': 0.7157894736842105}",,
794,student,S0795,孙军,"{'node_type': 0, 'age': 18, 'gender_code': 1, 'major_code': 4, 'academic_performance': np.float64(0.748), 'study_habit_consistency': 0.693069306930693}",,
795,student,S0796,马洋,"{'node_type': 0, 'age': 25, 'gender_code': 0, 'major_code': 3, 'academic_performance': np.float64(0.71), 'study_habit_consistency': 0.7064220183486238}",,
796,student,S0797,林静,"{'node_type': 0, 'age': 19, 'gender_code': 1, 'major_code': 7, 'academic_performance': np.float64(0.703), 'study_habit_consistency': 0.6767676767676768}",,
797,student,S0798,杨娜,"{'node_type': 0, 'age': 18, 'gender_code': 1, 'major_code': 2, 'academic_performance': np.float64(0.7107692307692308), 'study_habit_consistency': 0.7175572519083969}",,
798,student,S0799,何勇,"{'node_type': 0, 'age': 19, 'gender_code': 1, 'major_code': 3, 'academic_performance': np.float64(0.649090909090909), 'study_habit_consistency': 0.6761904761904762}",,
799,student,S0800,徐勇,"{'node_type': 0, 'age': 19, 'gender_code': 1, 'major_code': 5, 'academic_performance': np.float64(0.7009090909090909), 'study_habit_consistency': 0.7232142857142857}",,
800,student,S0801,吴丽,"{'node_type': 0, 'age': 18, 'gender_code': 0, 'major_code': 3, 'academic_performance': np.float64(0.6666666666666667), 'study_habit_consistency': 0.7027027027027027}",,
801,student,S0802,杨明,"{'node_type': 0, 'age': 20, 'gender_code': 0, 'major_code': 4, 'academic_performance': np.float64(0.78625), 'study_habit_consistency': 0.7567567567567568}",,
802,student,S0803,高超,"{'node_type': 0, 'age': 25, 'gender_code': 0, 'major_code': 4, 'academic_performance': np.float64(0.6911111111111111), 'study_habit_consistency': 0.7777777777777778}",,
803,student,S0804,吴涛,"{'node_type': 0, 'age': 22, 'gender_code': 1, 'major_code': 1, 'academic_performance': np.float64(0.7076923076923077), 'study_habit_consistency': 0.7286821705426356}",,
804,student,S0805,李伟,"{'node_type': 0, 'age': 24, 'gender_code': 0, 'major_code': 6, 'academic_performance': np.float64(0.7342857142857143), 'study_habit_consistency': 0.7121212121212122}",,
805,student,S0806,高强,"{'node_type': 0, 'age': 20, 'gender_code': 1, 'major_code': 2, 'academic_performance': np.float64(0.7533333333333333), 'study_habit_consistency': 0.7074829931972789}",,
806,student,S0807,张娟,"{'node_type': 0, 'age': 23, 'gender_code': 0, 'major_code': 1, 'academic_performance': np.float64(0.6588888888888889), 'study_habit_consistency': 0.6483516483516484}",,
807,student,S0808,杨敏,"{'node_type': 0, 'age': 19, 'gender_code': 0, 'major_code': 1, 'academic_performance': np.float64(0.713), 'study_habit_consistency': 0.6597938144329897}",,
808,student,S0809,高敏,"{'node_type': 0, 'age': 23, 'gender_code': 0, 'major_code': 7, 'academic_performance': np.float64(0.7116666666666667), 'study_habit_consistency': 0.6612903225806451}",,
809,student,S0810,马平,"{'node_type': 0, 'age': 23, 'gender_code': 0, 'major_code': 7, 'academic_performance': np.float64(0.705), 'study_habit_consistency': 0.7132352941176471}",,
810,student,S0811,马平,"{'node_type': 0, 'age': 19, 'gender_code': 1, 'major_code': 4, 'academic_performance': np.float64(0.665), 'study_habit_consistency': 0.6761904761904762}",,
811,student,S0812,吴磊,"{'node_type': 0, 'age': 20, 'gender_code': 0, 'major_code': 2, 'academic_performance': np.float64(0.6453846153846153), 'study_habit_consistency': 0.6511627906976745}",,
812,student,S0813,何秀英,"{'node_type': 0, 'age': 21, 'gender_code': 1, 'major_code': 0, 'academic_performance': np.float64(0.6525), 'study_habit_consistency': 0.7058823529411765}",,
813,student,S0814,马平,"{'node_type': 0, 'age': 19, 'gender_code': 0, 'major_code': 0, 'academic_performance': np.float64(0.69), 'study_habit_consistency': 0.6896551724137931}",,
814,student,S0815,胡静,"{'node_type': 0, 'age': 19, 'gender_code': 0, 'major_code': 4, 'academic_performance': np.float64(0.74125), 'study_habit_consistency': 0.7125}",,
815,student,S0816,何娜,"{'node_type': 0, 'age': 22, 'gender_code': 1, 'major_code': 1, 'academic_performance': np.float64(0.7366666666666667), 'study_habit_consistency': 0.7583333333333333}",,
816,student,S0817,胡涛,"{'node_type': 0, 'age': 20, 'gender_code': 0, 'major_code': 1, 'academic_performance': np.float64(0.67875), 'study_habit_consistency': 0.7058823529411765}",,
817,student,S0818,陈洋,"{'node_type': 0, 'age': 20, 'gender_code': 0, 'major_code': 1, 'academic_performance': np.float64(0.6846153846153846), 'study_habit_consistency': 0.7540983606557377}",,
818,student,S0819,孙秀英,"{'node_type': 0, 'age': 23, 'gender_code': 0, 'major_code': 3, 'academic_performance': np.float64(0.6784615384615384), 'study_habit_consistency': 0.6771653543307087}",,
819,student,S0820,王娜,"{'node_type': 0, 'age': 24, 'gender_code': 1, 'major_code': 6, 'academic_performance': np.float64(0.657142857142857), 'study_habit_consistency': 0.6956521739130435}",,
820,student,S0821,张洋,"{'node_type': 0, 'age': 23, 'gender_code': 1, 'major_code': 5, 'academic_performance': np.float64(0.70625), 'study_habit_consistency': 0.7682926829268293}",,
821,student,S0822,朱涛,"{'node_type': 0, 'age': 21, 'gender_code': 1, 'major_code': 6, 'academic_performance': np.float64(0.685), 'study_habit_consistency': 0.7155172413793104}",,
822,student,S0823,张秀英,"{'node_type': 0, 'age': 21, 'gender_code': 0, 'major_code': 0, 'academic_performance': np.float64(0.728), 'study_habit_consistency': 0.74}",,
823,student,S0824,高勇,"{'node_type': 0, 'age': 23, 'gender_code': 1, 'major_code': 4, 'academic_performance': np.float64(0.7026666666666667), 'study_habit_consistency': 0.6821192052980133}",,
824,student,S0825,郭明,"{'node_type': 0, 'age': 21, 'gender_code': 1, 'major_code': 0, 'academic_performance': np.float64(0.6933333333333332), 'study_habit_consistency': 0.768595041322314}",,
825,student,S0826,徐磊,"{'node_type': 0, 'age': 19, 'gender_code': 1, 'major_code': 1, 'academic_performance': np.float64(0.7140000000000001), 'study_habit_consistency': 0.6060606060606061}",,
826,student,S0827,周强,"{'node_type': 0, 'age': 22, 'gender_code': 0, 'major_code': 5, 'academic_performance': np.float64(0.6825), 'study_habit_consistency': 0.7338709677419355}",,
827,student,S0828,杨勇,"{'node_type': 0, 'age': 19, 'gender_code': 0, 'major_code': 6, 'academic_performance': np.float64(0.7177777777777777), 'study_habit_consistency': 0.7865168539325843}",,
828,student,S0829,徐洋,"{'node_type': 0, 'age': 24, 'gender_code': 0, 'major_code': 0, 'academic_performance': np.float64(0.7427272727272727), 'study_habit_consistency': 0.7363636363636363}",,
829,student,S0830,郭敏,"{'node_type': 0, 'age': 20, 'gender_code': 0, 'major_code': 7, 'academic_performance': np.float64(0.7083333333333333), 'study_habit_consistency': 0.6779661016949152}",,
830,student,S0831,赵秀英,"{'node_type': 0, 'age': 21, 'gender_code': 0, 'major_code': 6, 'academic_performance': np.float64(0.7166666666666667), 'study_habit_consistency': 0.7548387096774194}",,
831,student,S0832,郭平,"{'node_type': 0, 'age': 24, 'gender_code': 0, 'major_code': 6, 'academic_performance': np.float64(0.6964285714285714), 'study_habit_consistency': 0.7279411764705882}",,
832,student,S0833,吴静,"{'node_type': 0, 'age': 23, 'gender_code': 0, 'major_code': 7, 'academic_performance': np.float64(0.711), 'study_habit_consistency': 0.6504854368932039}",,
833,student,S0834,徐丽,"{'node_type': 0, 'age': 20, 'gender_code': 1, 'major_code': 4, 'academic_performance': np.float64(0.6933333333333332), 'study_habit_consistency': 0.7}",,
834,student,S0835,郭芳,"{'node_type': 0, 'age': 25, 'gender_code': 1, 'major_code': 7, 'academic_performance': np.float64(0.73875), 'study_habit_consistency': 0.6904761904761905}",,
835,student,S0836,高平,"{'node_type': 0, 'age': 18, 'gender_code': 1, 'major_code': 3, 'academic_performance': np.float64(0.7013333333333334), 'study_habit_consistency': 0.7375886524822695}",,
836,student,S0837,李涛,"{'node_type': 0, 'age': 21, 'gender_code': 1, 'major_code': 7, 'academic_performance': np.float64(0.66), 'study_habit_consistency': 0.7006802721088435}",,
837,student,S0838,马明,"{'node_type': 0, 'age': 21, 'gender_code': 1, 'major_code': 5, 'academic_performance': np.float64(0.7077777777777777), 'study_habit_consistency': 0.6}",,
838,student,S0839,林明,"{'node_type': 0, 'age': 18, 'gender_code': 1, 'major_code': 6, 'academic_performance': np.float64(0.765), 'study_habit_consistency': 0.7142857142857143}",,
839,student,S0840,王伟,"{'node_type': 0, 'age': 19, 'gender_code': 1, 'major_code': 7, 'academic_performance': np.float64(0.6881818181818181), 'study_habit_consistency': 0.7064220183486238}",,
840,student,S0841,何敏,"{'node_type': 0, 'age': 22, 'gender_code': 1, 'major_code': 4, 'academic_performance': np.float64(0.6972727272727274), 'study_habit_consistency': 0.6213592233009708}",,
841,student,S0842,周霞,"{'node_type': 0, 'age': 24, 'gender_code': 0, 'major_code': 2, 'academic_performance': np.float64(0.6692307692307692), 'study_habit_consistency': 0.7218045112781954}",,
842,student,S0843,何霞,"{'node_type': 0, 'age': 20, 'gender_code': 0, 'major_code': 0, 'academic_performance': np.float64(0.728), 'study_habit_consistency': 0.7236842105263158}",,
843,student,S0844,何秀英,"{'node_type': 0, 'age': 19, 'gender_code': 1, 'major_code': 2, 'academic_performance': np.float64(0.725), 'study_habit_consistency': 0.7439024390243902}",,
844,student,S0845,吴平,"{'node_type': 0, 'age': 22, 'gender_code': 1, 'major_code': 5, 'academic_performance': np.float64(0.7658333333333333), 'study_habit_consistency': 0.6141732283464567}",,
845,student,S0846,高平,"{'node_type': 0, 'age': 19, 'gender_code': 0, 'major_code': 2, 'academic_performance': np.float64(0.7411111111111112), 'study_habit_consistency': 0.7311827956989247}",,
846,student,S0847,杨静,"{'node_type': 0, 'age': 18, 'gender_code': 1, 'major_code': 7, 'academic_performance': np.float64(0.6775), 'study_habit_consistency': 0.7073170731707317}",,
847,student,S0848,郭磊,"{'node_type': 0, 'age': 22, 'gender_code': 0, 'major_code': 7, 'academic_performance': np.float64(0.7413333333333334), 'study_habit_consistency': 0.620253164556962}",,
848,student,S0849,刘杰,"{'node_type': 0, 'age': 22, 'gender_code': 1, 'major_code': 7, 'academic_performance': np.float64(0.68875), 'study_habit_consistency': 0.6708860759493671}",,
849,student,S0850,李敏,"{'node_type': 0, 'age': 21, 'gender_code': 0, 'major_code': 6, 'academic_performance': np.float64(0.7364285714285714), 'study_habit_consistency': 0.7028985507246377}",,
850,student,S0851,杨涛,"{'node_type': 0, 'age': 20, 'gender_code': 0, 'major_code': 5, 'academic_performance': np.float64(0.7222222222222223), 'study_habit_consistency': 0.6956521739130435}",,
851,student,S0852,朱涛,"{'node_type': 0, 'age': 18, 'gender_code': 0, 'major_code': 5, 'academic_performance': np.float64(0.7366666666666667), 'study_habit_consistency': 0.8043478260869565}",,
852,student,S0853,陈秀英,"{'node_type': 0, 'age': 18, 'gender_code': 0, 'major_code': 6, 'academic_performance': np.float64(0.6722222222222223), 'study_habit_consistency': 0.7159090909090909}",,
853,student,S0854,王磊,"{'node_type': 0, 'age': 22, 'gender_code': 1, 'major_code': 6, 'academic_performance': np.float64(0.7109090909090909), 'study_habit_consistency': 0.5420560747663551}",,
854,student,S0855,周杰,"{'node_type': 0, 'age': 24, 'gender_code': 0, 'major_code': 6, 'academic_performance': np.float64(0.7118181818181819), 'study_habit_consistency': 0.7102803738317757}",,
855,student,S0856,罗秀英,"{'node_type': 0, 'age': 22, 'gender_code': 1, 'major_code': 2, 'academic_performance': np.float64(0.6486666666666666), 'study_habit_consistency': 0.7133757961783439}",,
856,student,S0857,高磊,"{'node_type': 0, 'age': 24, 'gender_code': 0, 'major_code': 2, 'academic_performance': np.float64(0.7193333333333334), 'study_habit_consistency': 0.7266666666666667}",,
857,student,S0858,刘强,"{'node_type': 0, 'age': 22, 'gender_code': 0, 'major_code': 2, 'academic_performance': np.float64(0.6785714285714286), 'study_habit_consistency': 0.6992481203007519}",,
858,student,S0859,黄洋,"{'node_type': 0, 'age': 18, 'gender_code': 1, 'major_code': 4, 'academic_performance': np.float64(0.7283333333333333), 'study_habit_consistency': 0.7288135593220338}",,
859,student,S0860,朱杰,"{'node_type': 0, 'age': 23, 'gender_code': 0, 'major_code': 1, 'academic_performance': np.float64(0.6759999999999999), 'study_habit_consistency': 0.78}",,
860,student,S0861,孙娟,"{'node_type': 0, 'age': 20, 'gender_code': 0, 'major_code': 7, 'academic_performance': np.float64(0.73), 'study_habit_consistency': 0.6551724137931034}",,
861,student,S0862,周平,"{'node_type': 0, 'age': 19, 'gender_code': 0, 'major_code': 0, 'academic_performance': np.float64(0.6923076923076923), 'study_habit_consistency': 0.7}",,
862,student,S0863,罗伟,"{'node_type': 0, 'age': 24, 'gender_code': 0, 'major_code': 5, 'academic_performance': np.float64(0.70375), 'study_habit_consistency': 0.6097560975609756}",,
863,student,S0864,马敏,"{'node_type': 0, 'age': 21, 'gender_code': 0, 'major_code': 7, 'academic_performance': np.float64(0.6933333333333332), 'study_habit_consistency': 0.618421052631579}",,
864,student,S0865,张丽,"{'node_type': 0, 'age': 20, 'gender_code': 0, 'major_code': 6, 'academic_performance': np.float64(0.6646666666666667), 'study_habit_consistency': 0.7039473684210527}",,
865,student,S0866,朱明,"{'node_type': 0, 'age': 21, 'gender_code': 1, 'major_code': 5, 'academic_performance': np.float64(0.68), 'study_habit_consistency': 0.7425742574257426}",,
866,student,S0867,张娜,"{'node_type': 0, 'age': 19, 'gender_code': 1, 'major_code': 0, 'academic_performance': np.float64(0.66375), 'study_habit_consistency': 0.7530864197530864}",,
867,student,S0868,陈平,"{'node_type': 0, 'age': 18, 'gender_code': 0, 'major_code': 5, 'academic_performance': np.float64(0.75), 'study_habit_consistency': 0.7022900763358778}",,
868,student,S0869,李秀英,"{'node_type': 0, 'age': 23, 'gender_code': 1, 'major_code': 7, 'academic_performance': np.float64(0.7126666666666667), 'study_habit_consistency': 0.7911392405063291}",,
869,student,S0870,林军,"{'node_type': 0, 'age': 20, 'gender_code': 1, 'major_code': 3, 'academic_performance': np.float64(0.763), 'study_habit_consistency': 0.6831683168316832}",,
870,student,S0871,何芳,"{'node_type': 0, 'age': 23, 'gender_code': 0, 'major_code': 7, 'academic_performance': np.float64(0.7193333333333334), 'study_habit_consistency': 0.6540880503144654}",,
871,student,S0872,何艳,"{'node_type': 0, 'age': 20, 'gender_code': 0, 'major_code': 0, 'academic_performance': np.float64(0.7166666666666667), 'study_habit_consistency': 0.651685393258427}",,
872,student,S0873,张磊,"{'node_type': 0, 'age': 22, 'gender_code': 0, 'major_code': 6, 'academic_performance': np.float64(0.7), 'study_habit_consistency': 0.7037037037037037}",,
873,student,S0874,何娟,"{'node_type': 0, 'age': 25, 'gender_code': 0, 'major_code': 0, 'academic_performance': np.float64(0.7183333333333333), 'study_habit_consistency': 0.7457627118644068}",,
874,student,S0875,赵艳,"{'node_type': 0, 'age': 20, 'gender_code': 1, 'major_code': 4, 'academic_performance': np.float64(0.7033333333333333), 'study_habit_consistency': 0.7261904761904762}",,
875,student,S0876,高伟,"{'node_type': 0, 'age': 20, 'gender_code': 0, 'major_code': 0, 'academic_performance': np.float64(0.75), 'study_habit_consistency': 0.743801652892562}",,
876,student,S0877,高杰,"{'node_type': 0, 'age': 25, 'gender_code': 0, 'major_code': 4, 'academic_performance': np.float64(0.7088888888888889), 'study_habit_consistency': 0.7045454545454546}",,
877,student,S0878,周平,"{'node_type': 0, 'age': 24, 'gender_code': 1, 'major_code': 0, 'academic_performance': np.float64(0.6609999999999999), 'study_habit_consistency': 0.6764705882352942}",,
878,student,S0879,何芳,"{'node_type': 0, 'age': 20, 'gender_code': 0, 'major_code': 5, 'academic_performance': np.float64(0.5855555555555556), 'study_habit_consistency': 0.6666666666666666}",,
879,student,S0880,杨强,"{'node_type': 0, 'age': 25, 'gender_code': 0, 'major_code': 5, 'academic_performance': np.float64(0.71), 'study_habit_consistency': 0.6744186046511628}",,
880,student,S0881,周伟,"{'node_type': 0, 'age': 19, 'gender_code': 1, 'major_code': 4, 'academic_performance': np.float64(0.7171428571428571), 'study_habit_consistency': 0.6971830985915493}",,
881,student,S0882,马芳,"{'node_type': 0, 'age': 23, 'gender_code': 0, 'major_code': 4, 'academic_performance': np.float64(0.6675), 'study_habit_consistency': 0.7142857142857143}",,
882,student,S0883,马洋,"{'node_type': 0, 'age': 23, 'gender_code': 0, 'major_code': 7, 'academic_performance': np.float64(0.6853846153846154), 'study_habit_consistency': 0.6641221374045801}",,
883,student,S0884,李洋,"{'node_type': 0, 'age': 20, 'gender_code': 1, 'major_code': 7, 'academic_performance': np.float64(0.6591666666666667), 'study_habit_consistency': 0.672}",,
884,student,S0885,杨军,"{'node_type': 0, 'age': 24, 'gender_code': 1, 'major_code': 6, 'academic_performance': np.float64(0.6833333333333332), 'study_habit_consistency': 0.680672268907563}",,
885,student,S0886,郭涛,"{'node_type': 0, 'age': 24, 'gender_code': 0, 'major_code': 1, 'academic_performance': np.float64(0.6866666666666668), 'study_habit_consistency': 0.8048780487804879}",,
886,student,S0887,赵军,"{'node_type': 0, 'age': 22, 'gender_code': 1, 'major_code': 6, 'academic_performance': np.float64(0.695), 'study_habit_consistency': 0.7047619047619048}",,
887,student,S0888,李秀英,"{'node_type': 0, 'age': 20, 'gender_code': 0, 'major_code': 3, 'academic_performance': np.float64(0.6936363636363636), 'study_habit_consistency': 0.6857142857142857}",,
888,student,S0889,赵勇,"{'node_type': 0, 'age': 19, 'gender_code': 0, 'major_code': 3, 'academic_performance': np.float64(0.6533333333333333), 'study_habit_consistency': 0.7978723404255319}",,
889,student,S0890,何敏,"{'node_type': 0, 'age': 18, 'gender_code': 1, 'major_code': 2, 'academic_performance': np.float64(0.725), 'study_habit_consistency': 0.6638655462184874}",,
890,student,S0891,赵伟,"{'node_type': 0, 'age': 19, 'gender_code': 0, 'major_code': 0, 'academic_performance': np.float64(0.725), 'study_habit_consistency': 0.6910569105691057}",,
891,student,S0892,李洋,"{'node_type': 0, 'age': 21, 'gender_code': 0, 'major_code': 2, 'academic_performance': np.float64(0.6855555555555556), 'study_habit_consistency': 0.7127659574468085}",,
892,student,S0893,周静,"{'node_type': 0, 'age': 24, 'gender_code': 1, 'major_code': 5, 'academic_performance': np.float64(0.7264285714285714), 'study_habit_consistency': 0.7708333333333334}",,
893,student,S0894,赵静,"{'node_type': 0, 'age': 19, 'gender_code': 1, 'major_code': 4, 'academic_performance': np.float64(0.6976923076923077), 'study_habit_consistency': 0.7293233082706767}",,
894,student,S0895,林勇,"{'node_type': 0, 'age': 25, 'gender_code': 1, 'major_code': 1, 'academic_performance': np.float64(0.6933333333333332), 'study_habit_consistency': 0.6931818181818182}",,
895,student,S0896,吴勇,"{'node_type': 0, 'age': 20, 'gender_code': 1, 'major_code': 7, 'academic_performance': np.float64(0.7040000000000001), 'study_habit_consistency': 0.7}",,
896,student,S0897,何勇,"{'node_type': 0, 'age': 20, 'gender_code': 0, 'major_code': 4, 'academic_performance': np.float64(0.6511111111111112), 'study_habit_consistency': 0.6413043478260869}",,
897,student,S0898,黄超,"{'node_type': 0, 'age': 21, 'gender_code': 1, 'major_code': 5, 'academic_performance': np.float64(0.6629999999999999), 'study_habit_consistency': 0.7706422018348624}",,
898,student,S0899,朱强,"{'node_type': 0, 'age': 24, 'gender_code': 1, 'major_code': 4, 'academic_performance': np.float64(0.649090909090909), 'study_habit_consistency': 0.75}",,
899,student,S0900,林艳,"{'node_type': 0, 'age': 25, 'gender_code': 0, 'major_code': 4, 'academic_performance': np.float64(0.7281818181818182), 'study_habit_consistency': 0.6909090909090909}",,
900,student,S0901,张磊,"{'node_type': 0, 'age': 19, 'gender_code': 1, 'major_code': 3, 'academic_performance': np.float64(0.7563636363636363), 'study_habit_consistency': 0.7545454545454545}",,
901,student,S0902,李强,"{'node_type': 0, 'age': 21, 'gender_code': 0, 'major_code': 6, 'academic_performance': np.float64(0.6933333333333332), 'study_habit_consistency': 0.7515527950310559}",,
902,student,S0903,林磊,"{'node_type': 0, 'age': 19, 'gender_code': 1, 'major_code': 1, 'academic_performance': np.float64(0.7422222222222223), 'study_habit_consistency': 0.5531914893617021}",,
903,student,S0904,徐娜,"{'node_type': 0, 'age': 19, 'gender_code': 1, 'major_code': 0, 'academic_performance': np.float64(0.78), 'study_habit_consistency': 0.75}",,
904,student,S0905,徐磊,"{'node_type': 0, 'age': 23, 'gender_code': 0, 'major_code': 3, 'academic_performance': np.float64(0.7544444444444445), 'study_habit_consistency': 0.6804123711340206}",,
905,student,S0906,何静,"{'node_type': 0, 'age': 19, 'gender_code': 1, 'major_code': 7, 'academic_performance': np.float64(0.6507692307692308), 'study_habit_consistency': 0.6194029850746269}",,
906,student,S0907,杨娟,"{'node_type': 0, 'age': 20, 'gender_code': 0, 'major_code': 0, 'academic_performance': np.float64(0.7318181818181819), 'study_habit_consistency': 0.7477477477477478}",,
907,student,S0908,林平,"{'node_type': 0, 'age': 22, 'gender_code': 0, 'major_code': 4, 'academic_performance': np.float64(0.758), 'study_habit_consistency': 0.6504854368932039}",,
908,student,S0909,李超,"{'node_type': 0, 'age': 19, 'gender_code': 1, 'major_code': 4, 'academic_performance': np.float64(0.7113333333333334), 'study_habit_consistency': 0.6762589928057554}",,
909,student,S0910,何磊,"{'node_type': 0, 'age': 21, 'gender_code': 1, 'major_code': 4, 'academic_performance': np.float64(0.7242857142857143), 'study_habit_consistency': 0.7573529411764706}",,
910,student,S0911,赵强,"{'node_type': 0, 'age': 22, 'gender_code': 1, 'major_code': 2, 'academic_performance': np.float64(0.6579999999999999), 'study_habit_consistency': 0.6912751677852349}",,
911,student,S0912,马娟,"{'node_type': 0, 'age': 20, 'gender_code': 1, 'major_code': 6, 'academic_performance': np.float64(0.7026666666666667), 'study_habit_consistency': 0.6733333333333333}",,
912,student,S0913,陈芳,"{'node_type': 0, 'age': 25, 'gender_code': 0, 'major_code': 3, 'academic_performance': np.float64(0.71), 'study_habit_consistency': 0.6986301369863014}",,
913,student,S0914,杨涛,"{'node_type': 0, 'age': 19, 'gender_code': 0, 'major_code': 7, 'academic_performance': np.float64(0.7154545454545455), 'study_habit_consistency': 0.6880733944954128}",,
914,student,S0915,罗明,"{'node_type': 0, 'age': 22, 'gender_code': 0, 'major_code': 1, 'academic_performance': np.float64(0.730909090909091), 'study_habit_consistency': 0.6636363636363637}",,
915,student,S0916,杨磊,"{'node_type': 0, 'age': 18, 'gender_code': 1, 'major_code': 4, 'academic_performance': np.float64(0.7), 'study_habit_consistency': 0.6857142857142857}",,
916,student,S0917,李明,"{'node_type': 0, 'age': 20, 'gender_code': 1, 'major_code': 3, 'academic_performance': np.float64(0.7709999999999999), 'study_habit_consistency': 0.797979797979798}",,
917,student,S0918,杨洋,"{'node_type': 0, 'age': 22, 'gender_code': 1, 'major_code': 1, 'academic_performance': np.float64(0.698), 'study_habit_consistency': 0.7623762376237624}",,
918,student,S0919,吴秀英,"{'node_type': 0, 'age': 18, 'gender_code': 1, 'major_code': 7, 'academic_performance': np.float64(0.6709999999999999), 'study_habit_consistency': 0.7052631578947368}",,
919,student,S0920,黄强,"{'node_type': 0, 'age': 22, 'gender_code': 0, 'major_code': 5, 'academic_performance': np.float64(0.6966666666666668), 'study_habit_consistency': 0.72}",,
920,student,S0921,郭霞,"{'node_type': 0, 'age': 22, 'gender_code': 0, 'major_code': 1, 'academic_performance': np.float64(0.6888888888888889), 'study_habit_consistency': 0.6413043478260869}",,
921,student,S0922,黄娜,"{'node_type': 0, 'age': 18, 'gender_code': 1, 'major_code': 1, 'academic_performance': np.float64(0.7175), 'study_habit_consistency': 0.6916666666666667}",,
922,student,S0923,高磊,"{'node_type': 0, 'age': 18, 'gender_code': 0, 'major_code': 7, 'academic_performance': np.float64(0.74125), 'study_habit_consistency': 0.7088607594936709}",,
923,student,S0924,赵洋,"{'node_type': 0, 'age': 18, 'gender_code': 1, 'major_code': 6, 'academic_performance': np.float64(0.7641666666666667), 'study_habit_consistency': 0.75}",,
924,student,S0925,罗霞,"{'node_type': 0, 'age': 20, 'gender_code': 1, 'major_code': 5, 'academic_performance': np.float64(0.6475), 'study_habit_consistency': 0.78125}",,
925,student,S0926,郭伟,"{'node_type': 0, 'age': 25, 'gender_code': 0, 'major_code': 2, 'academic_performance': np.float64(0.7435714285714287), 'study_habit_consistency': 0.6496350364963503}",,
926,student,S0927,何军,"{'node_type': 0, 'age': 20, 'gender_code': 0, 'major_code': 2, 'academic_performance': np.float64(0.6944444444444444), 'study_habit_consistency': 0.6421052631578947}",,
927,student,S0928,何明,"{'node_type': 0, 'age': 18, 'gender_code': 0, 'major_code': 5, 'academic_performance': np.float64(0.7007142857142857), 'study_habit_consistency': 0.6690140845070423}",,
928,student,S0929,徐霞,"{'node_type': 0, 'age': 24, 'gender_code': 0, 'major_code': 5, 'academic_performance': np.float64(0.6215384615384615), 'study_habit_consistency': 0.7196969696969697}",,
929,student,S0930,孙洋,"{'node_type': 0, 'age': 25, 'gender_code': 1, 'major_code': 2, 'academic_performance': np.float64(0.64625), 'study_habit_consistency': 0.84}",,
930,student,S0931,林娟,"{'node_type': 0, 'age': 24, 'gender_code': 0, 'major_code': 2, 'academic_performance': np.float64(0.7492857142857143), 'study_habit_consistency': 0.7310344827586207}",,
931,student,S0932,杨丽,"{'node_type': 0, 'age': 21, 'gender_code': 1, 'major_code': 3, 'academic_performance': np.float64(0.76125), 'study_habit_consistency': 0.5972222222222222}",,
932,student,S0933,赵洋,"{'node_type': 0, 'age': 18, 'gender_code': 0, 'major_code': 2, 'academic_performance': np.float64(0.7509999999999999), 'study_habit_consistency': 0.7142857142857143}",,
933,student,S0934,张敏,"{'node_type': 0, 'age': 20, 'gender_code': 0, 'major_code': 3, 'academic_performance': np.float64(0.69375), 'study_habit_consistency': 0.7402597402597403}",,
934,student,S0935,吴超,"{'node_type': 0, 'age': 21, 'gender_code': 1, 'major_code': 1, 'academic_performance': np.float64(0.6961538461538461), 'study_habit_consistency': 0.7560975609756098}",,
935,student,S0936,吴勇,"{'node_type': 0, 'age': 23, 'gender_code': 1, 'major_code': 1, 'academic_performance': np.float64(0.7283333333333333), 'study_habit_consistency': 0.6964285714285714}",,
936,student,S0937,黄涛,"{'node_type': 0, 'age': 21, 'gender_code': 1, 'major_code': 2, 'academic_performance': np.float64(0.6933333333333332), 'study_habit_consistency': 0.7261146496815286}",,
937,student,S0938,吴静,"{'node_type': 0, 'age': 22, 'gender_code': 0, 'major_code': 1, 'academic_performance': np.float64(0.728), 'study_habit_consistency': 0.7043478260869566}",,
938,student,S0939,黄霞,"{'node_type': 0, 'age': 23, 'gender_code': 0, 'major_code': 4, 'academic_performance': np.float64(0.7263636363636364), 'study_habit_consistency': 0.6495726495726496}",,
939,student,S0940,罗丽,"{'node_type': 0, 'age': 22, 'gender_code': 0, 'major_code': 7, 'academic_performance': np.float64(0.729090909090909), 'study_habit_consistency': 0.7767857142857143}",,
940,student,S0941,周明,"{'node_type': 0, 'age': 20, 'gender_code': 0, 'major_code': 7, 'academic_performance': np.float64(0.7272727272727273), 'study_habit_consistency': 0.7241379310344828}",,
941,student,S0942,吴娟,"{'node_type': 0, 'age': 23, 'gender_code': 1, 'major_code': 1, 'academic_performance': np.float64(0.742), 'study_habit_consistency': 0.7515923566878981}",,
942,student,S0943,徐明,"{'node_type': 0, 'age': 23, 'gender_code': 0, 'major_code': 2, 'academic_performance': np.float64(0.6872727272727274), 'study_habit_consistency': 0.7452830188679245}",,
943,student,S0944,杨杰,"{'node_type': 0, 'age': 21, 'gender_code': 0, 'major_code': 2, 'academic_performance': np.float64(0.741), 'study_habit_consistency': 0.7083333333333334}",,
944,student,S0945,罗秀英,"{'node_type': 0, 'age': 25, 'gender_code': 0, 'major_code': 7, 'academic_performance': np.float64(0.6611111111111111), 'study_habit_consistency': 0.7752808988764045}",,
945,student,S0946,何洋,"{'node_type': 0, 'age': 20, 'gender_code': 1, 'major_code': 3, 'academic_performance': np.float64(0.6773333333333333), 'study_habit_consistency': 0.6907894736842105}",,
946,student,S0947,马艳,"{'node_type': 0, 'age': 24, 'gender_code': 1, 'major_code': 0, 'academic_performance': np.float64(0.7290000000000001), 'study_habit_consistency': 0.7216494845360825}",,
947,student,S0948,朱勇,"{'node_type': 0, 'age': 20, 'gender_code': 0, 'major_code': 0, 'academic_performance': np.float64(0.7125), 'study_habit_consistency': 0.743801652892562}",,
948,student,S0949,周丽,"{'node_type': 0, 'age': 20, 'gender_code': 1, 'major_code': 1, 'academic_performance': np.float64(0.6422222222222222), 'study_habit_consistency': 0.6777777777777778}",,
949,student,S0950,高磊,"{'node_type': 0, 'age': 22, 'gender_code': 1, 'major_code': 7, 'academic_performance': np.float64(0.684), 'study_habit_consistency': 0.6458333333333334}",,
950,student,S0951,高丽,"{'node_type': 0, 'age': 22, 'gender_code': 1, 'major_code': 4, 'academic_performance': np.float64(0.6809090909090909), 'study_habit_consistency': 0.6190476190476191}",,
951,student,S0952,周伟,"{'node_type': 0, 'age': 19, 'gender_code': 0, 'major_code': 3, 'academic_performance': np.float64(0.6233333333333334), 'study_habit_consistency': 0.773109243697479}",,
952,student,S0953,陈杰,"{'node_type': 0, 'age': 20, 'gender_code': 1, 'major_code': 7, 'academic_performance': np.float64(0.6836363636363636), 'study_habit_consistency': 0.7079646017699115}",,
953,student,S0954,朱涛,"{'node_type': 0, 'age': 25, 'gender_code': 0, 'major_code': 2, 'academic_performance': np.float64(0.6577777777777777), 'study_habit_consistency': 0.7011494252873564}",,
954,student,S0955,郭勇,"{'node_type': 0, 'age': 18, 'gender_code': 1, 'major_code': 2, 'academic_performance': np.float64(0.757), 'study_habit_consistency': 0.7425742574257426}",,
955,student,S0956,黄军,"{'node_type': 0, 'age': 23, 'gender_code': 0, 'major_code': 0, 'academic_performance': np.float64(0.713), 'study_habit_consistency': 0.6804123711340206}",,
956,student,S0957,黄静,"{'node_type': 0, 'age': 19, 'gender_code': 1, 'major_code': 5, 'academic_performance': np.float64(0.7225), 'study_habit_consistency': 0.6666666666666666}",,
957,student,S0958,马丽,"{'node_type': 0, 'age': 24, 'gender_code': 1, 'major_code': 4, 'academic_performance': np.float64(0.6816666666666668), 'study_habit_consistency': 0.6638655462184874}",,
958,student,S0959,李丽,"{'node_type': 0, 'age': 18, 'gender_code': 0, 'major_code': 7, 'academic_performance': np.float64(0.634), 'study_habit_consistency': 0.7058823529411765}",,
959,student,S0960,何杰,"{'node_type': 0, 'age': 24, 'gender_code': 0, 'major_code': 6, 'academic_performance': np.float64(0.71375), 'study_habit_consistency': 0.6666666666666666}",,
960,student,S0961,孙娟,"{'node_type': 0, 'age': 25, 'gender_code': 1, 'major_code': 1, 'academic_performance': np.float64(0.6113333333333333), 'study_habit_consistency': 0.7074829931972789}",,
961,student,S0962,杨艳,"{'node_type': 0, 'age': 22, 'gender_code': 0, 'major_code': 2, 'academic_performance': np.float64(0.6746666666666666), 'study_habit_consistency': 0.78}",,
962,student,S0963,周强,"{'node_type': 0, 'age': 19, 'gender_code': 1, 'major_code': 1, 'academic_performance': np.float64(0.7153333333333333), 'study_habit_consistency': 0.7412587412587412}",,
963,student,S0964,高军,"{'node_type': 0, 'age': 22, 'gender_code': 1, 'major_code': 3, 'academic_performance': np.float64(0.6122222222222222), 'study_habit_consistency': 0.6853932584269663}",,
964,student,S0965,黄勇,"{'node_type': 0, 'age': 22, 'gender_code': 1, 'major_code': 1, 'academic_performance': np.float64(0.701), 'study_habit_consistency': 0.6526315789473685}",,
965,student,S0966,徐伟,"{'node_type': 0, 'age': 18, 'gender_code': 0, 'major_code': 0, 'academic_performance': np.float64(0.7244444444444444), 'study_habit_consistency': 0.651685393258427}",,
966,student,S0967,马秀英,"{'node_type': 0, 'age': 21, 'gender_code': 0, 'major_code': 5, 'academic_performance': np.float64(0.6641666666666667), 'study_habit_consistency': 0.6696428571428571}",,
967,student,S0968,林霞,"{'node_type': 0, 'age': 19, 'gender_code': 0, 'major_code': 2, 'academic_performance': np.float64(0.6266666666666666), 'study_habit_consistency': 0.75}",,
968,student,S0969,赵磊,"{'node_type': 0, 'age': 24, 'gender_code': 0, 'major_code': 7, 'academic_performance': np.float64(0.6544444444444444), 'study_habit_consistency': 0.7126436781609196}",,
969,student,S0970,吴娟,"{'node_type': 0, 'age': 22, 'gender_code': 0, 'major_code': 7, 'academic_performance': np.float64(0.7193333333333334), 'study_habit_consistency': 0.7307692307692307}",,
970,student,S0971,孙娜,"{'node_type': 0, 'age': 20, 'gender_code': 0, 'major_code': 3, 'academic_performance': np.float64(0.6776923076923077), 'study_habit_consistency': 0.7642276422764228}",,
971,student,S0972,刘芳,"{'node_type': 0, 'age': 18, 'gender_code': 1, 'major_code': 5, 'academic_performance': np.float64(0.654), 'study_habit_consistency': 0.6886792452830188}",,
972,student,S0973,林敏,"{'node_type': 0, 'age': 22, 'gender_code': 1, 'major_code': 7, 'academic_performance': np.float64(0.6675), 'study_habit_consistency': 0.7926829268292683}",,
973,student,S0974,李强,"{'node_type': 0, 'age': 20, 'gender_code': 0, 'major_code': 2, 'academic_performance': np.float64(0.6808333333333333), 'study_habit_consistency': 0.6949152542372882}",,
974,student,S0975,李敏,"{'node_type': 0, 'age': 20, 'gender_code': 1, 'major_code': 0, 'academic_performance': np.float64(0.7411111111111112), 'study_habit_consistency': 0.7303370786516854}",,
975,student,S0976,罗平,"{'node_type': 0, 'age': 18, 'gender_code': 1, 'major_code': 5, 'academic_performance': np.float64(0.7), 'study_habit_consistency': 0.7254901960784313}",,
976,student,S0977,徐霞,"{'node_type': 0, 'age': 22, 'gender_code': 0, 'major_code': 5, 'academic_performance': np.float64(0.7140000000000001), 'study_habit_consistency': 0.7189542483660131}",,
977,student,S0978,周军,"{'node_type': 0, 'age': 20, 'gender_code': 1, 'major_code': 2, 'academic_performance': np.float64(0.7175), 'study_habit_consistency': 0.7721518987341772}",,
978,student,S0979,李秀英,"{'node_type': 0, 'age': 18, 'gender_code': 0, 'major_code': 4, 'academic_performance': np.float64(0.6709999999999999), 'study_habit_consistency': 0.7450980392156863}",,
979,student,S0980,刘丽,"{'node_type': 0, 'age': 23, 'gender_code': 0, 'major_code': 0, 'academic_performance': np.float64(0.7327272727272727), 'study_habit_consistency': 0.6915887850467289}",,
980,student,S0981,吴娟,"{'node_type': 0, 'age': 20, 'gender_code': 1, 'major_code': 0, 'academic_performance': np.float64(0.6875), 'study_habit_consistency': 0.7088607594936709}",,
981,student,S0982,刘秀英,"{'node_type': 0, 'age': 22, 'gender_code': 1, 'major_code': 3, 'academic_performance': np.float64(0.685), 'study_habit_consistency': 0.7073170731707317}",,
982,student,S0983,张强,"{'node_type': 0, 'age': 24, 'gender_code': 0, 'major_code': 6, 'academic_performance': np.float64(0.6859999999999999), 'study_habit_consistency': 0.7044025157232704}",,
983,student,S0984,吴敏,"{'node_type': 0, 'age': 22, 'gender_code': 0, 'major_code': 3, 'academic_performance': np.float64(0.6308333333333334), 'study_habit_consistency': 0.7166666666666667}",,
984,student,S0985,罗静,"{'node_type': 0, 'age': 22, 'gender_code': 0, 'major_code': 5, 'academic_performance': np.float64(0.7244444444444444), 'study_habit_consistency': 0.7126436781609196}",,
985,student,S0986,马洋,"{'node_type': 0, 'age': 18, 'gender_code': 0, 'major_code': 2, 'academic_performance': np.float64(0.6683333333333333), 'study_habit_consistency': 0.7131147540983607}",,
986,student,S0987,林勇,"{'node_type': 0, 'age': 24, 'gender_code': 0, 'major_code': 1, 'academic_performance': np.float64(0.6885714285714286), 'study_habit_consistency': 0.6554054054054054}",,
987,student,S0988,朱芳,"{'node_type': 0, 'age': 19, 'gender_code': 0, 'major_code': 6, 'academic_performance': np.float64(0.705), 'study_habit_consistency': 0.7619047619047619}",,
988,student,S0989,吴强,"{'node_type': 0, 'age': 21, 'gender_code': 1, 'major_code': 4, 'academic_performance': np.float64(0.71), 'study_habit_consistency': 0.7741935483870968}",,
989,student,S0990,林娜,"{'node_type': 0, 'age': 21, 'gender_code': 0, 'major_code': 6, 'academic_performance': np.float64(0.77), 'study_habit_consistency': 0.7692307692307693}",,
990,student,S0991,林霞,"{'node_type': 0, 'age': 20, 'gender_code': 1, 'major_code': 1, 'academic_performance': np.float64(0.69), 'study_habit_consistency': 0.6564885496183206}",,
991,student,S0992,张强,"{'node_type': 0, 'age': 21, 'gender_code': 1, 'major_code': 3, 'academic_performance': np.float64(0.7292307692307692), 'study_habit_consistency': 0.6946564885496184}",,
992,student,S0993,何涛,"{'node_type': 0, 'age': 22, 'gender_code': 0, 'major_code': 3, 'academic_performance': np.float64(0.6958333333333333), 'study_habit_consistency': 0.6693548387096774}",,
993,student,S0994,何霞,"{'node_type': 0, 'age': 24, 'gender_code': 0, 'major_code': 7, 'academic_performance': np.float64(0.7336363636363636), 'study_habit_consistency': 0.7272727272727273}",,
994,student,S0995,高娜,"{'node_type': 0, 'age': 25, 'gender_code': 1, 'major_code': 0, 'academic_performance': np.float64(0.6914285714285714), 'study_habit_consistency': 0.6834532374100719}",,
995,student,S0996,周涛,"{'node_type': 0, 'age': 24, 'gender_code': 0, 'major_code': 6, 'academic_performance': np.float64(0.6664285714285714), 'study_habit_consistency': 0.7111111111111111}",,
996,student,S0997,胡霞,"{'node_type': 0, 'age': 22, 'gender_code': 1, 'major_code': 4, 'academic_performance': np.float64(0.7142857142857143), 'study_habit_consistency': 0.7222222222222222}",,
997,student,S0998,何勇,"{'node_type': 0, 'age': 21, 'gender_code': 0, 'major_code': 5, 'academic_performance': np.float64(0.6742857142857143), 'study_habit_consistency': 0.7172413793103448}",,
998,student,S0999,孙敏,"{'node_type': 0, 'age': 25, 'gender_code': 0, 'major_code': 7, 'academic_performance': np.float64(0.6722222222222223), 'study_habit_consistency': 0.6741573033707865}",,
999,student,S1000,赵敏,"{'node_type': 0, 'age': 23, 'gender_code': 1, 'major_code': 7, 'academic_performance': np.float64(0.7363636363636364), 'study_habit_consistency': 0.625}",,
1000,time_period,,,"{'node_type': 1, 'week_number': 1, 'is_midterm': 0, 'is_final': 0, 'season_factor': 0.08333333333333333}",1.0,
1001,time_period,,,"{'node_type': 1, 'week_number': 2, 'is_midterm': 0, 'is_final': 0, 'season_factor': 0.16666666666666666}",2.0,
1002,time_period,,,"{'node_type': 1, 'week_number': 3, 'is_midterm': 0, 'is_final': 0, 'season_factor': 0.25}",3.0,
1003,time_period,,,"{'node_type': 1, 'week_number': 4, 'is_midterm': 1, 'is_final': 0, 'season_factor': 0.3333333333333333}",4.0,
1004,time_period,,,"{'node_type': 1, 'week_number': 5, 'is_midterm': 0, 'is_final': 0, 'season_factor': 0.4166666666666667}",5.0,
1005,time_period,,,"{'node_type': 1, 'week_number': 6, 'is_midterm': 0, 'is_final': 0, 'season_factor': 0.5}",6.0,
1006,time_period,,,"{'node_type': 1, 'week_number': 7, 'is_midterm': 0, 'is_final': 0, 'season_factor': 0.5833333333333334}",7.0,
1007,time_period,,,"{'node_type': 1, 'week_number': 8, 'is_midterm': 0, 'is_final': 1, 'season_factor': 0.6666666666666666}",8.0,
1008,course,,,"{'node_type': 2, 'difficulty_level': np.float64(0.5042773600668338), 'credits': 4, 'popularity_score': 1.0}",,程序设计基础
1009,course,,,"{'node_type': 2, 'difficulty_level': 0.5, 'credits': 2, 'popularity_score': 1.0}",,高等数学
1010,course,,,"{'node_type': 2, 'difficulty_level': np.float64(0.5697723577235773), 'credits': 3, 'popularity_score': 1.0}",,数据库原理
1011,course,,,"{'node_type': 2, 'difficulty_level': np.float64(0.537201646090535), 'credits': 4, 'popularity_score': 1.0}",,嵌入式系统
1012,course,,,"{'node_type': 2, 'difficulty_level': np.float64(0.5283660130718955), 'credits': 3, 'popularity_score': 1.0}",,自然语言处理
1013,course,,,"{'node_type': 2, 'difficulty_level': np.float64(0.5336507936507937), 'credits': 4, 'popularity_score': 1.0}",,大数据技术
1014,course,,,"{'node_type': 2, 'difficulty_level': np.float64(0.5357981803143093), 'credits': 3, 'popularity_score': 1.0}",,软件工程
1015,course,,,"{'node_type': 2, 'difficulty_level': np.float64(0.5734814814814815), 'credits': 3, 'popularity_score': 1.0}",,自动驾驶技术
1016,course,,,"{'node_type': 2, 'difficulty_level': np.float64(0.5722385620915031), 'credits': 3, 'popularity_score': 1.0}",,区块链技术
1017,course,,,"{'node_type': 2, 'difficulty_level': np.float64(0.5413917525773195), 'credits': 4, 'popularity_score': 1.0}",,云计算
1018,course,,,"{'node_type': 2, 'difficulty_level': np.float64(0.5343869731800767), 'credits': 2, 'popularity_score': 1.0}",,数据挖掘
1019,course,,,"{'node_type': 2, 'difficulty_level': np.float64(0.581337099811676), 'credits': 2, 'popularity_score': 1.0}",,量子计算导论
1020,course,,,"{'node_type': 2, 'difficulty_level': np.float64(0.537231329690346), 'credits': 2, 'popularity_score': 1.0}",,深度学习
1021,course,,,"{'node_type': 2, 'difficulty_level': 0.5, 'credits': 2, 'popularity_score': 1.0}",,线性代数
1022,course,,,"{'node_type': 2, 'difficulty_level': np.float64(0.5693145161290323), 'credits': 4, 'popularity_score': 1.0}",,计算机网络
1023,course,,,"{'node_type': 2, 'difficulty_level': np.float64(0.56892498066512), 'credits': 4, 'popularity_score': 1.0}",,数据结构
1024,course,,,"{'node_type': 2, 'difficulty_level': np.float64(0.5314930555555555), 'credits': 3, 'popularity_score': 1.0}",,物联网技术
1025,course,,,"{'node_type': 2, 'difficulty_level': np.float64(0.503992773261066), 'credits': 3, 'popularity_score': 1.0}",,计算机组成原理
1026,course,,,"{'node_type': 2, 'difficulty_level': np.float64(0.5471212121212121), 'credits': 4, 'popularity_score': 1.0}",,计算机视觉
1027,course,,,"{'node_type': 2, 'difficulty_level': np.float64(0.5362148337595908), 'credits': 2, 'popularity_score': 1.0}",,密码学基础
1028,course,,,"{'node_type': 2, 'difficulty_level': np.float64(0.569352657004831), 'credits': 4, 'popularity_score': 1.0}",,强化学习
1029,course,,,"{'node_type': 2, 'difficulty_level': np.float64(0.5719557823129252), 'credits': 2, 'popularity_score': 1.0}",,算法设计与分析
1030,course,,,"{'node_type': 2, 'difficulty_level': np.float64(0.5344684252597922), 'credits': 3, 'popularity_score': 1.0}",,信息安全
1031,course,,,"{'node_type': 2, 'difficulty_level': np.float64(0.5736212121212121), 'credits': 4, 'popularity_score': 1.0}",,操作系统
1032,course,,,"{'node_type': 2, 'difficulty_level': 0.5, 'credits': 3, 'popularity_score': 1.0}",,概率论与数理统计
1033,course,,,"{'node_type': 2, 'difficulty_level': 0.5, 'credits': 3, 'popularity_score': 1.0}",,大学物理
1034,course,,,"{'node_type': 2, 'difficulty_level': np.float64(0.5372136752136751), 'credits': 3, 'popularity_score': 1.0}",,人工智能导论
1035,course,,,"{'node_type': 2, 'difficulty_level': np.float64(0.5372602739726027), 'credits': 4, 'popularity_score': 1.0}",,机器学习
1036,course,,,"{'node_type': 2, 'difficulty_level': 0.5, 'credits': 4, 'popularity_score': 1.0}",,离散数学
