student_id_1,week_1,student_id_2,week_2,pair_type,similarity,time_distance,behavior_distance
S0001,1,S0001,3,positive,0.8682,2.0,
S0001,1,S0001,5,positive,0.7763,4.0,
S0001,1,S0001,8,positive,0.6544,7.0,
S0001,3,S0001,5,positive,0.9318,2.0,
S0001,5,S0001,6,positive,0.9138,1.0,
S0001,6,S0001,7,positive,0.9455,1.0,
S0002,1,S0002,2,positive,0.95,1.0,
S0002,1,S0002,7,positive,0.7041,6.0,
S0002,1,S0002,8,positive,0.6567,7.0,
S0002,3,S0002,6,positive,0.7662,3.0,
S0002,3,S0002,7,positive,0.7352,4.0,
S0002,3,S0002,8,positive,0.6517,5.0,
S0002,4,S0002,5,positive,0.8533,1.0,
S0003,1,S0003,4,positive,0.8192,3.0,
S0003,1,S0003,5,positive,0.7613,4.0,
S0003,1,S0003,8,positive,0.7981,7.0,
S0003,2,S0003,4,positive,0.8041,2.0,
S0003,2,S0003,6,positive,0.7068,4.0,
S0003,2,S0003,8,positive,0.6346,6.0,
S0003,3,S0003,6,positive,0.896,3.0,
S0003,3,S0003,8,positive,0.7102,5.0,
S0003,5,S0003,8,positive,0.9235,3.0,
S0003,6,S0003,7,positive,0.95,1.0,
S0003,7,S0003,8,positive,0.95,1.0,
S0004,1,S0004,3,positive,0.9472,2.0,
S0004,1,S0004,4,positive,0.8289,3.0,
S0004,1,S0004,7,positive,0.7569,6.0,
S0004,2,S0004,3,positive,0.9375,1.0,
S0004,2,S0004,5,positive,0.9125,3.0,
S0004,3,S0004,4,positive,0.95,1.0,
S0004,4,S0004,6,positive,0.8425,2.0,
S0004,5,S0004,7,positive,0.9208,2.0,
S0004,6,S0004,7,positive,0.9025,1.0,
S0004,6,S0004,8,positive,0.8101,2.0,
S0005,1,S0005,3,positive,0.9328,2.0,
S0005,1,S0005,4,positive,0.8091,3.0,
S0005,1,S0005,6,positive,0.703,5.0,
S0005,1,S0005,8,positive,0.6771,7.0,
S0005,2,S0005,4,positive,0.8729,2.0,
S0005,2,S0005,8,positive,0.7326,6.0,
S0005,3,S0005,6,positive,0.8435,3.0,
S0005,5,S0005,8,positive,0.8518,3.0,
S0005,7,S0005,8,positive,0.95,1.0,
S0006,1,S0006,5,positive,0.7603,4.0,
S0006,2,S0006,4,positive,0.8037,2.0,
S0006,2,S0006,5,positive,0.9189,3.0,
S0006,2,S0006,7,positive,0.8481,5.0,
S0006,2,S0006,8,positive,0.7151,6.0,
S0006,3,S0006,5,positive,0.9046,2.0,
S0006,3,S0006,8,positive,0.7132,5.0,
S0006,4,S0006,6,positive,0.95,2.0,
S0006,4,S0006,8,positive,0.8646,4.0,
S0006,5,S0006,6,positive,0.8546,1.0,
S0006,5,S0006,7,positive,0.818,2.0,
S0006,5,S0006,8,positive,0.7639,3.0,
S0006,6,S0006,7,positive,0.8905,1.0,
S0007,1,S0007,5,positive,0.8715,4.0,
S0007,2,S0007,5,positive,0.8544,3.0,
S0007,3,S0007,6,positive,0.945,3.0,
S0007,3,S0007,8,positive,0.7811,5.0,
S0007,4,S0007,6,positive,0.9277,2.0,
S0007,5,S0007,7,positive,0.8896,2.0,
S0007,6,S0007,7,positive,0.95,1.0,
S0007,7,S0007,8,positive,0.95,1.0,
S0008,1,S0008,3,positive,0.8066,2.0,
S0008,1,S0008,5,positive,0.7615,4.0,
S0008,2,S0008,3,positive,0.9416,1.0,
S0008,2,S0008,5,positive,0.8414,3.0,
S0008,2,S0008,6,positive,0.8959,4.0,
S0008,4,S0008,5,positive,0.9179,1.0,
S0008,4,S0008,8,positive,0.8556,4.0,
S0008,5,S0008,6,positive,0.9313,1.0,
S0008,5,S0008,7,positive,0.95,2.0,
S0008,6,S0008,7,positive,0.9264,1.0,
S0009,1,S0009,3,positive,0.8695,2.0,
S0009,3,S0009,5,positive,0.95,2.0,
S0009,5,S0009,6,positive,0.9066,1.0,
S0009,5,S0009,8,positive,0.7917,3.0,
S0010,1,S0010,4,positive,0.9192,3.0,
S0010,2,S0010,6,positive,0.7353,4.0,
S0010,3,S0010,4,positive,0.8645,1.0,
S0010,3,S0010,8,positive,0.7996,5.0,
S0010,4,S0010,5,positive,0.95,1.0,
S0010,4,S0010,6,positive,0.95,2.0,
S0010,4,S0010,7,positive,0.8935,3.0,
S0010,5,S0010,7,positive,0.9362,2.0,
S0010,7,S0010,8,positive,0.95,1.0,
S0011,1,S0011,2,positive,0.95,1.0,
S0011,1,S0011,8,positive,0.7675,7.0,
S0011,2,S0011,7,positive,0.6879,5.0,
S0011,2,S0011,8,positive,0.6122,6.0,
S0011,3,S0011,7,positive,0.707,4.0,
S0011,4,S0011,5,positive,0.95,1.0,
S0012,1,S0012,3,positive,0.95,2.0,
S0012,1,S0012,5,positive,0.7499,4.0,
S0012,1,S0012,6,positive,0.6573,5.0,
S0012,2,S0012,3,positive,0.95,1.0,
S0012,2,S0012,7,positive,0.8126,5.0,
S0012,3,S0012,4,positive,0.8877,1.0,
S0012,3,S0012,5,positive,0.95,2.0,
S0012,6,S0012,8,positive,0.8167,2.0,
S0013,1,S0013,2,positive,0.95,1.0,
S0013,1,S0013,3,positive,0.9162,2.0,
S0013,2,S0013,6,positive,0.8422,4.0,
S0013,2,S0013,8,positive,0.7901,6.0,
S0013,3,S0013,8,positive,0.8461,5.0,
S0013,4,S0013,5,positive,0.95,1.0,
S0013,5,S0013,8,positive,0.777,3.0,
S0013,6,S0013,7,positive,0.9384,1.0,
S0014,1,S0014,3,positive,0.9365,2.0,
S0014,1,S0014,5,positive,0.7252,4.0,
S0014,3,S0014,7,positive,0.8856,4.0,
S0014,3,S0014,8,positive,0.8419,5.0,
S0014,4,S0014,5,positive,0.8819,1.0,
S0014,5,S0014,6,positive,0.95,1.0,
S0014,5,S0014,8,positive,0.8103,3.0,
S0014,6,S0014,8,positive,0.9055,2.0,
S0015,1,S0015,2,positive,0.8901,1.0,
S0015,1,S0015,3,positive,0.95,2.0,
S0015,2,S0015,5,positive,0.8263,3.0,
S0015,2,S0015,6,positive,0.8861,4.0,
S0015,2,S0015,7,positive,0.8151,5.0,
S0015,3,S0015,5,positive,0.8606,2.0,
S0015,3,S0015,8,positive,0.6503,5.0,
S0015,4,S0015,6,positive,0.8276,2.0,
S0015,5,S0015,7,positive,0.9255,2.0,
S0015,6,S0015,7,positive,0.8591,1.0,
S0016,1,S0016,5,positive,0.7106,4.0,
S0016,2,S0016,3,positive,0.95,1.0,
S0016,3,S0016,5,positive,0.9151,2.0,
S0016,3,S0016,6,positive,0.863,3.0,
S0016,3,S0016,8,positive,0.8495,5.0,
S0016,4,S0016,6,positive,0.9315,2.0,
S0016,4,S0016,7,positive,0.9107,3.0,
S0016,4,S0016,8,positive,0.8192,4.0,
S0016,5,S0016,6,positive,0.8613,1.0,
S0016,6,S0016,7,positive,0.9018,1.0,
S0016,6,S0016,8,positive,0.95,2.0,
S0017,1,S0017,3,positive,0.95,2.0,
S0017,1,S0017,4,positive,0.7586,3.0,
S0017,1,S0017,8,positive,0.6723,7.0,
S0017,2,S0017,3,positive,0.95,1.0,
S0017,3,S0017,8,positive,0.6959,5.0,
S0017,6,S0017,7,positive,0.8581,1.0,
S0018,1,S0018,2,positive,0.8881,1.0,
S0018,2,S0018,6,positive,0.8339,4.0,
S0018,3,S0018,6,positive,0.8912,3.0,
S0018,4,S0018,6,positive,0.8857,2.0,
S0018,6,S0018,7,positive,0.95,1.0,
S0018,6,S0018,8,positive,0.95,2.0,
S0019,1,S0019,6,positive,0.7043,5.0,
S0019,1,S0019,7,positive,0.674,6.0,
S0019,1,S0019,8,positive,0.7886,7.0,
S0019,2,S0019,5,positive,0.8198,3.0,
S0019,3,S0019,5,positive,0.864,2.0,
S0019,3,S0019,6,positive,0.7904,3.0,
S0019,3,S0019,8,positive,0.7824,5.0,
S0019,4,S0019,8,positive,0.8076,4.0,
S0019,5,S0019,6,positive,0.95,1.0,
S0020,1,S0020,2,positive,0.9232,1.0,
S0020,2,S0020,4,positive,0.8347,2.0,
S0020,2,S0020,5,positive,0.8739,3.0,
S0020,2,S0020,6,positive,0.8998,4.0,
S0020,3,S0020,4,positive,0.95,1.0,
S0020,3,S0020,7,positive,0.7834,4.0,
S0020,3,S0020,8,positive,0.6911,5.0,
S0020,4,S0020,7,positive,0.8873,3.0,
S0020,5,S0020,6,positive,0.95,1.0,
S0020,5,S0020,8,positive,0.8117,3.0,
S0020,6,S0020,7,positive,0.95,1.0,
S0020,6,S0020,8,positive,0.9187,2.0,
S0020,7,S0020,8,positive,0.95,1.0,
S0021,1,S0021,7,positive,0.72,6.0,
S0021,2,S0021,3,positive,0.95,1.0,
S0021,2,S0021,4,positive,0.8744,2.0,
S0021,2,S0021,5,positive,0.9426,3.0,
S0021,2,S0021,7,positive,0.7392,5.0,
S0021,3,S0021,4,positive,0.8881,1.0,
S0021,3,S0021,7,positive,0.7287,4.0,
S0021,4,S0021,5,positive,0.95,1.0,
S0021,5,S0021,7,positive,0.8318,2.0,
S0022,1,S0022,5,positive,0.7064,4.0,
S0022,1,S0022,6,positive,0.7925,5.0,
S0022,2,S0022,3,positive,0.95,1.0,
S0022,3,S0022,4,positive,0.95,1.0,
S0022,4,S0022,7,positive,0.7967,3.0,
S0022,6,S0022,7,positive,0.95,1.0,
S0023,1,S0023,6,positive,0.7956,5.0,
S0023,2,S0023,3,positive,0.95,1.0,
S0023,2,S0023,6,positive,0.8443,4.0,
S0023,3,S0023,5,positive,0.95,2.0,
S0023,3,S0023,7,positive,0.7795,4.0,
S0023,4,S0023,6,positive,0.95,2.0,
S0023,4,S0023,7,positive,0.8623,3.0,
S0024,2,S0024,3,positive,0.95,1.0,
S0024,2,S0024,5,positive,0.7831,3.0,
S0024,2,S0024,7,positive,0.85,5.0,
S0024,3,S0024,8,positive,0.7227,5.0,
S0024,5,S0024,6,positive,0.95,1.0,
S0024,6,S0024,7,positive,0.8514,1.0,
S0024,6,S0024,8,positive,0.9271,2.0,
S0025,1,S0025,3,positive,0.8263,2.0,
S0025,1,S0025,4,positive,0.9122,3.0,
S0025,1,S0025,6,positive,0.7311,5.0,
S0025,1,S0025,8,positive,0.6672,7.0,
S0025,2,S0025,4,positive,0.8942,2.0,
S0025,4,S0025,7,positive,0.9416,3.0,
S0025,4,S0025,8,positive,0.8294,4.0,
S0026,1,S0026,6,positive,0.7184,5.0,
S0026,2,S0026,4,positive,0.95,2.0,
S0026,3,S0026,6,positive,0.9009,3.0,
S0026,3,S0026,7,positive,0.7054,4.0,
S0026,4,S0026,6,positive,0.8472,2.0,
S0026,5,S0026,8,positive,0.8806,3.0,
S0026,6,S0026,8,positive,0.9303,2.0,
S0026,7,S0026,8,positive,0.95,1.0,
S0027,2,S0027,7,positive,0.6632,5.0,
S0027,3,S0027,4,positive,0.9256,1.0,
S0027,3,S0027,7,positive,0.796,4.0,
S0027,4,S0027,6,positive,0.8364,2.0,
S0027,6,S0027,8,positive,0.9309,2.0,
S0028,1,S0028,3,positive,0.95,2.0,
S0028,1,S0028,4,positive,0.862,3.0,
S0028,1,S0028,5,positive,0.8694,4.0,
S0028,2,S0028,4,positive,0.8209,2.0,
S0028,2,S0028,5,positive,0.9482,3.0,
S0028,3,S0028,6,positive,0.8786,3.0,
S0028,3,S0028,7,positive,0.8219,4.0,
S0028,4,S0028,6,positive,0.9052,2.0,
S0028,6,S0028,7,positive,0.95,1.0,
S0028,7,S0028,8,positive,0.95,1.0,
S0029,1,S0029,4,positive,0.8909,3.0,
S0029,1,S0029,5,positive,0.7486,4.0,
S0029,2,S0029,6,positive,0.8296,4.0,
S0029,5,S0029,6,positive,0.95,1.0,
S0029,5,S0029,7,positive,0.947,2.0,
S0029,6,S0029,7,positive,0.8974,1.0,
S0029,7,S0029,8,positive,0.8844,1.0,
S0030,1,S0030,2,positive,0.8881,1.0,
S0030,2,S0030,6,positive,0.8458,4.0,
S0030,2,S0030,7,positive,0.8425,5.0,
S0030,2,S0030,8,positive,0.6486,6.0,
S0030,4,S0030,5,positive,0.9012,1.0,
S0030,4,S0030,7,positive,0.8788,3.0,
S0031,1,S0031,3,positive,0.8854,2.0,
S0031,2,S0031,4,positive,0.8858,2.0,
S0031,2,S0031,7,positive,0.7677,5.0,
S0031,4,S0031,7,positive,0.8084,3.0,
S0031,4,S0031,8,positive,0.727,4.0,
S0031,6,S0031,7,positive,0.95,1.0,
S0032,1,S0032,3,positive,0.8315,2.0,
S0032,1,S0032,4,positive,0.8297,3.0,
S0032,2,S0032,4,positive,0.9387,2.0,
S0032,3,S0032,4,positive,0.95,1.0,
S0032,3,S0032,5,positive,0.816,2.0,
S0032,3,S0032,8,positive,0.7689,5.0,
S0032,4,S0032,5,positive,0.95,1.0,
S0032,5,S0032,7,positive,0.95,2.0,
S0032,6,S0032,7,positive,0.95,1.0,
S0032,7,S0032,8,positive,0.8669,1.0,
S0033,1,S0033,2,positive,0.8873,1.0,
S0033,1,S0033,5,positive,0.7002,4.0,
S0033,3,S0033,4,positive,0.95,1.0,
S0033,3,S0033,7,positive,0.8877,4.0,
S0033,4,S0033,6,positive,0.8569,2.0,
S0033,4,S0033,7,positive,0.7587,3.0,
S0033,7,S0033,8,positive,0.8725,1.0,
S0034,1,S0034,3,positive,0.9308,2.0,
S0034,1,S0034,8,positive,0.765,7.0,
S0034,2,S0034,4,positive,0.8546,2.0,
S0034,2,S0034,5,positive,0.7729,3.0,
S0034,2,S0034,6,positive,0.7785,4.0,
S0034,3,S0034,5,positive,0.9244,2.0,
S0034,3,S0034,7,positive,0.7705,4.0,
S0034,4,S0034,5,positive,0.95,1.0,
S0034,5,S0034,7,positive,0.9394,2.0,
S0035,2,S0035,3,positive,0.95,1.0,
S0035,2,S0035,5,positive,0.9051,3.0,
S0035,2,S0035,6,positive,0.8026,4.0,
S0035,2,S0035,7,positive,0.8369,5.0,
S0035,3,S0035,4,positive,0.95,1.0,
S0035,3,S0035,5,positive,0.8536,2.0,
S0035,4,S0035,6,positive,0.9333,2.0,
S0035,5,S0035,6,positive,0.95,1.0,
S0035,5,S0035,8,positive,0.7961,3.0,
S0036,1,S0036,4,positive,0.9383,3.0,
S0036,2,S0036,5,positive,0.769,3.0,
S0036,2,S0036,7,positive,0.7346,5.0,
S0036,2,S0036,8,positive,0.6952,6.0,
S0036,3,S0036,7,positive,0.8786,4.0,
S0036,4,S0036,6,positive,0.8064,2.0,
S0036,4,S0036,8,positive,0.7835,4.0,
S0036,5,S0036,8,positive,0.8658,3.0,
S0036,7,S0036,8,positive,0.95,1.0,
S0037,1,S0037,7,positive,0.7113,6.0,
S0037,2,S0037,7,positive,0.7915,5.0,
S0037,2,S0037,8,positive,0.644,6.0,
S0037,4,S0037,5,positive,0.8769,1.0,
S0037,4,S0037,7,positive,0.815,3.0,
S0037,4,S0037,8,positive,0.8825,4.0,
S0037,5,S0037,6,positive,0.95,1.0,
S0038,1,S0038,6,positive,0.6642,5.0,
S0038,2,S0038,3,positive,0.8966,1.0,
S0038,2,S0038,7,positive,0.84,5.0,
S0038,3,S0038,5,positive,0.9213,2.0,
S0038,4,S0038,5,positive,0.8876,1.0,
S0038,4,S0038,8,positive,0.8721,4.0,
S0038,5,S0038,7,positive,0.95,2.0,
S0039,1,S0039,5,positive,0.8128,4.0,
S0039,1,S0039,7,positive,0.6065,6.0,
S0039,2,S0039,3,positive,0.95,1.0,
S0039,3,S0039,5,positive,0.8069,2.0,
S0039,3,S0039,6,positive,0.8969,3.0,
S0039,4,S0039,5,positive,0.8925,1.0,
S0039,4,S0039,8,positive,0.7686,4.0,
S0039,5,S0039,6,positive,0.9134,1.0,
S0039,5,S0039,8,positive,0.8315,3.0,
S0039,6,S0039,8,positive,0.8143,2.0,
S0039,7,S0039,8,positive,0.9069,1.0,
S0040,2,S0040,7,positive,0.7249,5.0,
S0040,3,S0040,5,positive,0.95,2.0,
S0040,4,S0040,8,positive,0.7583,4.0,
S0040,5,S0040,7,positive,0.9046,2.0,
S0040,6,S0040,7,positive,0.95,1.0,
S0040,6,S0040,8,positive,0.9315,2.0,
S0041,1,S0041,4,positive,0.7878,3.0,
S0041,2,S0041,4,positive,0.8321,2.0,
S0041,2,S0041,6,positive,0.8344,4.0,
S0041,3,S0041,4,positive,0.9212,1.0,
S0041,3,S0041,8,positive,0.6646,5.0,
S0041,4,S0041,6,positive,0.8345,2.0,
S0041,5,S0041,8,positive,0.7599,3.0,
S0042,1,S0042,7,positive,0.6729,6.0,
S0042,2,S0042,3,positive,0.9299,1.0,
S0042,2,S0042,5,positive,0.8469,3.0,
S0042,2,S0042,7,positive,0.8489,5.0,
S0042,3,S0042,5,positive,0.8998,2.0,
S0042,3,S0042,8,positive,0.8303,5.0,
S0042,5,S0042,7,positive,0.8973,2.0,
S0042,6,S0042,7,positive,0.95,1.0,
S0042,7,S0042,8,positive,0.9081,1.0,
S0043,1,S0043,2,positive,0.8526,1.0,
S0043,1,S0043,4,positive,0.8588,3.0,
S0043,1,S0043,7,positive,0.6297,6.0,
S0043,2,S0043,5,positive,0.9189,3.0,
S0043,3,S0043,4,positive,0.9498,1.0,
S0043,3,S0043,5,positive,0.8767,2.0,
S0043,4,S0043,7,positive,0.8323,3.0,
S0043,4,S0043,8,positive,0.7277,4.0,
S0044,1,S0044,2,positive,0.95,1.0,
S0044,1,S0044,6,positive,0.6567,5.0,
S0044,1,S0044,7,positive,0.6167,6.0,
S0044,2,S0044,5,positive,0.8421,3.0,
S0044,2,S0044,7,positive,0.8224,5.0,
S0044,3,S0044,6,positive,0.7632,3.0,
S0044,4,S0044,5,positive,0.95,1.0,
S0044,4,S0044,6,positive,0.95,2.0,
S0044,5,S0044,8,positive,0.8123,3.0,
S0045,1,S0045,3,positive,0.9321,2.0,
S0045,2,S0045,5,positive,0.7861,3.0,
S0045,2,S0045,7,positive,0.6817,5.0,
S0045,2,S0045,8,positive,0.7336,6.0,
S0045,3,S0045,6,positive,0.8204,3.0,
S0045,3,S0045,8,positive,0.812,5.0,
S0045,4,S0045,5,positive,0.9433,1.0,
S0045,4,S0045,6,positive,0.8521,2.0,
S0045,4,S0045,7,positive,0.9366,3.0,
S0045,7,S0045,8,positive,0.8523,1.0,
S0046,1,S0046,6,positive,0.7918,5.0,
S0046,2,S0046,3,positive,0.95,1.0,
S0046,2,S0046,5,positive,0.8956,3.0,
S0046,3,S0046,6,positive,0.8885,3.0,
S0046,3,S0046,8,positive,0.7231,5.0,
S0046,4,S0046,5,positive,0.859,1.0,
S0046,6,S0046,7,positive,0.8934,1.0,
S0046,6,S0046,8,positive,0.8069,2.0,
S0046,7,S0046,8,positive,0.9396,1.0,
S0047,1,S0047,2,positive,0.95,1.0,
S0047,1,S0047,4,positive,0.9435,3.0,
S0047,5,S0047,8,positive,0.8311,3.0,
S0048,1,S0048,2,positive,0.8604,1.0,
S0048,1,S0048,3,positive,0.95,2.0,
S0048,1,S0048,8,positive,0.6532,7.0,
S0048,2,S0048,3,positive,0.95,1.0,
S0048,3,S0048,5,positive,0.8353,2.0,
S0048,4,S0048,7,positive,0.8756,3.0,
S0048,5,S0048,7,positive,0.8408,2.0,
S0048,6,S0048,7,positive,0.9422,1.0,
S0049,1,S0049,2,positive,0.8549,1.0,
S0049,1,S0049,3,positive,0.8121,2.0,
S0049,1,S0049,8,positive,0.6835,7.0,
S0049,2,S0049,6,positive,0.87,4.0,
S0049,2,S0049,8,positive,0.6227,6.0,
S0049,4,S0049,7,positive,0.8138,3.0,
S0049,5,S0049,8,positive,0.7598,3.0,
S0050,1,S0050,4,positive,0.841,3.0,
S0050,1,S0050,6,positive,0.818,5.0,
S0050,2,S0050,6,positive,0.7358,4.0,
S0050,2,S0050,7,positive,0.8094,5.0,
S0050,2,S0050,8,positive,0.7218,6.0,
S0050,3,S0050,8,positive,0.6509,5.0,
S0050,4,S0050,6,positive,0.8627,2.0,
S0050,6,S0050,7,positive,0.95,1.0,
S0051,1,S0051,2,positive,0.9411,1.0,
S0051,1,S0051,6,positive,0.669,5.0,
S0051,1,S0051,7,positive,0.7749,6.0,
S0051,1,S0051,8,positive,0.7679,7.0,
S0051,2,S0051,4,positive,0.95,2.0,
S0051,2,S0051,8,positive,0.7387,6.0,
S0051,3,S0051,5,positive,0.95,2.0,
S0051,3,S0051,8,positive,0.6994,5.0,
S0051,4,S0051,7,positive,0.859,3.0,
S0051,5,S0051,6,positive,0.8615,1.0,
S0051,5,S0051,8,positive,0.85,3.0,
S0051,7,S0051,8,positive,0.9057,1.0,
S0052,1,S0052,3,positive,0.9006,2.0,
S0052,1,S0052,5,positive,0.8837,4.0,
S0052,1,S0052,7,positive,0.6581,6.0,
S0052,1,S0052,8,positive,0.6729,7.0,
S0052,3,S0052,4,positive,0.8725,1.0,
S0052,3,S0052,7,positive,0.7916,4.0,
S0052,3,S0052,8,positive,0.6941,5.0,
S0053,1,S0053,5,positive,0.7833,4.0,
S0053,2,S0053,3,positive,0.9258,1.0,
S0053,2,S0053,4,positive,0.896,2.0,
S0053,2,S0053,6,positive,0.8926,4.0,
S0053,2,S0053,8,positive,0.671,6.0,
S0053,3,S0053,5,positive,0.9464,2.0,
S0053,4,S0053,7,positive,0.9383,3.0,
S0053,5,S0053,6,positive,0.95,1.0,
S0054,1,S0054,3,positive,0.8575,2.0,
S0054,1,S0054,8,positive,0.6089,7.0,
S0054,2,S0054,4,positive,0.95,2.0,
S0054,2,S0054,5,positive,0.8361,3.0,
S0054,3,S0054,6,positive,0.9095,3.0,
S0054,3,S0054,8,positive,0.6541,5.0,
S0054,4,S0054,8,positive,0.7717,4.0,
S0054,6,S0054,7,positive,0.8514,1.0,
S0055,1,S0055,2,positive,0.95,1.0,
S0055,1,S0055,3,positive,0.9278,2.0,
S0055,1,S0055,4,positive,0.812,3.0,
S0055,2,S0055,4,positive,0.843,2.0,
S0055,2,S0055,8,positive,0.7954,6.0,
S0055,3,S0055,8,positive,0.7959,5.0,
S0055,5,S0055,7,positive,0.9089,2.0,
S0055,5,S0055,8,positive,0.7803,3.0,
S0056,1,S0056,4,positive,0.9442,3.0,
S0056,1,S0056,5,positive,0.8278,4.0,
S0056,2,S0056,5,positive,0.7923,3.0,
S0056,2,S0056,6,positive,0.781,4.0,
S0056,4,S0056,5,positive,0.8702,1.0,
S0057,1,S0057,4,positive,0.7884,3.0,
S0057,1,S0057,6,positive,0.8312,5.0,
S0057,1,S0057,7,positive,0.7098,6.0,
S0057,3,S0057,5,positive,0.8151,2.0,
S0057,3,S0057,8,positive,0.8182,5.0,
S0057,4,S0057,5,positive,0.95,1.0,
S0057,4,S0057,7,positive,0.9126,3.0,
S0057,5,S0057,6,positive,0.95,1.0,
S0057,6,S0057,8,positive,0.9297,2.0,
S0057,7,S0057,8,positive,0.95,1.0,
S0058,1,S0058,4,positive,0.8591,3.0,
S0058,1,S0058,5,positive,0.8582,4.0,
S0058,1,S0058,6,positive,0.826,5.0,
S0058,1,S0058,8,positive,0.6298,7.0,
S0058,2,S0058,4,positive,0.8131,2.0,
S0058,2,S0058,5,positive,0.9141,3.0,
S0058,3,S0058,4,positive,0.95,1.0,
S0058,3,S0058,5,positive,0.8548,2.0,
S0058,4,S0058,6,positive,0.9191,2.0,
S0058,4,S0058,8,positive,0.7285,4.0,
S0058,5,S0058,7,positive,0.8293,2.0,
S0058,6,S0058,7,positive,0.95,1.0,
S0059,1,S0059,2,positive,0.95,1.0,
S0059,1,S0059,3,positive,0.864,2.0,
S0059,1,S0059,8,positive,0.6779,7.0,
S0059,2,S0059,6,positive,0.7438,4.0,
S0059,4,S0059,5,positive,0.9318,1.0,
S0059,4,S0059,6,positive,0.892,2.0,
S0059,6,S0059,7,positive,0.8654,1.0,
S0059,6,S0059,8,positive,0.8661,2.0,
S0060,1,S0060,2,positive,0.95,1.0,
S0060,3,S0060,7,positive,0.7684,4.0,
S0060,6,S0060,7,positive,0.9053,1.0,
S0061,1,S0061,4,positive,0.8542,3.0,
S0061,1,S0061,5,positive,0.8159,4.0,
S0061,2,S0061,4,positive,0.95,2.0,
S0061,2,S0061,5,positive,0.7706,3.0,
S0061,2,S0061,6,positive,0.7633,4.0,
S0061,3,S0061,8,positive,0.7309,5.0,
S0061,4,S0061,5,positive,0.8923,1.0,
S0061,5,S0061,6,positive,0.9195,1.0,
S0061,5,S0061,7,positive,0.95,2.0,
S0062,1,S0062,3,positive,0.95,2.0,
S0062,1,S0062,4,positive,0.8267,3.0,
S0062,1,S0062,7,positive,0.7614,6.0,
S0062,2,S0062,5,positive,0.7919,3.0,
S0062,2,S0062,7,positive,0.6779,5.0,
S0062,3,S0062,4,positive,0.9461,1.0,
S0062,3,S0062,7,positive,0.8713,4.0,
S0062,3,S0062,8,positive,0.7856,5.0,
S0062,4,S0062,6,positive,0.8161,2.0,
S0062,5,S0062,6,positive,0.95,1.0,
S0062,5,S0062,8,positive,0.7692,3.0,
S0062,7,S0062,8,positive,0.9257,1.0,
S0063,1,S0063,2,positive,0.95,1.0,
S0063,1,S0063,3,positive,0.8423,2.0,
S0063,1,S0063,8,positive,0.692,7.0,
S0063,2,S0063,6,positive,0.7931,4.0,
S0063,3,S0063,4,positive,0.8945,1.0,
S0063,5,S0063,6,positive,0.878,1.0,
S0063,7,S0063,8,positive,0.95,1.0,
S0064,1,S0064,2,positive,0.916,1.0,
S0064,2,S0064,4,positive,0.8411,2.0,
S0064,2,S0064,7,positive,0.8221,5.0,
S0064,2,S0064,8,positive,0.6187,6.0,
S0064,3,S0064,8,positive,0.8251,5.0,
S0064,4,S0064,6,positive,0.95,2.0,
S0064,5,S0064,7,positive,0.9205,2.0,
S0064,6,S0064,8,positive,0.95,2.0,
S0065,1,S0065,2,positive,0.95,1.0,
S0065,1,S0065,6,positive,0.7305,5.0,
S0065,2,S0065,4,positive,0.9262,2.0,
S0065,2,S0065,5,positive,0.8678,3.0,
S0065,3,S0065,8,positive,0.8474,5.0,
S0065,4,S0065,7,positive,0.771,3.0,
S0065,5,S0065,6,positive,0.9071,1.0,
S0065,5,S0065,8,positive,0.8135,3.0,
S0065,6,S0065,8,positive,0.8383,2.0,
S0066,1,S0066,3,positive,0.8287,2.0,
S0066,1,S0066,4,positive,0.8327,3.0,
S0066,1,S0066,5,positive,0.8153,4.0,
S0066,2,S0066,3,positive,0.9301,1.0,
S0066,2,S0066,7,positive,0.7768,5.0,
S0066,3,S0066,4,positive,0.8953,1.0,
S0066,3,S0066,5,positive,0.8231,2.0,
S0066,4,S0066,7,positive,0.8042,3.0,
S0066,5,S0066,8,positive,0.822,3.0,
S0066,6,S0066,7,positive,0.95,1.0,
S0066,7,S0066,8,positive,0.8876,1.0,
S0067,1,S0067,3,positive,0.8242,2.0,
S0067,1,S0067,7,positive,0.7444,6.0,
S0067,1,S0067,8,positive,0.7753,7.0,
S0067,2,S0067,4,positive,0.9104,2.0,
S0067,2,S0067,5,positive,0.9201,3.0,
S0067,2,S0067,7,positive,0.7892,5.0,
S0067,2,S0067,8,positive,0.7127,6.0,
S0067,6,S0067,8,positive,0.95,2.0,
S0068,2,S0068,5,positive,0.8451,3.0,
S0068,2,S0068,6,positive,0.8816,4.0,
S0068,4,S0068,7,positive,0.8504,3.0,
S0068,4,S0068,8,positive,0.7121,4.0,
S0068,6,S0068,8,positive,0.95,2.0,
S0068,7,S0068,8,positive,0.95,1.0,
S0069,1,S0069,6,positive,0.6522,5.0,
S0069,1,S0069,8,positive,0.6049,7.0,
S0069,2,S0069,3,positive,0.95,1.0,
S0069,2,S0069,5,positive,0.8011,3.0,
S0069,3,S0069,5,positive,0.95,2.0,
S0069,3,S0069,6,positive,0.7886,3.0,
S0069,3,S0069,7,positive,0.8635,4.0,
S0069,4,S0069,6,positive,0.9217,2.0,
S0069,4,S0069,7,positive,0.858,3.0,
S0069,4,S0069,8,positive,0.8482,4.0,
S0069,5,S0069,6,positive,0.95,1.0,
S0069,5,S0069,8,positive,0.8865,3.0,
S0069,6,S0069,7,positive,0.8675,1.0,
S0070,1,S0070,2,positive,0.95,1.0,
S0070,1,S0070,4,positive,0.9032,3.0,
S0070,1,S0070,7,positive,0.7297,6.0,
S0070,3,S0070,8,positive,0.831,5.0,
S0070,5,S0070,6,positive,0.95,1.0,
S0070,6,S0070,7,positive,0.8547,1.0,
S0070,6,S0070,8,positive,0.8187,2.0,
S0071,1,S0071,3,positive,0.8707,2.0,
S0071,1,S0071,4,positive,0.8658,3.0,
S0071,1,S0071,6,positive,0.6582,5.0,
S0071,2,S0071,3,positive,0.8591,1.0,
S0071,2,S0071,6,positive,0.8018,4.0,
S0071,3,S0071,4,positive,0.8647,1.0,
S0071,4,S0071,6,positive,0.95,2.0,
S0071,5,S0071,6,positive,0.95,1.0,
S0071,5,S0071,7,positive,0.8095,2.0,
S0071,5,S0071,8,positive,0.9261,3.0,
S0071,7,S0071,8,positive,0.95,1.0,
S0072,1,S0072,7,positive,0.7721,6.0,
S0072,2,S0072,5,positive,0.8196,3.0,
S0072,2,S0072,6,positive,0.7567,4.0,
S0072,3,S0072,4,positive,0.95,1.0,
S0072,4,S0072,5,positive,0.866,1.0,
S0072,5,S0072,7,positive,0.95,2.0,
S0073,1,S0073,4,positive,0.9436,3.0,
S0073,1,S0073,5,positive,0.8435,4.0,
S0073,1,S0073,6,positive,0.7423,5.0,
S0073,1,S0073,8,positive,0.6719,7.0,
S0073,2,S0073,3,positive,0.8625,1.0,
S0073,2,S0073,4,positive,0.8647,2.0,
S0073,2,S0073,7,positive,0.7283,5.0,
S0073,2,S0073,8,positive,0.646,6.0,
S0073,3,S0073,6,positive,0.8383,3.0,
S0073,3,S0073,8,positive,0.8255,5.0,
S0073,4,S0073,7,positive,0.7825,3.0,
S0073,4,S0073,8,positive,0.7363,4.0,
S0073,5,S0073,6,positive,0.95,1.0,
S0073,5,S0073,7,positive,0.9296,2.0,
S0073,5,S0073,8,positive,0.8834,3.0,
S0074,1,S0074,2,positive,0.95,1.0,
S0074,1,S0074,7,positive,0.6129,6.0,
S0074,2,S0074,4,positive,0.9391,2.0,
S0074,3,S0074,5,positive,0.9269,2.0,
S0074,5,S0074,6,positive,0.9041,1.0,
S0074,5,S0074,8,positive,0.8039,3.0,
S0075,3,S0075,4,positive,0.95,1.0,
S0075,3,S0075,6,positive,0.9066,3.0,
S0075,4,S0075,5,positive,0.9389,1.0,
S0075,4,S0075,6,positive,0.8246,2.0,
S0075,5,S0075,8,positive,0.9183,3.0,
S0076,1,S0076,6,positive,0.7272,5.0,
S0076,2,S0076,4,positive,0.9167,2.0,
S0076,3,S0076,6,positive,0.8797,3.0,
S0077,2,S0077,4,positive,0.9278,2.0,
S0077,2,S0077,7,positive,0.8292,5.0,
S0077,4,S0077,5,positive,0.95,1.0,
S0077,4,S0077,7,positive,0.8067,3.0,
S0077,5,S0077,7,positive,0.8681,2.0,
S0077,6,S0077,8,positive,0.9197,2.0,
S0078,1,S0078,3,positive,0.95,2.0,
S0078,1,S0078,4,positive,0.9425,3.0,
S0078,1,S0078,5,positive,0.8569,4.0,
S0078,2,S0078,3,positive,0.95,1.0,
S0078,2,S0078,7,positive,0.8061,5.0,
S0078,2,S0078,8,positive,0.625,6.0,
S0078,3,S0078,4,positive,0.95,1.0,
S0078,4,S0078,5,positive,0.95,1.0,
S0078,4,S0078,6,positive,0.8829,2.0,
S0078,4,S0078,7,positive,0.9059,3.0,
S0078,4,S0078,8,positive,0.85,4.0,
S0078,5,S0078,6,positive,0.9013,1.0,
S0078,5,S0078,7,positive,0.9048,2.0,
S0079,1,S0079,2,positive,0.9101,1.0,
S0079,1,S0079,3,positive,0.9252,2.0,
S0079,1,S0079,4,positive,0.9287,3.0,
S0079,1,S0079,6,positive,0.8141,5.0,
S0079,1,S0079,7,positive,0.7414,6.0,
S0079,2,S0079,5,positive,0.8044,3.0,
S0079,3,S0079,4,positive,0.8866,1.0,
S0079,3,S0079,6,positive,0.779,3.0,
S0079,3,S0079,8,positive,0.7975,5.0,
S0079,7,S0079,8,positive,0.95,1.0,
S0080,1,S0080,4,positive,0.7699,3.0,
S0080,1,S0080,6,positive,0.8019,5.0,
S0080,1,S0080,8,positive,0.6907,7.0,
S0080,2,S0080,3,positive,0.95,1.0,
S0080,2,S0080,4,positive,0.95,2.0,
S0080,3,S0080,4,positive,0.8887,1.0,
S0080,3,S0080,7,positive,0.8526,4.0,
S0080,3,S0080,8,positive,0.7706,5.0,
S0080,4,S0080,8,positive,0.7802,4.0,
S0080,7,S0080,8,positive,0.95,1.0,
S0081,1,S0081,2,positive,0.95,1.0,
S0081,1,S0081,3,positive,0.9231,2.0,
S0081,1,S0081,4,positive,0.8825,3.0,
S0081,1,S0081,6,positive,0.7703,5.0,
S0081,2,S0081,7,positive,0.6871,5.0,
S0081,4,S0081,8,positive,0.7005,4.0,
S0081,5,S0081,6,positive,0.95,1.0,
S0081,5,S0081,8,positive,0.8193,3.0,
S0081,6,S0081,7,positive,0.95,1.0,
S0082,1,S0082,6,positive,0.7612,5.0,
S0082,1,S0082,8,positive,0.7211,7.0,
S0082,2,S0082,5,positive,0.8413,3.0,
S0082,3,S0082,7,positive,0.8417,4.0,
S0082,4,S0082,5,positive,0.8896,1.0,
S0082,4,S0082,6,positive,0.8563,2.0,
S0082,7,S0082,8,positive,0.95,1.0,
S0083,1,S0083,2,positive,0.95,1.0,
S0083,1,S0083,4,positive,0.8596,3.0,
S0083,1,S0083,8,positive,0.7809,7.0,
S0083,2,S0083,5,positive,0.9203,3.0,
S0083,2,S0083,7,positive,0.7044,5.0,
S0083,2,S0083,8,positive,0.7672,6.0,
S0083,3,S0083,6,positive,0.8572,3.0,
S0083,3,S0083,7,positive,0.702,4.0,
S0083,4,S0083,6,positive,0.9396,2.0,
S0083,4,S0083,7,positive,0.835,3.0,
S0083,6,S0083,8,positive,0.95,2.0,
S0084,1,S0084,8,positive,0.7896,7.0,
S0084,2,S0084,3,positive,0.912,1.0,
S0084,2,S0084,8,positive,0.6933,6.0,
S0084,3,S0084,5,positive,0.8731,2.0,
S0084,3,S0084,6,positive,0.8853,3.0,
S0084,6,S0084,7,positive,0.95,1.0,
S0084,7,S0084,8,positive,0.95,1.0,
S0085,1,S0085,4,positive,0.9363,3.0,
S0085,1,S0085,7,positive,0.788,6.0,
S0085,2,S0085,5,positive,0.8339,3.0,
S0085,2,S0085,6,positive,0.7682,4.0,
S0085,2,S0085,7,positive,0.6517,5.0,
S0085,3,S0085,8,positive,0.7591,5.0,
S0085,4,S0085,5,positive,0.95,1.0,
S0085,4,S0085,6,positive,0.8557,2.0,
S0085,5,S0085,7,positive,0.9067,2.0,
S0086,1,S0086,2,positive,0.95,1.0,
S0086,2,S0086,3,positive,0.95,1.0,
S0086,2,S0086,6,positive,0.8429,4.0,
S0086,2,S0086,7,positive,0.6575,5.0,
S0086,3,S0086,4,positive,0.9086,1.0,
S0086,4,S0086,5,positive,0.95,1.0,
S0086,4,S0086,8,positive,0.8012,4.0,
S0086,5,S0086,8,positive,0.8606,3.0,
S0086,6,S0086,7,positive,0.95,1.0,
S0087,1,S0087,5,positive,0.8876,4.0,
S0087,2,S0087,5,positive,0.8286,3.0,
S0087,3,S0087,4,positive,0.8539,1.0,
S0087,3,S0087,5,positive,0.817,2.0,
S0087,4,S0087,6,positive,0.9139,2.0,
S0087,5,S0087,7,positive,0.9454,2.0,
S0088,1,S0088,2,positive,0.9147,1.0,
S0088,1,S0088,5,positive,0.8535,4.0,
S0088,1,S0088,8,positive,0.6478,7.0,
S0088,2,S0088,6,positive,0.7927,4.0,
S0088,2,S0088,8,positive,0.7696,6.0,
S0088,3,S0088,4,positive,0.95,1.0,
S0088,4,S0088,7,positive,0.9152,3.0,
S0088,4,S0088,8,positive,0.7527,4.0,
S0088,6,S0088,7,positive,0.95,1.0,
S0088,7,S0088,8,positive,0.8911,1.0,
S0089,2,S0089,3,positive,0.9328,1.0,
S0089,4,S0089,8,positive,0.8045,4.0,
S0089,6,S0089,7,positive,0.95,1.0,
S0089,7,S0089,8,positive,0.95,1.0,
S0090,1,S0090,3,positive,0.879,2.0,
S0090,2,S0090,4,positive,0.8081,2.0,
S0090,3,S0090,6,positive,0.763,3.0,
S0090,4,S0090,5,positive,0.95,1.0,
S0090,4,S0090,7,positive,0.7867,3.0,
S0090,4,S0090,8,positive,0.7454,4.0,
S0090,5,S0090,6,positive,0.95,1.0,
S0090,7,S0090,8,positive,0.8966,1.0,
S0091,1,S0091,7,positive,0.6671,6.0,
S0091,2,S0091,4,positive,0.95,2.0,
S0091,2,S0091,6,positive,0.7237,4.0,
S0091,2,S0091,7,positive,0.6636,5.0,
S0091,3,S0091,5,positive,0.95,2.0,
S0091,5,S0091,6,positive,0.8839,1.0,
S0091,5,S0091,8,positive,0.784,3.0,
S0092,2,S0092,4,positive,0.9022,2.0,
S0092,2,S0092,5,positive,0.9316,3.0,
S0092,2,S0092,6,positive,0.871,4.0,
S0092,2,S0092,7,positive,0.6887,5.0,
S0092,3,S0092,6,positive,0.8326,3.0,
S0092,4,S0092,8,positive,0.8748,4.0,
S0092,5,S0092,7,positive,0.95,2.0,
S0092,6,S0092,7,positive,0.95,1.0,
S0093,2,S0093,3,positive,0.904,1.0,
S0093,2,S0093,4,positive,0.8649,2.0,
S0093,2,S0093,5,positive,0.875,3.0,
S0093,2,S0093,7,positive,0.8246,5.0,
S0093,3,S0093,5,positive,0.9396,2.0,
S0093,3,S0093,8,positive,0.7528,5.0,
S0093,5,S0093,6,positive,0.95,1.0,
S0093,6,S0093,7,positive,0.9378,1.0,
S0093,6,S0093,8,positive,0.8655,2.0,
S0094,1,S0094,3,positive,0.8853,2.0,
S0094,1,S0094,5,positive,0.8657,4.0,
S0094,1,S0094,6,positive,0.7147,5.0,
S0094,1,S0094,7,positive,0.6509,6.0,
S0094,1,S0094,8,positive,0.6273,7.0,
S0094,2,S0094,3,positive,0.95,1.0,
S0094,2,S0094,8,positive,0.681,6.0,
S0094,3,S0094,4,positive,0.9086,1.0,
S0094,3,S0094,7,positive,0.8984,4.0,
S0094,4,S0094,8,positive,0.7572,4.0,
S0094,5,S0094,7,positive,0.95,2.0,
S0094,5,S0094,8,positive,0.8657,3.0,
S0094,7,S0094,8,positive,0.95,1.0,
S0095,1,S0095,3,positive,0.8379,2.0,
S0095,1,S0095,5,positive,0.7572,4.0,
S0095,1,S0095,6,positive,0.7402,5.0,
S0095,3,S0095,5,positive,0.8851,2.0,
S0095,3,S0095,6,positive,0.9157,3.0,
S0095,4,S0095,7,positive,0.7745,3.0,
S0095,4,S0095,8,positive,0.8063,4.0,
S0095,6,S0095,7,positive,0.95,1.0,
S0096,1,S0096,6,positive,0.8011,5.0,
S0096,2,S0096,6,positive,0.7605,4.0,
S0096,3,S0096,5,positive,0.95,2.0,
S0096,3,S0096,8,positive,0.6777,5.0,
S0096,4,S0096,8,positive,0.7883,4.0,
S0096,5,S0096,6,positive,0.9308,1.0,
S0096,6,S0096,7,positive,0.95,1.0,
S0097,1,S0097,2,positive,0.9228,1.0,
S0097,1,S0097,5,positive,0.8543,4.0,
S0097,1,S0097,6,positive,0.7293,5.0,
S0097,2,S0097,4,positive,0.9163,2.0,
S0097,2,S0097,7,positive,0.7992,5.0,
S0097,2,S0097,8,positive,0.7529,6.0,
S0097,3,S0097,7,positive,0.7735,4.0,
S0097,5,S0097,6,positive,0.95,1.0,
S0097,5,S0097,8,positive,0.9023,3.0,
S0098,1,S0098,5,positive,0.7175,4.0,
S0098,2,S0098,8,positive,0.7843,6.0,
S0098,3,S0098,5,positive,0.9491,2.0,
S0098,4,S0098,5,positive,0.95,1.0,
S0098,4,S0098,7,positive,0.8686,3.0,
S0098,5,S0098,6,positive,0.8636,1.0,
S0098,7,S0098,8,positive,0.8969,1.0,
S0099,1,S0099,6,positive,0.8169,5.0,
S0099,2,S0099,4,positive,0.9418,2.0,
S0099,2,S0099,5,positive,0.8054,3.0,
S0099,2,S0099,7,positive,0.8316,5.0,
S0099,3,S0099,4,positive,0.928,1.0,
S0099,4,S0099,6,positive,0.95,2.0,
S0099,4,S0099,8,positive,0.7143,4.0,
S0099,6,S0099,8,positive,0.878,2.0,
S0100,1,S0100,2,positive,0.95,1.0,
S0100,1,S0100,4,positive,0.7653,3.0,
S0100,2,S0100,7,positive,0.7976,5.0,
S0100,3,S0100,4,positive,0.8579,1.0,
S0100,3,S0100,6,positive,0.8891,3.0,
S0100,5,S0100,8,positive,0.8432,3.0,
S0101,1,S0101,5,positive,0.8008,4.0,
S0101,1,S0101,6,positive,0.7285,5.0,
S0101,1,S0101,8,positive,0.6369,7.0,
S0101,3,S0101,6,positive,0.879,3.0,
S0101,3,S0101,7,positive,0.8352,4.0,
S0101,3,S0101,8,positive,0.692,5.0,
S0101,4,S0101,7,positive,0.779,3.0,
S0101,7,S0101,8,positive,0.8683,1.0,
S0102,1,S0102,2,positive,0.95,1.0,
S0102,1,S0102,3,positive,0.8255,2.0,
S0102,1,S0102,7,positive,0.7856,6.0,
S0102,2,S0102,3,positive,0.9054,1.0,
S0102,3,S0102,8,positive,0.7975,5.0,
S0102,5,S0102,8,positive,0.9075,3.0,
S0102,6,S0102,8,positive,0.8172,2.0,
S0102,7,S0102,8,positive,0.9479,1.0,
S0103,1,S0103,5,positive,0.8268,4.0,
S0103,1,S0103,7,positive,0.7111,6.0,
S0103,2,S0103,7,positive,0.6558,5.0,
S0103,3,S0103,5,positive,0.8575,2.0,
S0103,4,S0103,7,positive,0.8581,3.0,
S0103,6,S0103,7,positive,0.8703,1.0,
S0103,6,S0103,8,positive,0.9385,2.0,
S0104,2,S0104,4,positive,0.8816,2.0,
S0104,2,S0104,5,positive,0.7551,3.0,
S0104,3,S0104,6,positive,0.7902,3.0,
S0104,4,S0104,5,positive,0.9253,1.0,
S0104,4,S0104,8,positive,0.7411,4.0,
S0104,5,S0104,8,positive,0.7657,3.0,
S0104,7,S0104,8,positive,0.8837,1.0,
S0105,1,S0105,5,positive,0.88,4.0,
S0105,1,S0105,8,positive,0.7505,7.0,
S0105,2,S0105,6,positive,0.8369,4.0,
S0105,4,S0105,5,positive,0.95,1.0,
S0105,4,S0105,7,positive,0.8806,3.0,
S0105,4,S0105,8,positive,0.8764,4.0,
S0105,5,S0105,6,positive,0.9189,1.0,
S0105,5,S0105,8,positive,0.8867,3.0,
S0106,1,S0106,2,positive,0.9005,1.0,
S0106,1,S0106,8,positive,0.7395,7.0,
S0106,3,S0106,4,positive,0.95,1.0,
S0106,3,S0106,6,positive,0.8115,3.0,
S0106,3,S0106,7,positive,0.8901,4.0,
S0106,4,S0106,7,positive,0.8633,3.0,
S0106,7,S0106,8,positive,0.9233,1.0,
S0107,1,S0107,6,positive,0.6843,5.0,
S0107,1,S0107,8,positive,0.6034,7.0,
S0107,2,S0107,3,positive,0.9268,1.0,
S0107,2,S0107,4,positive,0.95,2.0,
S0107,2,S0107,8,positive,0.7969,6.0,
S0107,3,S0107,5,positive,0.9337,2.0,
S0107,3,S0107,8,positive,0.6621,5.0,
S0107,4,S0107,7,positive,0.9136,3.0,
S0108,1,S0108,3,positive,0.8391,2.0,
S0108,1,S0108,5,positive,0.7373,4.0,
S0108,2,S0108,4,positive,0.8431,2.0,
S0108,3,S0108,4,positive,0.95,1.0,
S0108,3,S0108,5,positive,0.8423,2.0,
S0108,3,S0108,6,positive,0.8964,3.0,
S0108,3,S0108,7,positive,0.743,4.0,
S0108,3,S0108,8,positive,0.8133,5.0,
S0108,4,S0108,6,positive,0.95,2.0,
S0108,4,S0108,7,positive,0.8257,3.0,
S0108,4,S0108,8,positive,0.7076,4.0,
S0108,5,S0108,6,positive,0.8829,1.0,
S0108,5,S0108,7,positive,0.95,2.0,
S0108,7,S0108,8,positive,0.95,1.0,
S0109,1,S0109,2,positive,0.8994,1.0,
S0109,1,S0109,3,positive,0.95,2.0,
S0109,1,S0109,4,positive,0.8353,3.0,
S0109,1,S0109,6,positive,0.7572,5.0,
S0109,1,S0109,8,positive,0.6491,7.0,
S0109,2,S0109,5,positive,0.892,3.0,
S0109,2,S0109,7,positive,0.7032,5.0,
S0109,3,S0109,6,positive,0.8098,3.0,
S0109,3,S0109,7,positive,0.8124,4.0,
S0109,4,S0109,8,positive,0.8599,4.0,
S0109,6,S0109,7,positive,0.8775,1.0,
S0110,1,S0110,5,positive,0.7296,4.0,
S0110,1,S0110,6,positive,0.8169,5.0,
S0110,1,S0110,7,positive,0.7749,6.0,
S0110,2,S0110,4,positive,0.8442,2.0,
S0110,2,S0110,6,positive,0.8235,4.0,
S0110,2,S0110,7,positive,0.8067,5.0,
S0110,2,S0110,8,positive,0.6042,6.0,
S0110,3,S0110,5,positive,0.95,2.0,
S0110,4,S0110,6,positive,0.9352,2.0,
S0110,5,S0110,7,positive,0.8208,2.0,
S0110,5,S0110,8,positive,0.8997,3.0,
S0110,6,S0110,7,positive,0.95,1.0,
S0110,6,S0110,8,positive,0.95,2.0,
S0111,1,S0111,3,positive,0.948,2.0,
S0111,1,S0111,6,positive,0.6589,5.0,
S0111,1,S0111,8,positive,0.6135,7.0,
S0111,2,S0111,5,positive,0.8169,3.0,
S0111,3,S0111,4,positive,0.8909,1.0,
S0111,3,S0111,6,positive,0.8175,3.0,
S0111,3,S0111,7,positive,0.8369,4.0,
S0111,4,S0111,6,positive,0.845,2.0,
S0112,2,S0112,4,positive,0.9277,2.0,
S0112,2,S0112,6,positive,0.7559,4.0,
S0112,2,S0112,7,positive,0.7906,5.0,
S0112,3,S0112,8,positive,0.7579,5.0,
S0112,4,S0112,5,positive,0.95,1.0,
S0112,4,S0112,6,positive,0.95,2.0,
S0112,4,S0112,8,positive,0.8169,4.0,
S0112,5,S0112,8,positive,0.9495,3.0,
S0112,6,S0112,7,positive,0.95,1.0,
S0112,6,S0112,8,positive,0.95,2.0,
S0112,7,S0112,8,positive,0.8699,1.0,
S0113,1,S0113,3,positive,0.9157,2.0,
S0113,1,S0113,5,positive,0.8153,4.0,
S0113,2,S0113,4,positive,0.95,2.0,
S0113,2,S0113,5,positive,0.7641,3.0,
S0113,2,S0113,7,positive,0.7761,5.0,
S0113,3,S0113,5,positive,0.8489,2.0,
S0113,3,S0113,6,positive,0.7971,3.0,
S0113,4,S0113,6,positive,0.95,2.0,
S0113,4,S0113,8,positive,0.8373,4.0,
S0113,6,S0113,7,positive,0.8948,1.0,
S0113,7,S0113,8,positive,0.8999,1.0,
S0114,1,S0114,2,positive,0.9436,1.0,
S0114,1,S0114,3,positive,0.8521,2.0,
S0114,1,S0114,4,positive,0.8388,3.0,
S0114,1,S0114,5,positive,0.7873,4.0,
S0114,1,S0114,6,positive,0.6912,5.0,
S0114,1,S0114,7,positive,0.7967,6.0,
S0114,2,S0114,5,positive,0.884,3.0,
S0114,3,S0114,4,positive,0.8699,1.0,
S0114,3,S0114,6,positive,0.9296,3.0,
S0114,3,S0114,7,positive,0.8351,4.0,
S0114,3,S0114,8,positive,0.7011,5.0,
S0114,4,S0114,5,positive,0.9394,1.0,
S0114,4,S0114,6,positive,0.95,2.0,
S0115,1,S0115,8,positive,0.6129,7.0,
S0115,2,S0115,8,positive,0.6962,6.0,
S0115,3,S0115,8,positive,0.673,5.0,
S0115,4,S0115,5,positive,0.9302,1.0,
S0116,1,S0116,3,positive,0.8061,2.0,
S0116,1,S0116,4,positive,0.9001,3.0,
S0116,1,S0116,8,positive,0.766,7.0,
S0116,3,S0116,8,positive,0.7975,5.0,
S0116,4,S0116,5,positive,0.8791,1.0,
S0116,4,S0116,7,positive,0.7516,3.0,
S0116,5,S0116,6,positive,0.95,1.0,
S0116,5,S0116,8,positive,0.9321,3.0,
S0116,6,S0116,8,positive,0.95,2.0,
S0117,2,S0117,5,positive,0.8575,3.0,
S0117,2,S0117,6,positive,0.8089,4.0,
S0117,3,S0117,5,positive,0.881,2.0,
S0117,4,S0117,7,positive,0.8925,3.0,
S0117,4,S0117,8,positive,0.7477,4.0,
S0117,5,S0117,7,positive,0.947,2.0,
S0118,1,S0118,3,positive,0.821,2.0,
S0118,2,S0118,6,positive,0.7737,4.0,
S0118,2,S0118,7,positive,0.7938,5.0,
S0118,3,S0118,7,positive,0.7542,4.0,
S0118,5,S0118,6,positive,0.95,1.0,
S0118,5,S0118,7,positive,0.9364,2.0,
S0118,5,S0118,8,positive,0.8155,3.0,
S0119,1,S0119,2,positive,0.95,1.0,
S0119,1,S0119,3,positive,0.95,2.0,
S0119,1,S0119,4,positive,0.767,3.0,
S0119,1,S0119,8,positive,0.7119,7.0,
S0119,2,S0119,4,positive,0.8414,2.0,
S0119,2,S0119,6,positive,0.7762,4.0,
S0119,2,S0119,7,positive,0.8314,5.0,
S0119,3,S0119,4,positive,0.95,1.0,
S0119,3,S0119,5,positive,0.8417,2.0,
S0119,3,S0119,6,positive,0.9384,3.0,
S0119,4,S0119,6,positive,0.9098,2.0,
S0119,4,S0119,7,positive,0.9148,3.0,
S0119,5,S0119,8,positive,0.8754,3.0,
S0119,6,S0119,7,positive,0.8636,1.0,
S0119,7,S0119,8,positive,0.95,1.0,
S0120,1,S0120,2,positive,0.95,1.0,
S0120,1,S0120,3,positive,0.9318,2.0,
S0120,1,S0120,6,positive,0.6619,5.0,
S0120,2,S0120,4,positive,0.95,2.0,
S0120,2,S0120,7,positive,0.7392,5.0,
S0120,3,S0120,5,positive,0.9475,2.0,
S0120,3,S0120,7,positive,0.7761,4.0,
S0120,4,S0120,7,positive,0.8465,3.0,
S0120,5,S0120,7,positive,0.8175,2.0,
S0120,5,S0120,8,positive,0.8754,3.0,
S0120,6,S0120,8,positive,0.9377,2.0,
S0121,1,S0121,2,positive,0.95,1.0,
S0121,1,S0121,6,positive,0.7594,5.0,
S0121,2,S0121,3,positive,0.95,1.0,
S0121,2,S0121,8,positive,0.7371,6.0,
S0121,3,S0121,5,positive,0.95,2.0,
S0121,3,S0121,7,positive,0.7338,4.0,
S0121,4,S0121,6,positive,0.8225,2.0,
S0122,1,S0122,3,positive,0.8717,2.0,
S0122,1,S0122,5,positive,0.711,4.0,
S0122,2,S0122,3,positive,0.8779,1.0,
S0122,3,S0122,4,positive,0.9157,1.0,
S0122,4,S0122,6,positive,0.8872,2.0,
S0122,5,S0122,8,positive,0.8688,3.0,
S0122,6,S0122,8,positive,0.8445,2.0,
S0123,1,S0123,2,positive,0.8742,1.0,
S0123,2,S0123,4,positive,0.9116,2.0,
S0123,2,S0123,5,positive,0.9083,3.0,
S0123,2,S0123,6,positive,0.793,4.0,
S0123,3,S0123,4,positive,0.95,1.0,
S0123,3,S0123,5,positive,0.8538,2.0,
S0123,3,S0123,8,positive,0.8314,5.0,
S0123,4,S0123,8,positive,0.8216,4.0,
S0123,5,S0123,6,positive,0.9198,1.0,
S0123,5,S0123,8,positive,0.8344,3.0,
S0123,7,S0123,8,positive,0.9489,1.0,
S0124,1,S0124,7,positive,0.7156,6.0,
S0124,2,S0124,5,positive,0.9189,3.0,
S0124,2,S0124,6,positive,0.732,4.0,
S0124,3,S0124,4,positive,0.95,1.0,
S0124,4,S0124,7,positive,0.8107,3.0,
S0124,6,S0124,8,positive,0.8212,2.0,
S0124,7,S0124,8,positive,0.946,1.0,
S0125,1,S0125,2,positive,0.95,1.0,
S0125,1,S0125,7,positive,0.6134,6.0,
S0125,2,S0125,6,positive,0.8765,4.0,
S0125,2,S0125,7,positive,0.7271,5.0,
S0125,3,S0125,7,positive,0.7726,4.0,
S0125,3,S0125,8,positive,0.7699,5.0,
S0125,4,S0125,5,positive,0.95,1.0,
S0125,6,S0125,7,positive,0.95,1.0,
S0126,1,S0126,2,positive,0.9145,1.0,
S0126,1,S0126,3,positive,0.8699,2.0,
S0126,1,S0126,4,positive,0.787,3.0,
S0126,1,S0126,5,positive,0.8595,4.0,
S0126,1,S0126,8,positive,0.6793,7.0,
S0126,2,S0126,5,positive,0.8738,3.0,
S0126,3,S0126,5,positive,0.95,2.0,
S0126,4,S0126,5,positive,0.95,1.0,
S0126,4,S0126,7,positive,0.8524,3.0,
S0126,5,S0126,8,positive,0.946,3.0,
S0126,6,S0126,8,positive,0.95,2.0,
S0127,1,S0127,6,positive,0.7029,5.0,
S0127,1,S0127,7,positive,0.6857,6.0,
S0127,1,S0127,8,positive,0.788,7.0,
S0127,2,S0127,3,positive,0.95,1.0,
S0127,2,S0127,4,positive,0.8594,2.0,
S0127,2,S0127,5,positive,0.8383,3.0,
S0127,2,S0127,6,positive,0.7646,4.0,
S0127,3,S0127,4,positive,0.95,1.0,
S0127,3,S0127,6,positive,0.7527,3.0,
S0127,4,S0127,7,positive,0.9372,3.0,
S0127,5,S0127,6,positive,0.95,1.0,
S0127,5,S0127,8,positive,0.7839,3.0,
S0128,1,S0128,2,positive,0.9012,1.0,
S0128,3,S0128,6,positive,0.7866,3.0,
S0128,3,S0128,7,positive,0.8979,4.0,
S0128,4,S0128,5,positive,0.95,1.0,
S0128,5,S0128,8,positive,0.8573,3.0,
S0128,6,S0128,8,positive,0.862,2.0,
S0129,2,S0129,5,positive,0.7961,3.0,
S0129,2,S0129,6,positive,0.8067,4.0,
S0129,3,S0129,4,positive,0.95,1.0,
S0129,3,S0129,7,positive,0.8952,4.0,
S0129,4,S0129,7,positive,0.7978,3.0,
S0129,4,S0129,8,positive,0.717,4.0,
S0129,5,S0129,8,positive,0.8715,3.0,
S0129,6,S0129,7,positive,0.9371,1.0,
S0130,1,S0130,5,positive,0.8564,4.0,
S0130,1,S0130,8,positive,0.7995,7.0,
S0130,3,S0130,4,positive,0.95,1.0,
S0130,3,S0130,8,positive,0.8259,5.0,
S0130,7,S0130,8,positive,0.9135,1.0,
S0131,1,S0131,2,positive,0.95,1.0,
S0131,1,S0131,3,positive,0.95,2.0,
S0131,1,S0131,4,positive,0.7765,3.0,
S0131,1,S0131,6,positive,0.7988,5.0,
S0131,1,S0131,8,positive,0.632,7.0,
S0131,2,S0131,4,positive,0.8289,2.0,
S0131,2,S0131,7,positive,0.6797,5.0,
S0131,2,S0131,8,positive,0.7532,6.0,
S0131,3,S0131,6,positive,0.8661,3.0,
S0131,3,S0131,7,positive,0.777,4.0,
S0131,3,S0131,8,positive,0.764,5.0,
S0131,4,S0131,6,positive,0.95,2.0,
S0131,4,S0131,8,positive,0.7502,4.0,
S0132,1,S0132,4,positive,0.9252,3.0,
S0132,1,S0132,8,positive,0.6294,7.0,
S0132,2,S0132,4,positive,0.9225,2.0,
S0132,2,S0132,6,positive,0.8387,4.0,
S0132,2,S0132,8,positive,0.7901,6.0,
S0132,3,S0132,7,positive,0.8536,4.0,
S0132,3,S0132,8,positive,0.7388,5.0,
S0132,4,S0132,7,positive,0.9427,3.0,
S0132,5,S0132,8,positive,0.8473,3.0,
S0132,7,S0132,8,positive,0.95,1.0,
S0133,1,S0133,6,positive,0.8403,5.0,
S0133,1,S0133,7,positive,0.6253,6.0,
S0133,3,S0133,6,positive,0.9166,3.0,
S0133,5,S0133,6,positive,0.889,1.0,
S0133,5,S0133,8,positive,0.7804,3.0,
S0134,1,S0134,6,positive,0.7571,5.0,
S0134,2,S0134,6,positive,0.8547,4.0,
S0134,4,S0134,6,positive,0.8585,2.0,
S0134,5,S0134,7,positive,0.9348,2.0,
S0134,7,S0134,8,positive,0.95,1.0,
S0135,1,S0135,4,positive,0.934,3.0,
S0135,1,S0135,5,positive,0.7917,4.0,
S0135,1,S0135,7,positive,0.6994,6.0,
S0135,2,S0135,5,positive,0.9362,3.0,
S0135,2,S0135,7,positive,0.7423,5.0,
S0135,2,S0135,8,positive,0.7305,6.0,
S0135,3,S0135,5,positive,0.8234,2.0,
S0135,4,S0135,5,positive,0.95,1.0,
S0135,4,S0135,6,positive,0.95,2.0,
S0135,4,S0135,7,positive,0.7616,3.0,
S0135,4,S0135,8,positive,0.7448,4.0,
S0136,1,S0136,3,positive,0.8192,2.0,
S0136,1,S0136,5,positive,0.7826,4.0,
S0136,1,S0136,7,positive,0.6964,6.0,
S0136,2,S0136,3,positive,0.95,1.0,
S0136,2,S0136,5,positive,0.8056,3.0,
S0136,2,S0136,7,positive,0.8296,5.0,
S0136,3,S0136,5,positive,0.8698,2.0,
S0136,4,S0136,5,positive,0.9382,1.0,
S0136,4,S0136,6,positive,0.831,2.0,
S0136,4,S0136,8,positive,0.8221,4.0,
S0136,5,S0136,6,positive,0.95,1.0,
S0136,5,S0136,8,positive,0.7543,3.0,
S0137,1,S0137,3,positive,0.8197,2.0,
S0137,1,S0137,8,positive,0.7217,7.0,
S0137,2,S0137,8,positive,0.6765,6.0,
S0137,3,S0137,4,positive,0.8539,1.0,
S0137,3,S0137,8,positive,0.8256,5.0,
S0137,4,S0137,5,positive,0.8549,1.0,
S0137,4,S0137,6,positive,0.9167,2.0,
S0137,5,S0137,6,positive,0.95,1.0,
S0138,1,S0138,5,positive,0.8846,4.0,
S0138,1,S0138,8,positive,0.6582,7.0,
S0138,3,S0138,7,positive,0.8372,4.0,
S0138,4,S0138,5,positive,0.8894,1.0,
S0138,4,S0138,6,positive,0.8162,2.0,
S0138,5,S0138,7,positive,0.95,2.0,
S0138,6,S0138,7,positive,0.95,1.0,
S0139,1,S0139,2,positive,0.924,1.0,
S0139,1,S0139,5,positive,0.7396,4.0,
S0139,2,S0139,3,positive,0.8862,1.0,
S0139,3,S0139,4,positive,0.9236,1.0,
S0139,3,S0139,7,positive,0.7504,4.0,
S0139,4,S0139,8,positive,0.7291,4.0,
S0139,5,S0139,8,positive,0.8833,3.0,
S0140,1,S0140,2,positive,0.95,1.0,
S0140,1,S0140,8,positive,0.6036,7.0,
S0140,2,S0140,7,positive,0.8321,5.0,
S0140,2,S0140,8,positive,0.6338,6.0,
S0140,3,S0140,6,positive,0.9012,3.0,
S0140,3,S0140,7,positive,0.7549,4.0,
S0140,3,S0140,8,positive,0.821,5.0,
S0140,5,S0140,7,positive,0.95,2.0,
S0141,1,S0141,6,positive,0.749,5.0,
S0141,1,S0141,7,positive,0.6809,6.0,
S0141,1,S0141,8,positive,0.6226,7.0,
S0141,2,S0141,3,positive,0.95,1.0,
S0141,2,S0141,6,positive,0.7678,4.0,
S0141,2,S0141,7,positive,0.7751,5.0,
S0141,3,S0141,4,positive,0.9282,1.0,
S0141,3,S0141,6,positive,0.8323,3.0,
S0141,4,S0141,7,positive,0.8397,3.0,
S0141,5,S0141,8,positive,0.826,3.0,
S0141,6,S0141,7,positive,0.95,1.0,
S0141,6,S0141,8,positive,0.8694,2.0,
S0142,1,S0142,2,positive,0.95,1.0,
S0142,1,S0142,6,positive,0.8098,5.0,
S0142,1,S0142,7,positive,0.7327,6.0,
S0142,2,S0142,6,positive,0.7437,4.0,
S0142,3,S0142,5,positive,0.8567,2.0,
S0142,3,S0142,6,positive,0.7557,3.0,
S0142,5,S0142,6,positive,0.95,1.0,
S0143,1,S0143,6,positive,0.8178,5.0,
S0143,2,S0143,3,positive,0.95,1.0,
S0143,2,S0143,7,positive,0.6712,5.0,
S0143,2,S0143,8,positive,0.6723,6.0,
S0143,4,S0143,7,positive,0.8328,3.0,
S0143,5,S0143,8,positive,0.9493,3.0,
S0144,1,S0144,2,positive,0.8918,1.0,
S0144,1,S0144,6,positive,0.7308,5.0,
S0144,2,S0144,5,positive,0.772,3.0,
S0144,2,S0144,7,positive,0.6695,5.0,
S0144,3,S0144,8,positive,0.7878,5.0,
S0144,4,S0144,5,positive,0.9281,1.0,
S0144,4,S0144,6,positive,0.8921,2.0,
S0144,4,S0144,8,positive,0.7762,4.0,
S0144,5,S0144,7,positive,0.8595,2.0,
S0144,6,S0144,7,positive,0.95,1.0,
S0144,7,S0144,8,positive,0.95,1.0,
S0145,1,S0145,2,positive,0.95,1.0,
S0145,1,S0145,3,positive,0.9429,2.0,
S0145,1,S0145,6,positive,0.7856,5.0,
S0145,1,S0145,7,positive,0.7412,6.0,
S0145,2,S0145,3,positive,0.9263,1.0,
S0145,3,S0145,7,positive,0.8132,4.0,
S0145,4,S0145,5,positive,0.8622,1.0,
S0145,4,S0145,6,positive,0.9118,2.0,
S0145,5,S0145,6,positive,0.8645,1.0,
S0145,5,S0145,8,positive,0.9154,3.0,
S0145,7,S0145,8,positive,0.95,1.0,
S0146,2,S0146,3,positive,0.8743,1.0,
S0146,2,S0146,4,positive,0.8984,2.0,
S0146,2,S0146,6,positive,0.7156,4.0,
S0146,3,S0146,8,positive,0.7982,5.0,
S0146,4,S0146,5,positive,0.95,1.0,
S0146,5,S0146,7,positive,0.851,2.0,
S0146,6,S0146,8,positive,0.95,2.0,
S0147,1,S0147,4,positive,0.9119,3.0,
S0147,1,S0147,6,positive,0.8352,5.0,
S0147,1,S0147,8,positive,0.6099,7.0,
S0147,2,S0147,3,positive,0.939,1.0,
S0147,2,S0147,5,positive,0.821,3.0,
S0147,4,S0147,6,positive,0.8705,2.0,
S0147,4,S0147,8,positive,0.813,4.0,
S0147,5,S0147,8,positive,0.7721,3.0,
S0148,1,S0148,3,positive,0.8589,2.0,
S0148,1,S0148,5,positive,0.7296,4.0,
S0148,1,S0148,7,positive,0.7311,6.0,
S0148,2,S0148,5,positive,0.95,3.0,
S0148,2,S0148,8,positive,0.7919,6.0,
S0148,4,S0148,5,positive,0.95,1.0,
S0149,2,S0149,7,positive,0.7313,5.0,
S0149,2,S0149,8,positive,0.6568,6.0,
S0149,3,S0149,4,positive,0.886,1.0,
S0149,3,S0149,5,positive,0.84,2.0,
S0149,3,S0149,6,positive,0.9131,3.0,
S0149,3,S0149,7,positive,0.7783,4.0,
S0149,3,S0149,8,positive,0.7935,5.0,
S0149,4,S0149,7,positive,0.8085,3.0,
S0149,5,S0149,8,positive,0.8055,3.0,
S0149,6,S0149,7,positive,0.95,1.0,
S0149,7,S0149,8,positive,0.868,1.0,
S0150,1,S0150,2,positive,0.9348,1.0,
S0150,1,S0150,4,positive,0.9104,3.0,
S0150,1,S0150,5,positive,0.8296,4.0,
S0150,1,S0150,8,positive,0.7513,7.0,
S0150,2,S0150,3,positive,0.8751,1.0,
S0150,2,S0150,7,positive,0.7091,5.0,
S0150,2,S0150,8,positive,0.7614,6.0,
S0150,3,S0150,8,positive,0.7733,5.0,
S0150,6,S0150,7,positive,0.9472,1.0,
S0150,6,S0150,8,positive,0.8256,2.0,
S0151,1,S0151,5,positive,0.717,4.0,
S0151,1,S0151,7,positive,0.6065,6.0,
S0151,2,S0151,4,positive,0.9242,2.0,
S0151,2,S0151,7,positive,0.8382,5.0,
S0151,3,S0151,4,positive,0.9485,1.0,
S0151,3,S0151,5,positive,0.8425,2.0,
S0151,3,S0151,8,positive,0.7466,5.0,
S0151,4,S0151,6,positive,0.9071,2.0,
S0151,5,S0151,7,positive,0.9358,2.0,
S0151,6,S0151,7,positive,0.95,1.0,
S0151,6,S0151,8,positive,0.95,2.0,
S0152,1,S0152,6,positive,0.7213,5.0,
S0152,1,S0152,8,positive,0.6416,7.0,
S0152,2,S0152,3,positive,0.8961,1.0,
S0152,2,S0152,5,positive,0.93,3.0,
S0152,2,S0152,7,positive,0.689,5.0,
S0152,3,S0152,4,positive,0.95,1.0,
S0152,3,S0152,5,positive,0.9005,2.0,
S0152,3,S0152,6,positive,0.8099,3.0,
S0152,3,S0152,8,positive,0.8212,5.0,
S0152,4,S0152,6,positive,0.8558,2.0,
S0152,6,S0152,7,positive,0.9133,1.0,
S0153,1,S0153,6,positive,0.6652,5.0,
S0153,1,S0153,7,positive,0.7663,6.0,
S0153,2,S0153,3,positive,0.95,1.0,
S0153,3,S0153,4,positive,0.8767,1.0,
S0153,3,S0153,5,positive,0.9203,2.0,
S0153,3,S0153,6,positive,0.8162,3.0,
S0153,4,S0153,5,positive,0.95,1.0,
S0153,4,S0153,7,positive,0.7755,3.0,
S0153,7,S0153,8,positive,0.95,1.0,
S0154,1,S0154,2,positive,0.95,1.0,
S0154,1,S0154,3,positive,0.8118,2.0,
S0154,1,S0154,4,positive,0.9411,3.0,
S0154,1,S0154,7,positive,0.6255,6.0,
S0154,2,S0154,6,positive,0.8449,4.0,
S0154,3,S0154,4,positive,0.95,1.0,
S0154,3,S0154,8,positive,0.8185,5.0,
S0154,4,S0154,5,positive,0.95,1.0,
S0155,1,S0155,7,positive,0.7906,6.0,
S0155,1,S0155,8,positive,0.742,7.0,
S0155,3,S0155,5,positive,0.9052,2.0,
S0155,3,S0155,6,positive,0.7964,3.0,
S0155,4,S0155,5,positive,0.95,1.0,
S0155,4,S0155,8,positive,0.8085,4.0,
S0155,6,S0155,8,positive,0.8709,2.0,
S0155,7,S0155,8,positive,0.9095,1.0,
S0156,1,S0156,2,positive,0.95,1.0,
S0156,1,S0156,3,positive,0.8082,2.0,
S0156,1,S0156,4,positive,0.8914,3.0,
S0156,2,S0156,4,positive,0.9286,2.0,
S0156,4,S0156,7,positive,0.8167,3.0,
S0156,5,S0156,7,positive,0.8612,2.0,
S0157,1,S0157,4,positive,0.8574,3.0,
S0157,2,S0157,3,positive,0.9101,1.0,
S0157,2,S0157,7,positive,0.664,5.0,
S0157,3,S0157,4,positive,0.95,1.0,
S0157,3,S0157,5,positive,0.858,2.0,
S0157,4,S0157,5,positive,0.9254,1.0,
S0157,6,S0157,7,positive,0.901,1.0,
S0158,1,S0158,2,positive,0.95,1.0,
S0158,1,S0158,4,positive,0.8062,3.0,
S0158,1,S0158,6,positive,0.7836,5.0,
S0158,1,S0158,7,positive,0.641,6.0,
S0158,2,S0158,5,positive,0.9102,3.0,
S0158,3,S0158,7,positive,0.794,4.0,
S0158,4,S0158,5,positive,0.95,1.0,
S0158,4,S0158,8,positive,0.7642,4.0,
S0158,5,S0158,8,positive,0.7753,3.0,
S0158,7,S0158,8,positive,0.95,1.0,
S0159,1,S0159,5,positive,0.7085,4.0,
S0159,1,S0159,8,positive,0.618,7.0,
S0159,3,S0159,4,positive,0.9291,1.0,
S0159,3,S0159,8,positive,0.8269,5.0,
S0159,5,S0159,6,positive,0.8766,1.0,
S0160,1,S0160,2,positive,0.8807,1.0,
S0160,1,S0160,6,positive,0.7123,5.0,
S0160,2,S0160,4,positive,0.95,2.0,
S0160,2,S0160,7,positive,0.758,5.0,
S0160,2,S0160,8,positive,0.7398,6.0,
S0160,4,S0160,6,positive,0.8481,2.0,
S0160,4,S0160,8,positive,0.8535,4.0,
S0160,5,S0160,7,positive,0.8624,2.0,
S0160,5,S0160,8,positive,0.8511,3.0,
S0160,6,S0160,8,positive,0.8479,2.0,
S0160,7,S0160,8,positive,0.8774,1.0,
S0161,1,S0161,2,positive,0.9491,1.0,
S0161,1,S0161,4,positive,0.7806,3.0,
S0161,1,S0161,6,positive,0.7899,5.0,
S0161,1,S0161,8,positive,0.6471,7.0,
S0161,2,S0161,6,positive,0.7864,4.0,
S0161,2,S0161,7,positive,0.8252,5.0,
S0161,3,S0161,7,positive,0.855,4.0,
S0161,4,S0161,8,positive,0.8813,4.0,
S0162,1,S0162,6,positive,0.6574,5.0,
S0162,2,S0162,3,positive,0.8841,1.0,
S0162,2,S0162,4,positive,0.8943,2.0,
S0162,2,S0162,5,positive,0.9471,3.0,
S0162,3,S0162,7,positive,0.7293,4.0,
S0162,4,S0162,5,positive,0.95,1.0,
S0162,4,S0162,8,positive,0.8011,4.0,
S0162,5,S0162,6,positive,0.95,1.0,
S0162,5,S0162,8,positive,0.7516,3.0,
S0162,6,S0162,7,positive,0.8641,1.0,
S0162,7,S0162,8,positive,0.8627,1.0,
S0163,1,S0163,7,positive,0.6873,6.0,
S0163,2,S0163,7,positive,0.8059,5.0,
S0163,3,S0163,6,positive,0.7841,3.0,
S0163,4,S0163,6,positive,0.818,2.0,
S0163,4,S0163,8,positive,0.8707,4.0,
S0163,5,S0163,6,positive,0.9253,1.0,
S0163,6,S0163,7,positive,0.95,1.0,
S0163,6,S0163,8,positive,0.8049,2.0,
S0163,7,S0163,8,positive,0.9002,1.0,
S0164,1,S0164,2,positive,0.9302,1.0,
S0164,1,S0164,7,positive,0.7248,6.0,
S0164,2,S0164,3,positive,0.95,1.0,
S0164,2,S0164,4,positive,0.8531,2.0,
S0164,2,S0164,8,positive,0.6941,6.0,
S0164,3,S0164,5,positive,0.8504,2.0,
S0164,3,S0164,6,positive,0.882,3.0,
S0164,3,S0164,7,positive,0.7628,4.0,
S0164,7,S0164,8,positive,0.95,1.0,
S0165,1,S0165,2,positive,0.8662,1.0,
S0165,1,S0165,4,positive,0.7735,3.0,
S0165,1,S0165,5,positive,0.7496,4.0,
S0165,2,S0165,7,positive,0.7178,5.0,
S0165,3,S0165,4,positive,0.95,1.0,
S0165,5,S0165,7,positive,0.9311,2.0,
S0165,5,S0165,8,positive,0.9401,3.0,
S0165,6,S0165,8,positive,0.8659,2.0,
S0165,7,S0165,8,positive,0.8896,1.0,
S0166,1,S0166,3,positive,0.8647,2.0,
S0166,1,S0166,4,positive,0.9345,3.0,
S0166,1,S0166,6,positive,0.8335,5.0,
S0166,2,S0166,3,positive,0.9495,1.0,
S0166,2,S0166,5,positive,0.9078,3.0,
S0166,2,S0166,6,positive,0.8516,4.0,
S0166,3,S0166,4,positive,0.871,1.0,
S0166,3,S0166,8,positive,0.7074,5.0,
S0166,4,S0166,5,positive,0.9436,1.0,
S0166,5,S0166,6,positive,0.95,1.0,
S0166,6,S0166,8,positive,0.8787,2.0,
S0167,1,S0167,3,positive,0.95,2.0,
S0167,1,S0167,7,positive,0.7345,6.0,
S0167,2,S0167,3,positive,0.9101,1.0,
S0167,2,S0167,4,positive,0.95,2.0,
S0167,2,S0167,5,positive,0.9346,3.0,
S0167,2,S0167,6,positive,0.734,4.0,
S0167,3,S0167,6,positive,0.8892,3.0,
S0167,4,S0167,7,positive,0.8366,3.0,
S0167,5,S0167,6,positive,0.8966,1.0,
S0167,5,S0167,7,positive,0.8538,2.0,
S0167,6,S0167,7,positive,0.9156,1.0,
S0168,1,S0168,2,positive,0.95,1.0,
S0168,1,S0168,3,positive,0.95,2.0,
S0168,2,S0168,4,positive,0.95,2.0,
S0168,2,S0168,5,positive,0.8594,3.0,
S0168,2,S0168,6,positive,0.814,4.0,
S0168,2,S0168,8,positive,0.6803,6.0,
S0168,4,S0168,5,positive,0.8968,1.0,
S0168,4,S0168,6,positive,0.8169,2.0,
S0168,4,S0168,7,positive,0.829,3.0,
S0168,4,S0168,8,positive,0.7854,4.0,
S0168,5,S0168,7,positive,0.877,2.0,
S0169,3,S0169,6,positive,0.7903,3.0,
S0169,6,S0169,7,positive,0.95,1.0,
S0169,6,S0169,8,positive,0.8448,2.0,
S0170,1,S0170,3,positive,0.8407,2.0,
S0170,2,S0170,3,positive,0.9121,1.0,
S0170,2,S0170,6,positive,0.7345,4.0,
S0170,2,S0170,8,positive,0.7507,6.0,
S0170,3,S0170,4,positive,0.8594,1.0,
S0170,4,S0170,5,positive,0.8819,1.0,
S0170,4,S0170,7,positive,0.9109,3.0,
S0171,1,S0171,4,positive,0.915,3.0,
S0171,1,S0171,5,positive,0.8792,4.0,
S0171,2,S0171,4,positive,0.9263,2.0,
S0171,2,S0171,5,positive,0.8066,3.0,
S0171,2,S0171,6,positive,0.8911,4.0,
S0171,2,S0171,7,positive,0.8166,5.0,
S0171,2,S0171,8,positive,0.7158,6.0,
S0171,3,S0171,8,positive,0.8129,5.0,
S0171,4,S0171,5,positive,0.95,1.0,
S0171,4,S0171,6,positive,0.9235,2.0,
S0172,1,S0172,2,positive,0.95,1.0,
S0172,1,S0172,4,positive,0.838,3.0,
S0172,1,S0172,5,positive,0.8687,4.0,
S0172,1,S0172,6,positive,0.8214,5.0,
S0172,1,S0172,7,positive,0.6692,6.0,
S0172,2,S0172,7,positive,0.7877,5.0,
S0172,2,S0172,8,positive,0.6761,6.0,
S0172,3,S0172,6,positive,0.7774,3.0,
S0172,3,S0172,8,positive,0.6837,5.0,
S0172,4,S0172,5,positive,0.9188,1.0,
S0172,4,S0172,7,positive,0.9161,3.0,
S0172,6,S0172,7,positive,0.9049,1.0,
S0172,7,S0172,8,positive,0.9154,1.0,
S0173,1,S0173,2,positive,0.8592,1.0,
S0173,1,S0173,3,positive,0.8222,2.0,
S0173,1,S0173,5,positive,0.8132,4.0,
S0173,2,S0173,5,positive,0.8227,3.0,
S0173,2,S0173,6,positive,0.8074,4.0,
S0173,2,S0173,7,positive,0.67,5.0,
S0173,3,S0173,7,positive,0.8937,4.0,
S0173,3,S0173,8,positive,0.8386,5.0,
S0173,6,S0173,7,positive,0.95,1.0,
S0173,6,S0173,8,positive,0.8866,2.0,
S0174,1,S0174,4,positive,0.8054,3.0,
S0174,1,S0174,6,positive,0.6839,5.0,
S0174,2,S0174,3,positive,0.9477,1.0,
S0174,2,S0174,7,positive,0.7987,5.0,
S0174,3,S0174,4,positive,0.95,1.0,
S0174,3,S0174,5,positive,0.95,2.0,
S0174,3,S0174,7,positive,0.8212,4.0,
S0174,4,S0174,7,positive,0.8938,3.0,
S0175,1,S0175,5,positive,0.8122,4.0,
S0175,1,S0175,6,positive,0.8474,5.0,
S0175,1,S0175,7,positive,0.6277,6.0,
S0175,2,S0175,8,positive,0.6009,6.0,
S0175,3,S0175,8,positive,0.7979,5.0,
S0175,4,S0175,5,positive,0.95,1.0,
S0175,4,S0175,6,positive,0.8217,2.0,
S0175,6,S0175,7,positive,0.95,1.0,
S0175,7,S0175,8,positive,0.8628,1.0,
S0176,1,S0176,3,positive,0.95,2.0,
S0176,1,S0176,6,positive,0.8121,5.0,
S0176,1,S0176,8,positive,0.7107,7.0,
S0176,2,S0176,5,positive,0.8327,3.0,
S0176,2,S0176,6,positive,0.708,4.0,
S0176,3,S0176,6,positive,0.7661,3.0,
S0176,3,S0176,8,positive,0.7057,5.0,
S0176,5,S0176,6,positive,0.936,1.0,
S0177,1,S0177,6,positive,0.7008,5.0,
S0177,2,S0177,3,positive,0.95,1.0,
S0177,2,S0177,4,positive,0.9232,2.0,
S0177,2,S0177,7,positive,0.7872,5.0,
S0177,3,S0177,7,positive,0.8367,4.0,
S0177,4,S0177,6,positive,0.9423,2.0,
S0177,5,S0177,6,positive,0.8867,1.0,
S0178,1,S0178,2,positive,0.95,1.0,
S0178,1,S0178,3,positive,0.8728,2.0,
S0178,1,S0178,7,positive,0.7257,6.0,
S0178,1,S0178,8,positive,0.7797,7.0,
S0178,2,S0178,3,positive,0.95,1.0,
S0178,2,S0178,4,positive,0.8733,2.0,
S0178,2,S0178,5,positive,0.877,3.0,
S0178,3,S0178,4,positive,0.95,1.0,
S0178,4,S0178,7,positive,0.7731,3.0,
S0178,5,S0178,7,positive,0.9392,2.0,
S0178,6,S0178,7,positive,0.95,1.0,
S0179,1,S0179,3,positive,0.8164,2.0,
S0179,1,S0179,7,positive,0.7257,6.0,
S0179,2,S0179,3,positive,0.9415,1.0,
S0179,2,S0179,4,positive,0.8755,2.0,
S0179,3,S0179,5,positive,0.8742,2.0,
S0179,3,S0179,6,positive,0.7966,3.0,
S0179,3,S0179,7,positive,0.8019,4.0,
S0179,5,S0179,8,positive,0.758,3.0,
S0180,1,S0180,5,positive,0.8599,4.0,
S0180,2,S0180,4,positive,0.95,2.0,
S0180,2,S0180,8,positive,0.65,6.0,
S0180,3,S0180,4,positive,0.95,1.0,
S0180,3,S0180,6,positive,0.8038,3.0,
S0180,3,S0180,8,positive,0.8361,5.0,
S0180,4,S0180,5,positive,0.95,1.0,
S0180,4,S0180,6,positive,0.8351,2.0,
S0180,5,S0180,6,positive,0.949,1.0,
S0180,5,S0180,7,positive,0.8582,2.0,
S0181,1,S0181,4,positive,0.8856,3.0,
S0181,1,S0181,7,positive,0.6569,6.0,
S0181,2,S0181,7,positive,0.7655,5.0,
S0181,4,S0181,8,positive,0.7459,4.0,
S0182,1,S0182,3,positive,0.8728,2.0,
S0182,2,S0182,3,positive,0.9403,1.0,
S0182,2,S0182,6,positive,0.8746,4.0,
S0182,2,S0182,7,positive,0.7185,5.0,
S0182,3,S0182,4,positive,0.9109,1.0,
S0182,3,S0182,5,positive,0.95,2.0,
S0182,3,S0182,6,positive,0.9262,3.0,
S0182,3,S0182,7,positive,0.7934,4.0,
S0182,5,S0182,6,positive,0.916,1.0,
S0183,1,S0183,2,positive,0.95,1.0,
S0183,1,S0183,3,positive,0.859,2.0,
S0183,2,S0183,6,positive,0.712,4.0,
S0183,2,S0183,7,positive,0.767,5.0,
S0183,3,S0183,6,positive,0.8735,3.0,
S0183,3,S0183,8,positive,0.849,5.0,
S0183,5,S0183,7,positive,0.8813,2.0,
S0183,6,S0183,7,positive,0.8567,1.0,
S0184,2,S0184,3,positive,0.95,1.0,
S0184,2,S0184,4,positive,0.886,2.0,
S0184,2,S0184,7,positive,0.7863,5.0,
S0184,3,S0184,7,positive,0.7955,4.0,
S0184,5,S0184,7,positive,0.9187,2.0,
S0184,5,S0184,8,positive,0.7749,3.0,
S0185,1,S0185,5,positive,0.8588,4.0,
S0185,1,S0185,6,positive,0.6981,5.0,
S0185,2,S0185,4,positive,0.8891,2.0,
S0185,2,S0185,5,positive,0.8109,3.0,
S0185,3,S0185,4,positive,0.95,1.0,
S0185,3,S0185,6,positive,0.8777,3.0,
S0185,3,S0185,7,positive,0.8445,4.0,
S0185,6,S0185,8,positive,0.95,2.0,
S0186,1,S0186,3,positive,0.9016,2.0,
S0186,1,S0186,5,positive,0.7499,4.0,
S0186,2,S0186,5,positive,0.9463,3.0,
S0186,2,S0186,7,positive,0.7566,5.0,
S0186,2,S0186,8,positive,0.6845,6.0,
S0186,3,S0186,4,positive,0.95,1.0,
S0186,3,S0186,5,positive,0.95,2.0,
S0186,4,S0186,5,positive,0.8968,1.0,
S0186,4,S0186,7,positive,0.8062,3.0,
S0187,1,S0187,3,positive,0.8172,2.0,
S0187,4,S0187,5,positive,0.8856,1.0,
S0187,4,S0187,6,positive,0.8391,2.0,
S0187,4,S0187,8,positive,0.7066,4.0,
S0187,6,S0187,7,positive,0.95,1.0,
S0187,7,S0187,8,positive,0.95,1.0,
S0188,1,S0188,3,positive,0.8384,2.0,
S0188,2,S0188,3,positive,0.9121,1.0,
S0188,2,S0188,5,positive,0.8507,3.0,
S0188,2,S0188,6,positive,0.72,4.0,
S0188,2,S0188,7,positive,0.836,5.0,
S0188,2,S0188,8,positive,0.7321,6.0,
S0188,3,S0188,6,positive,0.8588,3.0,
S0188,4,S0188,6,positive,0.9257,2.0,
S0188,4,S0188,7,positive,0.7891,3.0,
S0188,5,S0188,6,positive,0.8747,1.0,
S0188,5,S0188,7,positive,0.8726,2.0,
S0188,5,S0188,8,positive,0.8467,3.0,
S0188,7,S0188,8,positive,0.95,1.0,
S0189,1,S0189,2,positive,0.95,1.0,
S0189,1,S0189,3,positive,0.8068,2.0,
S0189,2,S0189,5,positive,0.8306,3.0,
S0189,2,S0189,7,positive,0.6823,5.0,
S0189,3,S0189,5,positive,0.8197,2.0,
S0189,3,S0189,7,positive,0.8346,4.0,
S0189,4,S0189,5,positive,0.95,1.0,
S0189,5,S0189,6,positive,0.95,1.0,
S0189,6,S0189,7,positive,0.8839,1.0,
S0190,1,S0190,6,positive,0.6671,5.0,
S0190,1,S0190,8,positive,0.7586,7.0,
S0190,3,S0190,4,positive,0.95,1.0,
S0190,4,S0190,6,positive,0.95,2.0,
S0190,4,S0190,8,positive,0.7949,4.0,
S0190,7,S0190,8,positive,0.95,1.0,
S0191,1,S0191,2,positive,0.95,1.0,
S0191,1,S0191,5,positive,0.7286,4.0,
S0191,2,S0191,6,positive,0.8054,4.0,
S0191,2,S0191,7,positive,0.8107,5.0,
S0191,2,S0191,8,positive,0.7749,6.0,
S0191,3,S0191,6,positive,0.8896,3.0,
S0191,6,S0191,7,positive,0.95,1.0,
S0192,1,S0192,2,positive,0.95,1.0,
S0192,1,S0192,5,positive,0.7237,4.0,
S0192,1,S0192,6,positive,0.7802,5.0,
S0192,2,S0192,3,positive,0.8761,1.0,
S0192,3,S0192,4,positive,0.95,1.0,
S0192,3,S0192,5,positive,0.95,2.0,
S0192,3,S0192,6,positive,0.8528,3.0,
S0192,4,S0192,6,positive,0.8739,2.0,
S0192,4,S0192,7,positive,0.8108,3.0,
S0193,1,S0193,2,positive,0.95,1.0,
S0193,1,S0193,3,positive,0.8438,2.0,
S0193,1,S0193,8,positive,0.6252,7.0,
S0193,2,S0193,4,positive,0.9493,2.0,
S0193,2,S0193,5,positive,0.8395,3.0,
S0193,3,S0193,5,positive,0.8169,2.0,
S0193,3,S0193,6,positive,0.8398,3.0,
S0193,6,S0193,7,positive,0.8878,1.0,
S0193,6,S0193,8,positive,0.9112,2.0,
S0193,7,S0193,8,positive,0.95,1.0,
S0194,1,S0194,2,positive,0.8831,1.0,
S0194,1,S0194,7,positive,0.7701,6.0,
S0194,1,S0194,8,positive,0.6115,7.0,
S0194,3,S0194,7,positive,0.8497,4.0,
S0194,4,S0194,5,positive,0.95,1.0,
S0194,4,S0194,6,positive,0.8835,2.0,
S0194,5,S0194,8,positive,0.8181,3.0,
S0194,7,S0194,8,positive,0.9071,1.0,
S0195,1,S0195,3,positive,0.8453,2.0,
S0195,1,S0195,5,positive,0.771,4.0,
S0195,2,S0195,4,positive,0.864,2.0,
S0195,2,S0195,5,positive,0.9423,3.0,
S0195,2,S0195,7,positive,0.7636,5.0,
S0195,5,S0195,7,positive,0.8864,2.0,
S0195,6,S0195,8,positive,0.815,2.0,
S0196,1,S0196,3,positive,0.95,2.0,
S0196,1,S0196,4,positive,0.7713,3.0,
S0196,1,S0196,6,positive,0.6886,5.0,
S0196,4,S0196,5,positive,0.95,1.0,
S0196,4,S0196,6,positive,0.9015,2.0,
S0196,5,S0196,8,positive,0.7682,3.0,
S0196,6,S0196,7,positive,0.95,1.0,
S0197,1,S0197,3,positive,0.8849,2.0,
S0197,3,S0197,4,positive,0.8963,1.0,
S0197,3,S0197,8,positive,0.7539,5.0,
S0197,4,S0197,5,positive,0.95,1.0,
S0197,4,S0197,6,positive,0.8604,2.0,
S0197,4,S0197,7,positive,0.7571,3.0,
S0197,4,S0197,8,positive,0.9,4.0,
S0197,5,S0197,8,positive,0.7692,3.0,
S0197,6,S0197,8,positive,0.8007,2.0,
S0198,1,S0198,2,positive,0.8784,1.0,
S0198,2,S0198,4,positive,0.8728,2.0,
S0198,3,S0198,5,positive,0.861,2.0,
S0198,4,S0198,8,positive,0.8897,4.0,
S0198,6,S0198,8,positive,0.9438,2.0,
S0199,1,S0199,3,positive,0.95,2.0,
S0199,1,S0199,5,positive,0.7757,4.0,
S0199,1,S0199,7,positive,0.6223,6.0,
S0199,2,S0199,3,positive,0.95,1.0,
S0199,3,S0199,4,positive,0.8623,1.0,
S0199,3,S0199,5,positive,0.9124,2.0,
S0199,3,S0199,8,positive,0.7861,5.0,
S0199,4,S0199,6,positive,0.95,2.0,
S0199,5,S0199,8,positive,0.7803,3.0,
S0200,1,S0200,3,positive,0.8237,2.0,
S0200,1,S0200,4,positive,0.7899,3.0,
S0200,1,S0200,7,positive,0.7422,6.0,
S0200,1,S0200,8,positive,0.7195,7.0,
S0200,2,S0200,8,positive,0.7876,6.0,
S0200,3,S0200,4,positive,0.95,1.0,
S0200,3,S0200,6,positive,0.9114,3.0,
S0200,3,S0200,8,positive,0.7651,5.0,
S0200,4,S0200,5,positive,0.95,1.0,
S0200,4,S0200,7,positive,0.9223,3.0,
S0200,4,S0200,8,positive,0.8673,4.0,
S0200,5,S0200,6,positive,0.8819,1.0,
S0200,7,S0200,8,positive,0.95,1.0,
S0201,1,S0201,3,positive,0.823,2.0,
S0201,1,S0201,6,positive,0.8413,5.0,
S0201,2,S0201,5,positive,0.9303,3.0,
S0201,2,S0201,7,positive,0.7051,5.0,
S0201,2,S0201,8,positive,0.6993,6.0,
S0201,3,S0201,6,positive,0.9124,3.0,
S0201,3,S0201,8,positive,0.6654,5.0,
S0201,4,S0201,6,positive,0.9181,2.0,
S0201,5,S0201,6,positive,0.95,1.0,
S0201,5,S0201,7,positive,0.95,2.0,
S0202,1,S0202,2,positive,0.95,1.0,
S0202,1,S0202,7,positive,0.7269,6.0,
S0202,2,S0202,3,positive,0.95,1.0,
S0202,2,S0202,8,positive,0.6164,6.0,
S0202,4,S0202,6,positive,0.95,2.0,
S0202,5,S0202,6,positive,0.9359,1.0,
S0202,5,S0202,8,positive,0.9314,3.0,
S0202,6,S0202,8,positive,0.8344,2.0,
S0203,1,S0203,8,positive,0.6546,7.0,
S0203,2,S0203,4,positive,0.95,2.0,
S0203,2,S0203,5,positive,0.8863,3.0,
S0203,3,S0203,5,positive,0.8187,2.0,
S0203,4,S0203,8,positive,0.7565,4.0,
S0203,5,S0203,6,positive,0.9373,1.0,
S0203,5,S0203,7,positive,0.8034,2.0,
S0203,5,S0203,8,positive,0.9084,3.0,
S0203,6,S0203,7,positive,0.95,1.0,
S0203,6,S0203,8,positive,0.9244,2.0,
S0204,1,S0204,2,positive,0.9141,1.0,
S0204,1,S0204,3,positive,0.8904,2.0,
S0204,1,S0204,4,positive,0.8619,3.0,
S0204,1,S0204,5,positive,0.895,4.0,
S0204,1,S0204,6,positive,0.7281,5.0,
S0204,1,S0204,7,positive,0.6259,6.0,
S0204,3,S0204,7,positive,0.7832,4.0,
S0204,4,S0204,6,positive,0.8172,2.0,
S0204,6,S0204,8,positive,0.95,2.0,
S0205,1,S0205,2,positive,0.95,1.0,
S0205,1,S0205,7,positive,0.6024,6.0,
S0205,3,S0205,8,positive,0.7322,5.0,
S0205,4,S0205,5,positive,0.95,1.0,
S0205,4,S0205,6,positive,0.8233,2.0,
S0205,4,S0205,7,positive,0.9093,3.0,
S0205,5,S0205,6,positive,0.95,1.0,
S0205,5,S0205,8,positive,0.843,3.0,
S0205,7,S0205,8,positive,0.8985,1.0,
S0206,3,S0206,6,positive,0.8678,3.0,
S0206,4,S0206,7,positive,0.7814,3.0,
S0206,5,S0206,8,positive,0.8035,3.0,
S0207,1,S0207,2,positive,0.8635,1.0,
S0207,1,S0207,5,positive,0.86,4.0,
S0207,2,S0207,4,positive,0.885,2.0,
S0207,2,S0207,5,positive,0.8903,3.0,
S0207,2,S0207,6,positive,0.7775,4.0,
S0207,3,S0207,4,positive,0.9,1.0,
S0207,3,S0207,6,positive,0.7632,3.0,
S0207,3,S0207,8,positive,0.7707,5.0,
S0207,4,S0207,6,positive,0.8407,2.0,
S0207,6,S0207,7,positive,0.95,1.0,
S0208,1,S0208,2,positive,0.95,1.0,
S0208,1,S0208,3,positive,0.8466,2.0,
S0208,1,S0208,7,positive,0.7191,6.0,
S0208,1,S0208,8,positive,0.7561,7.0,
S0208,2,S0208,3,positive,0.95,1.0,
S0208,2,S0208,8,positive,0.6819,6.0,
S0208,3,S0208,4,positive,0.95,1.0,
S0208,3,S0208,6,positive,0.8485,3.0,
S0208,3,S0208,7,positive,0.7845,4.0,
S0208,3,S0208,8,positive,0.7745,5.0,
S0208,4,S0208,6,positive,0.9432,2.0,
S0208,4,S0208,7,positive,0.8271,3.0,
S0208,5,S0208,7,positive,0.8037,2.0,
S0208,6,S0208,8,positive,0.8893,2.0,
S0209,1,S0209,5,positive,0.8003,4.0,
S0209,1,S0209,7,positive,0.7399,6.0,
S0209,2,S0209,3,positive,0.8644,1.0,
S0209,2,S0209,4,positive,0.95,2.0,
S0209,3,S0209,8,positive,0.6814,5.0,
S0210,1,S0210,7,positive,0.7965,6.0,
S0210,2,S0210,4,positive,0.8719,2.0,
S0210,2,S0210,5,positive,0.8501,3.0,
S0210,2,S0210,8,positive,0.6276,6.0,
S0210,3,S0210,4,positive,0.95,1.0,
S0210,4,S0210,7,positive,0.8831,3.0,
S0210,5,S0210,6,positive,0.9396,1.0,
S0210,7,S0210,8,positive,0.9456,1.0,
S0211,1,S0211,5,positive,0.8186,4.0,
S0211,1,S0211,7,positive,0.7689,6.0,
S0211,2,S0211,6,positive,0.894,4.0,
S0211,3,S0211,4,positive,0.95,1.0,
S0211,4,S0211,7,positive,0.8427,3.0,
S0211,5,S0211,6,positive,0.9321,1.0,
S0211,5,S0211,8,positive,0.9244,3.0,
S0212,1,S0212,2,positive,0.95,1.0,
S0212,1,S0212,3,positive,0.8554,2.0,
S0212,1,S0212,5,positive,0.7242,4.0,
S0212,1,S0212,7,positive,0.7415,6.0,
S0212,2,S0212,3,positive,0.9005,1.0,
S0212,3,S0212,4,positive,0.9437,1.0,
S0212,3,S0212,8,positive,0.6898,5.0,
S0212,4,S0212,6,positive,0.907,2.0,
S0212,5,S0212,6,positive,0.95,1.0,
S0212,5,S0212,7,positive,0.8501,2.0,
S0213,1,S0213,2,positive,0.95,1.0,
S0213,1,S0213,4,positive,0.9263,3.0,
S0213,1,S0213,5,positive,0.7512,4.0,
S0213,2,S0213,4,positive,0.8748,2.0,
S0213,2,S0213,5,positive,0.8947,3.0,
S0213,2,S0213,6,positive,0.8918,4.0,
S0213,3,S0213,6,positive,0.827,3.0,
S0213,3,S0213,8,positive,0.7318,5.0,
S0213,5,S0213,6,positive,0.95,1.0,
S0213,6,S0213,7,positive,0.95,1.0,
S0213,6,S0213,8,positive,0.9323,2.0,
S0214,1,S0214,2,positive,0.8977,1.0,
S0214,1,S0214,7,positive,0.7667,6.0,
S0214,1,S0214,8,positive,0.6328,7.0,
S0214,4,S0214,8,positive,0.7951,4.0,
S0214,5,S0214,7,positive,0.8474,2.0,
S0215,1,S0215,8,positive,0.6366,7.0,
S0215,3,S0215,4,positive,0.9334,1.0,
S0215,3,S0215,6,positive,0.7659,3.0,
S0215,3,S0215,7,positive,0.7843,4.0,
S0215,4,S0215,6,positive,0.8947,2.0,
S0215,4,S0215,7,positive,0.8724,3.0,
S0215,4,S0215,8,positive,0.7561,4.0,
S0215,5,S0215,6,positive,0.95,1.0,
S0215,5,S0215,7,positive,0.9138,2.0,
S0215,5,S0215,8,positive,0.8838,3.0,
S0216,1,S0216,2,positive,0.95,1.0,
S0216,1,S0216,4,positive,0.7644,3.0,
S0216,1,S0216,6,positive,0.6982,5.0,
S0216,1,S0216,8,positive,0.6934,7.0,
S0216,2,S0216,4,positive,0.8433,2.0,
S0216,3,S0216,5,positive,0.9064,2.0,
S0216,3,S0216,8,positive,0.8148,5.0,
S0216,7,S0216,8,positive,0.9303,1.0,
S0217,1,S0217,3,positive,0.935,2.0,
S0217,1,S0217,6,positive,0.7727,5.0,
S0217,1,S0217,7,positive,0.7561,6.0,
S0217,2,S0217,3,positive,0.95,1.0,
S0217,3,S0217,7,positive,0.7497,4.0,
S0217,3,S0217,8,positive,0.8003,5.0,
S0217,4,S0217,5,positive,0.8783,1.0,
S0217,4,S0217,6,positive,0.8654,2.0,
S0217,4,S0217,8,positive,0.8574,4.0,
S0217,7,S0217,8,positive,0.9118,1.0,
S0218,2,S0218,4,positive,0.9124,2.0,
S0218,2,S0218,5,positive,0.8207,3.0,
S0218,2,S0218,7,positive,0.727,5.0,
S0218,3,S0218,6,positive,0.767,3.0,
S0218,3,S0218,7,positive,0.7266,4.0,
S0218,4,S0218,5,positive,0.95,1.0,
S0218,4,S0218,8,positive,0.7946,4.0,
S0218,5,S0218,8,positive,0.8658,3.0,
S0219,1,S0219,4,positive,0.8468,3.0,
S0219,1,S0219,5,positive,0.8816,4.0,
S0219,1,S0219,6,positive,0.6737,5.0,
S0219,1,S0219,8,positive,0.7955,7.0,
S0219,2,S0219,7,positive,0.803,5.0,
S0219,4,S0219,6,positive,0.8962,2.0,
S0219,5,S0219,7,positive,0.8426,2.0,
S0219,6,S0219,8,positive,0.818,2.0,
S0220,1,S0220,3,positive,0.8703,2.0,
S0220,1,S0220,5,positive,0.7698,4.0,
S0220,1,S0220,8,positive,0.7148,7.0,
S0220,2,S0220,6,positive,0.8225,4.0,
S0220,3,S0220,5,positive,0.95,2.0,
S0220,3,S0220,6,positive,0.7523,3.0,
S0220,3,S0220,7,positive,0.8737,4.0,
S0220,3,S0220,8,positive,0.743,5.0,
S0220,4,S0220,7,positive,0.8119,3.0,
S0220,5,S0220,7,positive,0.8511,2.0,
S0221,1,S0221,3,positive,0.9364,2.0,
S0221,1,S0221,4,positive,0.9388,3.0,
S0221,1,S0221,6,positive,0.6651,5.0,
S0221,1,S0221,7,positive,0.7326,6.0,
S0221,2,S0221,4,positive,0.9396,2.0,
S0221,2,S0221,7,positive,0.785,5.0,
S0221,3,S0221,6,positive,0.9066,3.0,
S0221,4,S0221,5,positive,0.8895,1.0,
S0221,4,S0221,6,positive,0.95,2.0,
S0221,4,S0221,8,positive,0.7722,4.0,
S0221,6,S0221,7,positive,0.9323,1.0,
S0222,1,S0222,2,positive,0.8838,1.0,
S0222,1,S0222,3,positive,0.8982,2.0,
S0222,1,S0222,7,positive,0.7474,6.0,
S0222,2,S0222,4,positive,0.8661,2.0,
S0222,3,S0222,4,positive,0.8808,1.0,
S0222,4,S0222,6,positive,0.95,2.0,
S0222,4,S0222,7,positive,0.7809,3.0,
S0222,6,S0222,7,positive,0.95,1.0,
S0223,1,S0223,3,positive,0.8724,2.0,
S0223,4,S0223,6,positive,0.8639,2.0,
S0223,4,S0223,8,positive,0.7667,4.0,
S0223,5,S0223,6,positive,0.95,1.0,
S0223,5,S0223,7,positive,0.8763,2.0,
S0223,6,S0223,7,positive,0.95,1.0,
S0223,7,S0223,8,positive,0.9218,1.0,
S0224,1,S0224,4,positive,0.9073,3.0,
S0224,2,S0224,6,positive,0.7644,4.0,
S0224,3,S0224,6,positive,0.7662,3.0,
S0224,3,S0224,8,positive,0.6844,5.0,
S0224,4,S0224,6,positive,0.8516,2.0,
S0224,4,S0224,7,positive,0.8969,3.0,
S0224,5,S0224,6,positive,0.95,1.0,
S0224,5,S0224,8,positive,0.7964,3.0,
S0224,6,S0224,8,positive,0.9341,2.0,
S0224,7,S0224,8,positive,0.95,1.0,
S0225,1,S0225,5,positive,0.8915,4.0,
S0225,1,S0225,7,positive,0.6113,6.0,
S0225,2,S0225,7,positive,0.7172,5.0,
S0225,2,S0225,8,positive,0.7798,6.0,
S0225,3,S0225,7,positive,0.7677,4.0,
S0225,4,S0225,8,positive,0.7325,4.0,
S0226,1,S0226,2,positive,0.913,1.0,
S0226,1,S0226,4,positive,0.8258,3.0,
S0226,2,S0226,3,positive,0.95,1.0,
S0226,2,S0226,7,positive,0.6895,5.0,
S0226,4,S0226,7,positive,0.822,3.0,
S0226,6,S0226,8,positive,0.9217,2.0,
S0227,1,S0227,3,positive,0.9375,2.0,
S0227,1,S0227,4,positive,0.8898,3.0,
S0227,1,S0227,5,positive,0.7681,4.0,
S0227,1,S0227,7,positive,0.6959,6.0,
S0227,2,S0227,4,positive,0.8008,2.0,
S0227,2,S0227,7,positive,0.7325,5.0,
S0227,3,S0227,6,positive,0.8395,3.0,
S0227,4,S0227,5,positive,0.95,1.0,
S0227,5,S0227,6,positive,0.8602,1.0,
S0227,5,S0227,8,positive,0.8131,3.0,
S0227,7,S0227,8,positive,0.906,1.0,
S0228,1,S0228,2,positive,0.95,1.0,
S0228,1,S0228,8,positive,0.6589,7.0,
S0228,2,S0228,7,positive,0.7336,5.0,
S0228,3,S0228,4,positive,0.8723,1.0,
S0228,3,S0228,8,positive,0.7327,5.0,
S0228,4,S0228,5,positive,0.95,1.0,
S0228,6,S0228,8,positive,0.8947,2.0,
S0229,1,S0229,4,positive,0.7724,3.0,
S0229,1,S0229,5,positive,0.7872,4.0,
S0229,2,S0229,4,positive,0.831,2.0,
S0229,2,S0229,5,positive,0.7583,3.0,
S0229,3,S0229,5,positive,0.8635,2.0,
S0229,5,S0229,7,positive,0.9206,2.0,
S0229,6,S0229,8,positive,0.9041,2.0,
S0230,1,S0230,2,positive,0.9485,1.0,
S0230,1,S0230,3,positive,0.8534,2.0,
S0230,1,S0230,6,positive,0.7569,5.0,
S0230,1,S0230,8,positive,0.6131,7.0,
S0230,2,S0230,3,positive,0.8862,1.0,
S0230,2,S0230,7,positive,0.7522,5.0,
S0230,3,S0230,5,positive,0.95,2.0,
S0230,4,S0230,6,positive,0.8783,2.0,
S0230,4,S0230,8,positive,0.8153,4.0,
S0230,6,S0230,8,positive,0.95,2.0,
S0230,7,S0230,8,positive,0.9379,1.0,
S0231,1,S0231,4,positive,0.8076,3.0,
S0231,2,S0231,4,positive,0.9447,2.0,
S0231,2,S0231,6,positive,0.8792,4.0,
S0231,2,S0231,7,positive,0.7658,5.0,
S0231,3,S0231,5,positive,0.95,2.0,
S0231,3,S0231,8,positive,0.7102,5.0,
S0231,4,S0231,8,positive,0.7815,4.0,
S0231,5,S0231,8,positive,0.7759,3.0,
S0231,7,S0231,8,positive,0.95,1.0,
S0232,2,S0232,4,positive,0.95,2.0,
S0232,2,S0232,6,positive,0.7297,4.0,
S0232,4,S0232,7,positive,0.8809,3.0,
S0232,5,S0232,6,positive,0.95,1.0,
S0232,5,S0232,7,positive,0.95,2.0,
S0232,5,S0232,8,positive,0.9036,3.0,
S0233,1,S0233,2,positive,0.9464,1.0,
S0233,1,S0233,4,positive,0.8927,3.0,
S0233,1,S0233,6,positive,0.7324,5.0,
S0233,1,S0233,7,positive,0.798,6.0,
S0233,3,S0233,4,positive,0.95,1.0,
S0233,3,S0233,5,positive,0.9056,2.0,
S0233,4,S0233,6,positive,0.8466,2.0,
S0233,4,S0233,7,positive,0.805,3.0,
S0233,4,S0233,8,positive,0.7169,4.0,
S0233,5,S0233,6,positive,0.8846,1.0,
S0233,5,S0233,7,positive,0.8288,2.0,
S0234,1,S0234,4,positive,0.8538,3.0,
S0234,1,S0234,6,positive,0.7188,5.0,
S0234,1,S0234,8,positive,0.7786,7.0,
S0234,2,S0234,3,positive,0.95,1.0,
S0234,3,S0234,4,positive,0.95,1.0,
S0234,3,S0234,6,positive,0.9274,3.0,
S0234,4,S0234,5,positive,0.9191,1.0,
S0234,4,S0234,6,positive,0.8268,2.0,
S0234,5,S0234,6,positive,0.95,1.0,
S0234,5,S0234,7,positive,0.8828,2.0,
S0234,6,S0234,8,positive,0.9202,2.0,
S0235,1,S0235,7,positive,0.7547,6.0,
S0235,1,S0235,8,positive,0.7144,7.0,
S0235,2,S0235,4,positive,0.8211,2.0,
S0235,3,S0235,5,positive,0.8797,2.0,
S0235,3,S0235,6,positive,0.7559,3.0,
S0235,3,S0235,8,positive,0.6528,5.0,
S0235,4,S0235,6,positive,0.8185,2.0,
S0235,7,S0235,8,positive,0.859,1.0,
S0236,1,S0236,4,positive,0.8967,3.0,
S0236,1,S0236,8,positive,0.7478,7.0,
S0236,2,S0236,5,positive,0.9404,3.0,
S0236,2,S0236,8,positive,0.6197,6.0,
S0236,3,S0236,4,positive,0.8574,1.0,
S0236,3,S0236,5,positive,0.8217,2.0,
S0236,3,S0236,6,positive,0.8302,3.0,
S0236,4,S0236,7,positive,0.8419,3.0,
S0236,4,S0236,8,positive,0.8244,4.0,
S0236,5,S0236,7,positive,0.8019,2.0,
S0236,6,S0236,7,positive,0.95,1.0,
S0237,2,S0237,5,positive,0.8643,3.0,
S0237,2,S0237,8,positive,0.6259,6.0,
S0237,3,S0237,4,positive,0.9364,1.0,
S0237,3,S0237,7,positive,0.7444,4.0,
S0237,6,S0237,8,positive,0.8462,2.0,
S0238,1,S0238,7,positive,0.7497,6.0,
S0238,2,S0238,5,positive,0.9483,3.0,
S0238,2,S0238,7,positive,0.7111,5.0,
S0238,3,S0238,5,positive,0.95,2.0,
S0238,3,S0238,6,positive,0.914,3.0,
S0238,3,S0238,8,positive,0.6634,5.0,
S0238,6,S0238,8,positive,0.9189,2.0,
S0239,1,S0239,3,positive,0.9217,2.0,
S0239,1,S0239,4,positive,0.7964,3.0,
S0239,2,S0239,3,positive,0.95,1.0,
S0239,2,S0239,6,positive,0.7447,4.0,
S0239,4,S0239,8,positive,0.8875,4.0,
S0239,6,S0239,7,positive,0.95,1.0,
S0240,1,S0240,2,positive,0.925,1.0,
S0240,1,S0240,8,positive,0.6375,7.0,
S0240,2,S0240,3,positive,0.95,1.0,
S0240,2,S0240,7,positive,0.7176,5.0,
S0240,2,S0240,8,positive,0.608,6.0,
S0240,3,S0240,4,positive,0.8645,1.0,
S0240,3,S0240,8,positive,0.8356,5.0,
S0240,7,S0240,8,positive,0.95,1.0,
S0241,1,S0241,6,positive,0.8442,5.0,
S0241,1,S0241,8,positive,0.7198,7.0,
S0241,2,S0241,3,positive,0.9316,1.0,
S0241,2,S0241,7,positive,0.7259,5.0,
S0241,3,S0241,7,positive,0.8674,4.0,
S0241,3,S0241,8,positive,0.7108,5.0,
S0241,7,S0241,8,positive,0.95,1.0,
S0242,1,S0242,8,positive,0.7545,7.0,
S0242,2,S0242,4,positive,0.95,2.0,
S0242,2,S0242,6,positive,0.8902,4.0,
S0242,2,S0242,8,positive,0.7011,6.0,
S0242,4,S0242,5,positive,0.8767,1.0,
S0242,5,S0242,6,positive,0.95,1.0,
S0242,5,S0242,7,positive,0.95,2.0,
S0243,1,S0243,2,positive,0.9306,1.0,
S0243,1,S0243,3,positive,0.9257,2.0,
S0243,2,S0243,5,positive,0.7822,3.0,
S0243,2,S0243,6,positive,0.7847,4.0,
S0243,3,S0243,4,positive,0.8793,1.0,
S0243,5,S0243,7,positive,0.95,2.0,
S0244,1,S0244,4,positive,0.8051,3.0,
S0244,1,S0244,5,positive,0.7985,4.0,
S0244,1,S0244,7,positive,0.6127,6.0,
S0244,1,S0244,8,positive,0.6403,7.0,
S0244,2,S0244,3,positive,0.897,1.0,
S0244,2,S0244,5,positive,0.931,3.0,
S0244,2,S0244,7,positive,0.7205,5.0,
S0244,3,S0244,5,positive,0.9254,2.0,
S0244,3,S0244,8,positive,0.843,5.0,
S0244,6,S0244,8,positive,0.9116,2.0,
S0245,1,S0245,4,positive,0.8443,3.0,
S0245,2,S0245,3,positive,0.95,1.0,
S0245,2,S0245,5,positive,0.8673,3.0,
S0245,3,S0245,6,positive,0.766,3.0,
S0245,3,S0245,8,positive,0.7429,5.0,
S0245,4,S0245,6,positive,0.8584,2.0,
S0245,6,S0245,7,positive,0.9118,1.0,
S0245,7,S0245,8,positive,0.8561,1.0,
S0246,1,S0246,4,positive,0.8333,3.0,
S0246,1,S0246,7,positive,0.7168,6.0,
S0246,2,S0246,3,positive,0.897,1.0,
S0246,2,S0246,4,positive,0.829,2.0,
S0246,2,S0246,5,positive,0.774,3.0,
S0246,2,S0246,6,positive,0.8054,4.0,
S0246,4,S0246,5,positive,0.868,1.0,
S0246,4,S0246,6,positive,0.806,2.0,
S0246,5,S0246,7,positive,0.95,2.0,
S0246,6,S0246,7,positive,0.95,1.0,
S0247,1,S0247,3,positive,0.9076,2.0,
S0247,2,S0247,4,positive,0.8887,2.0,
S0247,3,S0247,8,positive,0.6939,5.0,
S0247,6,S0247,7,positive,0.95,1.0,
S0248,1,S0248,5,positive,0.8259,4.0,
S0248,1,S0248,8,positive,0.637,7.0,
S0248,2,S0248,3,positive,0.95,1.0,
S0248,2,S0248,5,positive,0.94,3.0,
S0248,2,S0248,6,positive,0.7259,4.0,
S0248,5,S0248,6,positive,0.95,1.0,
S0248,7,S0248,8,positive,0.95,1.0,
S0249,1,S0249,2,positive,0.949,1.0,
S0249,1,S0249,3,positive,0.8157,2.0,
S0249,1,S0249,4,positive,0.9053,3.0,
S0249,1,S0249,5,positive,0.7913,4.0,
S0249,1,S0249,6,positive,0.7729,5.0,
S0249,1,S0249,8,positive,0.7014,7.0,
S0249,2,S0249,5,positive,0.8224,3.0,
S0249,2,S0249,6,positive,0.8749,4.0,
S0249,2,S0249,8,positive,0.7384,6.0,
S0249,3,S0249,4,positive,0.95,1.0,
S0249,3,S0249,6,positive,0.8995,3.0,
S0249,6,S0249,7,positive,0.95,1.0,
S0250,1,S0250,4,positive,0.7611,3.0,
S0250,1,S0250,8,positive,0.6583,7.0,
S0250,2,S0250,3,positive,0.8667,1.0,
S0250,2,S0250,5,positive,0.8142,3.0,
S0250,3,S0250,6,positive,0.878,3.0,
S0250,4,S0250,5,positive,0.8744,1.0,
S0250,4,S0250,6,positive,0.811,2.0,
S0250,5,S0250,6,positive,0.9435,1.0,
S0250,5,S0250,7,positive,0.8903,2.0,
S0250,6,S0250,8,positive,0.8075,2.0,
S0250,7,S0250,8,positive,0.95,1.0,
S0251,1,S0251,3,positive,0.8164,2.0,
S0251,1,S0251,4,positive,0.7873,3.0,
S0251,1,S0251,5,positive,0.7374,4.0,
S0251,1,S0251,8,positive,0.6909,7.0,
S0251,2,S0251,3,positive,0.95,1.0,
S0251,2,S0251,6,positive,0.7661,4.0,
S0251,2,S0251,7,positive,0.7181,5.0,
S0251,3,S0251,4,positive,0.9105,1.0,
S0251,4,S0251,5,positive,0.95,1.0,
S0251,4,S0251,6,positive,0.95,2.0,
S0251,4,S0251,7,positive,0.7807,3.0,
S0251,4,S0251,8,positive,0.8368,4.0,
S0251,7,S0251,8,positive,0.8933,1.0,
S0252,1,S0252,6,positive,0.7123,5.0,
S0252,2,S0252,4,positive,0.9424,2.0,
S0252,4,S0252,8,positive,0.8445,4.0,
S0252,5,S0252,7,positive,0.861,2.0,
S0252,5,S0252,8,positive,0.8772,3.0,
S0252,6,S0252,7,positive,0.95,1.0,
S0252,6,S0252,8,positive,0.8634,2.0,
S0252,7,S0252,8,positive,0.9002,1.0,
S0253,1,S0253,3,positive,0.95,2.0,
S0253,1,S0253,6,positive,0.756,5.0,
S0253,2,S0253,3,positive,0.9245,1.0,
S0253,2,S0253,6,positive,0.8527,4.0,
S0253,3,S0253,4,positive,0.9284,1.0,
S0253,3,S0253,7,positive,0.8067,4.0,
S0253,3,S0253,8,positive,0.6588,5.0,
S0253,4,S0253,6,positive,0.8756,2.0,
S0253,4,S0253,7,positive,0.8023,3.0,
S0253,4,S0253,8,positive,0.701,4.0,
S0253,5,S0253,6,positive,0.9057,1.0,
S0253,5,S0253,7,positive,0.8238,2.0,
S0253,6,S0253,7,positive,0.8683,1.0,
S0254,1,S0254,8,positive,0.7929,7.0,
S0254,2,S0254,8,positive,0.6154,6.0,
S0254,3,S0254,4,positive,0.95,1.0,
S0254,3,S0254,7,positive,0.7471,4.0,
S0254,4,S0254,7,positive,0.7881,3.0,
S0254,4,S0254,8,positive,0.8906,4.0,
S0254,5,S0254,6,positive,0.95,1.0,
S0254,5,S0254,7,positive,0.8819,2.0,
S0254,6,S0254,7,positive,0.9369,1.0,
S0255,1,S0255,2,positive,0.95,1.0,
S0255,1,S0255,8,positive,0.6452,7.0,
S0255,3,S0255,5,positive,0.9217,2.0,
S0255,3,S0255,7,positive,0.7853,4.0,
S0255,4,S0255,6,positive,0.877,2.0,
S0256,1,S0256,3,positive,0.95,2.0,
S0256,1,S0256,7,positive,0.6627,6.0,
S0256,2,S0256,5,positive,0.9489,3.0,
S0256,2,S0256,6,positive,0.7355,4.0,
S0256,3,S0256,4,positive,0.9495,1.0,
S0256,3,S0256,6,positive,0.8485,3.0,
S0256,4,S0256,5,positive,0.9106,1.0,
S0256,4,S0256,8,positive,0.7962,4.0,
S0256,5,S0256,6,positive,0.95,1.0,
S0256,5,S0256,8,positive,0.7972,3.0,
S0257,1,S0257,5,positive,0.798,4.0,
S0257,1,S0257,6,positive,0.7923,5.0,
S0257,1,S0257,7,positive,0.7794,6.0,
S0257,1,S0257,8,positive,0.6457,7.0,
S0257,2,S0257,4,positive,0.8097,2.0,
S0257,2,S0257,5,positive,0.9244,3.0,
S0257,2,S0257,6,positive,0.8265,4.0,
S0257,2,S0257,8,positive,0.6314,6.0,
S0257,3,S0257,4,positive,0.95,1.0,
S0257,4,S0257,6,positive,0.8539,2.0,
S0257,4,S0257,7,positive,0.9206,3.0,
S0257,5,S0257,6,positive,0.95,1.0,
S0257,5,S0257,7,positive,0.8929,2.0,
S0257,5,S0257,8,positive,0.7972,3.0,
S0257,6,S0257,7,positive,0.9383,1.0,
S0257,6,S0257,8,positive,0.95,2.0,
S0257,7,S0257,8,positive,0.95,1.0,
S0258,1,S0258,4,positive,0.8564,3.0,
S0258,2,S0258,5,positive,0.9048,3.0,
S0258,2,S0258,6,positive,0.8839,4.0,
S0258,2,S0258,7,positive,0.6849,5.0,
S0258,5,S0258,6,positive,0.8613,1.0,
S0258,6,S0258,7,positive,0.8746,1.0,
S0258,7,S0258,8,positive,0.95,1.0,
S0259,1,S0259,2,positive,0.95,1.0,
S0259,1,S0259,4,positive,0.7651,3.0,
S0259,1,S0259,5,positive,0.7748,4.0,
S0259,1,S0259,8,positive,0.6022,7.0,
S0259,2,S0259,3,positive,0.95,1.0,
S0259,2,S0259,8,positive,0.7881,6.0,
S0259,3,S0259,5,positive,0.923,2.0,
S0259,3,S0259,7,positive,0.8508,4.0,
S0259,5,S0259,8,positive,0.7568,3.0,
S0259,6,S0259,7,positive,0.8768,1.0,
S0259,7,S0259,8,positive,0.949,1.0,
S0260,1,S0260,3,positive,0.9001,2.0,
S0260,2,S0260,4,positive,0.95,2.0,
S0260,4,S0260,5,positive,0.8609,1.0,
S0261,1,S0261,2,positive,0.9296,1.0,
S0261,1,S0261,4,positive,0.9446,3.0,
S0261,1,S0261,6,positive,0.7615,5.0,
S0261,3,S0261,6,positive,0.8343,3.0,
S0261,4,S0261,5,positive,0.9083,1.0,
S0261,5,S0261,8,positive,0.9484,3.0,
S0261,7,S0261,8,positive,0.95,1.0,
S0262,1,S0262,8,positive,0.6077,7.0,
S0262,2,S0262,8,positive,0.7207,6.0,
S0262,4,S0262,6,positive,0.9199,2.0,
S0262,6,S0262,7,positive,0.95,1.0,
S0263,1,S0263,4,positive,0.9174,3.0,
S0263,1,S0263,8,positive,0.6057,7.0,
S0263,2,S0263,4,positive,0.8849,2.0,
S0263,2,S0263,5,positive,0.886,3.0,
S0263,2,S0263,7,positive,0.7591,5.0,
S0263,2,S0263,8,positive,0.6925,6.0,
S0263,3,S0263,5,positive,0.9119,2.0,
S0263,3,S0263,7,positive,0.8935,4.0,
S0263,4,S0263,5,positive,0.95,1.0,
S0263,4,S0263,7,positive,0.8695,3.0,
S0263,5,S0263,6,positive,0.9346,1.0,
S0264,1,S0264,2,positive,0.8528,1.0,
S0264,1,S0264,3,positive,0.8317,2.0,
S0264,2,S0264,5,positive,0.8229,3.0,
S0264,2,S0264,6,positive,0.8035,4.0,
S0264,2,S0264,8,positive,0.7171,6.0,
S0264,3,S0264,5,positive,0.95,2.0,
S0264,3,S0264,7,positive,0.772,4.0,
S0264,4,S0264,5,positive,0.95,1.0,
S0264,4,S0264,6,positive,0.8002,2.0,
S0264,4,S0264,7,positive,0.9273,3.0,
S0264,6,S0264,7,positive,0.95,1.0,
S0264,7,S0264,8,positive,0.94,1.0,
S0265,1,S0265,5,positive,0.8086,4.0,
S0265,1,S0265,7,positive,0.6076,6.0,
S0265,1,S0265,8,positive,0.6068,7.0,
S0265,2,S0265,5,positive,0.7869,3.0,
S0265,3,S0265,5,positive,0.9386,2.0,
S0265,3,S0265,7,positive,0.8539,4.0,
S0266,1,S0266,3,positive,0.95,2.0,
S0266,1,S0266,6,positive,0.8103,5.0,
S0266,1,S0266,7,positive,0.7767,6.0,
S0266,2,S0266,3,positive,0.95,1.0,
S0266,2,S0266,6,positive,0.8649,4.0,
S0266,2,S0266,8,positive,0.778,6.0,
S0266,3,S0266,7,positive,0.7756,4.0,
S0266,4,S0266,5,positive,0.95,1.0,
S0266,4,S0266,8,positive,0.8803,4.0,
S0266,6,S0266,7,positive,0.8918,1.0,
S0266,6,S0266,8,positive,0.8137,2.0,
S0267,1,S0267,4,positive,0.8516,3.0,
S0267,1,S0267,7,positive,0.6396,6.0,
S0267,1,S0267,8,positive,0.7614,7.0,
S0267,2,S0267,8,positive,0.6647,6.0,
S0267,3,S0267,4,positive,0.9001,1.0,
S0267,3,S0267,5,positive,0.9404,2.0,
S0267,4,S0267,5,positive,0.8842,1.0,
S0267,4,S0267,8,positive,0.8092,4.0,
S0267,5,S0267,7,positive,0.95,2.0,
S0267,5,S0267,8,positive,0.8797,3.0,
S0267,6,S0267,7,positive,0.8752,1.0,
S0268,1,S0268,3,positive,0.8511,2.0,
S0268,1,S0268,8,positive,0.7575,7.0,
S0268,2,S0268,8,positive,0.7605,6.0,
S0268,3,S0268,8,positive,0.6571,5.0,
S0269,1,S0269,2,positive,0.95,1.0,
S0269,1,S0269,3,positive,0.9389,2.0,
S0269,1,S0269,4,positive,0.9456,3.0,
S0269,1,S0269,5,positive,0.8863,4.0,
S0269,2,S0269,4,positive,0.8834,2.0,
S0269,2,S0269,5,positive,0.8308,3.0,
S0269,2,S0269,6,positive,0.818,4.0,
S0269,2,S0269,7,positive,0.7506,5.0,
S0269,3,S0269,6,positive,0.826,3.0,
S0269,4,S0269,8,positive,0.8494,4.0,
S0269,5,S0269,6,positive,0.95,1.0,
S0269,5,S0269,7,positive,0.949,2.0,
S0269,5,S0269,8,positive,0.8279,3.0,
S0269,7,S0269,8,positive,0.9203,1.0,
S0270,1,S0270,3,positive,0.8802,2.0,
S0270,1,S0270,8,positive,0.7728,7.0,
S0270,2,S0270,4,positive,0.9477,2.0,
S0270,2,S0270,7,positive,0.6733,5.0,
S0270,3,S0270,4,positive,0.95,1.0,
S0270,3,S0270,6,positive,0.9033,3.0,
S0270,3,S0270,8,positive,0.6999,5.0,
S0270,4,S0270,5,positive,0.8658,1.0,
S0270,6,S0270,7,positive,0.95,1.0,
S0271,1,S0271,3,positive,0.95,2.0,
S0271,1,S0271,4,positive,0.7961,3.0,
S0271,1,S0271,6,positive,0.6561,5.0,
S0271,1,S0271,8,positive,0.702,7.0,
S0271,2,S0271,4,positive,0.95,2.0,
S0271,2,S0271,5,positive,0.8948,3.0,
S0271,3,S0271,4,positive,0.95,1.0,
S0271,4,S0271,6,positive,0.8651,2.0,
S0271,7,S0271,8,positive,0.95,1.0,
S0272,1,S0272,2,positive,0.95,1.0,
S0272,2,S0272,3,positive,0.9407,1.0,
S0272,2,S0272,5,positive,0.7677,3.0,
S0272,2,S0272,7,positive,0.6754,5.0,
S0272,2,S0272,8,positive,0.6699,6.0,
S0272,3,S0272,5,positive,0.8784,2.0,
S0272,3,S0272,7,positive,0.8249,4.0,
S0272,4,S0272,5,positive,0.8618,1.0,
S0272,4,S0272,6,positive,0.8891,2.0,
S0273,1,S0273,3,positive,0.95,2.0,
S0273,2,S0273,3,positive,0.95,1.0,
S0273,3,S0273,5,positive,0.9436,2.0,
S0273,3,S0273,6,positive,0.7606,3.0,
S0273,4,S0273,8,positive,0.8271,4.0,
S0273,7,S0273,8,positive,0.9099,1.0,
S0274,1,S0274,2,positive,0.9109,1.0,
S0274,1,S0274,3,positive,0.8199,2.0,
S0274,2,S0274,7,positive,0.7486,5.0,
S0274,3,S0274,6,positive,0.8411,3.0,
S0274,5,S0274,6,positive,0.95,1.0,
S0275,1,S0275,6,positive,0.7278,5.0,
S0275,3,S0275,5,positive,0.8704,2.0,
S0275,3,S0275,8,positive,0.8301,5.0,
S0275,4,S0275,6,positive,0.8949,2.0,
S0275,4,S0275,7,positive,0.8775,3.0,
S0275,5,S0275,6,positive,0.95,1.0,
S0275,5,S0275,7,positive,0.95,2.0,
S0275,5,S0275,8,positive,0.817,3.0,
S0276,1,S0276,2,positive,0.95,1.0,
S0276,1,S0276,6,positive,0.7615,5.0,
S0276,1,S0276,8,positive,0.7543,7.0,
S0276,2,S0276,7,positive,0.7257,5.0,
S0276,3,S0276,4,positive,0.9471,1.0,
S0276,3,S0276,5,positive,0.95,2.0,
S0276,4,S0276,6,positive,0.8662,2.0,
S0276,5,S0276,6,positive,0.95,1.0,
S0276,5,S0276,8,positive,0.9038,3.0,
S0277,1,S0277,3,positive,0.8836,2.0,
S0277,1,S0277,5,positive,0.7514,4.0,
S0277,2,S0277,3,positive,0.8501,1.0,
S0277,2,S0277,5,positive,0.8886,3.0,
S0277,3,S0277,4,positive,0.95,1.0,
S0277,3,S0277,7,positive,0.894,4.0,
S0277,3,S0277,8,positive,0.7828,5.0,
S0277,4,S0277,8,positive,0.7221,4.0,
S0277,5,S0277,8,positive,0.9018,3.0,
S0277,6,S0277,7,positive,0.95,1.0,
S0277,7,S0277,8,positive,0.95,1.0,
S0278,1,S0278,3,positive,0.8996,2.0,
S0278,1,S0278,4,positive,0.8688,3.0,
S0278,2,S0278,3,positive,0.95,1.0,
S0278,2,S0278,4,positive,0.8338,2.0,
S0278,2,S0278,5,positive,0.9258,3.0,
S0278,3,S0278,4,positive,0.9038,1.0,
S0278,5,S0278,7,positive,0.95,2.0,
S0279,1,S0279,3,positive,0.95,2.0,
S0279,1,S0279,6,positive,0.6633,5.0,
S0279,2,S0279,4,positive,0.95,2.0,
S0279,2,S0279,5,positive,0.9121,3.0,
S0279,3,S0279,6,positive,0.8454,3.0,
S0279,3,S0279,7,positive,0.7333,4.0,
S0279,3,S0279,8,positive,0.7685,5.0,
S0279,4,S0279,5,positive,0.95,1.0,
S0279,4,S0279,6,positive,0.95,2.0,
S0279,5,S0279,6,positive,0.9193,1.0,
S0279,5,S0279,7,positive,0.95,2.0,
S0279,5,S0279,8,positive,0.758,3.0,
S0279,6,S0279,7,positive,0.8549,1.0,
S0280,1,S0280,2,positive,0.8736,1.0,
S0280,1,S0280,3,positive,0.937,2.0,
S0280,1,S0280,6,positive,0.7465,5.0,
S0280,2,S0280,3,positive,0.95,1.0,
S0280,2,S0280,6,positive,0.7656,4.0,
S0280,3,S0280,7,positive,0.8532,4.0,
S0280,3,S0280,8,positive,0.8125,5.0,
S0280,4,S0280,5,positive,0.8972,1.0,
S0280,5,S0280,6,positive,0.95,1.0,
S0281,1,S0281,2,positive,0.9357,1.0,
S0281,1,S0281,3,positive,0.8194,2.0,
S0281,1,S0281,6,positive,0.6833,5.0,
S0281,2,S0281,6,positive,0.7751,4.0,
S0281,2,S0281,7,positive,0.7343,5.0,
S0281,3,S0281,7,positive,0.8483,4.0,
S0281,3,S0281,8,positive,0.7452,5.0,
S0281,4,S0281,5,positive,0.95,1.0,
S0281,4,S0281,8,positive,0.8829,4.0,
S0281,5,S0281,6,positive,0.95,1.0,
S0282,1,S0282,5,positive,0.7726,4.0,
S0282,1,S0282,7,positive,0.6002,6.0,
S0282,2,S0282,4,positive,0.8184,2.0,
S0282,2,S0282,7,positive,0.7574,5.0,
S0282,3,S0282,5,positive,0.812,2.0,
S0282,3,S0282,7,positive,0.7641,4.0,
S0282,3,S0282,8,positive,0.6921,5.0,
S0282,4,S0282,5,positive,0.9369,1.0,
S0282,4,S0282,8,positive,0.7873,4.0,
S0282,5,S0282,8,positive,0.7841,3.0,
S0282,6,S0282,7,positive,0.95,1.0,
S0282,6,S0282,8,positive,0.8771,2.0,
S0283,2,S0283,3,positive,0.95,1.0,
S0283,2,S0283,8,positive,0.6687,6.0,
S0283,3,S0283,4,positive,0.9126,1.0,
S0283,3,S0283,6,positive,0.9328,3.0,
S0283,3,S0283,7,positive,0.8706,4.0,
S0283,4,S0283,8,positive,0.8564,4.0,
S0284,1,S0284,2,positive,0.95,1.0,
S0284,1,S0284,3,positive,0.8659,2.0,
S0284,1,S0284,7,positive,0.6008,6.0,
S0284,2,S0284,6,positive,0.7521,4.0,
S0284,3,S0284,6,positive,0.8296,3.0,
S0284,3,S0284,8,positive,0.6763,5.0,
S0284,4,S0284,7,positive,0.7698,3.0,
S0284,4,S0284,8,positive,0.8547,4.0,
S0284,5,S0284,6,positive,0.9216,1.0,
S0284,5,S0284,8,positive,0.8809,3.0,
S0284,6,S0284,7,positive,0.95,1.0,
S0284,6,S0284,8,positive,0.9423,2.0,
S0285,1,S0285,4,positive,0.8435,3.0,
S0285,2,S0285,4,positive,0.837,2.0,
S0285,4,S0285,5,positive,0.95,1.0,
S0285,4,S0285,7,positive,0.7908,3.0,
S0285,4,S0285,8,positive,0.7759,4.0,
S0285,5,S0285,7,positive,0.8843,2.0,
S0286,1,S0286,2,positive,0.95,1.0,
S0286,1,S0286,5,positive,0.7077,4.0,
S0286,2,S0286,3,positive,0.9496,1.0,
S0286,2,S0286,5,positive,0.9146,3.0,
S0286,2,S0286,7,positive,0.805,5.0,
S0286,3,S0286,6,positive,0.9276,3.0,
S0286,3,S0286,7,positive,0.775,4.0,
S0286,4,S0286,5,positive,0.8729,1.0,
S0286,7,S0286,8,positive,0.95,1.0,
S0287,1,S0287,2,positive,0.95,1.0,
S0287,2,S0287,3,positive,0.9152,1.0,
S0287,2,S0287,7,positive,0.7764,5.0,
S0287,2,S0287,8,positive,0.6425,6.0,
S0287,3,S0287,7,positive,0.7033,4.0,
S0287,3,S0287,8,positive,0.7936,5.0,
S0287,5,S0287,8,positive,0.8004,3.0,
S0287,6,S0287,7,positive,0.95,1.0,
S0288,1,S0288,2,positive,0.95,1.0,
S0288,1,S0288,3,positive,0.9249,2.0,
S0288,1,S0288,7,positive,0.6924,6.0,
S0288,2,S0288,4,positive,0.8605,2.0,
S0288,2,S0288,7,positive,0.8438,5.0,
S0288,3,S0288,8,positive,0.8443,5.0,
S0288,4,S0288,5,positive,0.8638,1.0,
S0288,5,S0288,8,positive,0.8189,3.0,
S0288,6,S0288,7,positive,0.95,1.0,
S0288,6,S0288,8,positive,0.891,2.0,
S0289,1,S0289,2,positive,0.95,1.0,
S0289,2,S0289,4,positive,0.95,2.0,
S0289,3,S0289,4,positive,0.95,1.0,
S0289,3,S0289,6,positive,0.948,3.0,
S0289,3,S0289,8,positive,0.7041,5.0,
S0289,4,S0289,6,positive,0.95,2.0,
S0289,5,S0289,6,positive,0.95,1.0,
S0289,5,S0289,8,positive,0.7719,3.0,
S0289,7,S0289,8,positive,0.95,1.0,
S0290,1,S0290,2,positive,0.95,1.0,
S0290,1,S0290,4,positive,0.7611,3.0,
S0290,1,S0290,8,positive,0.6464,7.0,
S0290,2,S0290,7,positive,0.6646,5.0,
S0290,2,S0290,8,positive,0.6569,6.0,
S0290,3,S0290,7,positive,0.7534,4.0,
S0290,4,S0290,6,positive,0.9177,2.0,
S0290,4,S0290,7,positive,0.8911,3.0,
S0290,4,S0290,8,positive,0.8158,4.0,
S0290,7,S0290,8,positive,0.95,1.0,
S0291,1,S0291,4,positive,0.8592,3.0,
S0291,1,S0291,5,positive,0.8994,4.0,
S0291,1,S0291,6,positive,0.7999,5.0,
S0291,1,S0291,8,positive,0.6071,7.0,
S0291,2,S0291,5,positive,0.9319,3.0,
S0291,3,S0291,6,positive,0.9156,3.0,
S0291,4,S0291,8,positive,0.7458,4.0,
S0291,6,S0291,8,positive,0.8181,2.0,
S0292,1,S0292,5,positive,0.8748,4.0,
S0292,1,S0292,6,positive,0.7976,5.0,
S0292,1,S0292,8,positive,0.6232,7.0,
S0292,2,S0292,3,positive,0.8544,1.0,
S0292,2,S0292,4,positive,0.8329,2.0,
S0292,2,S0292,5,positive,0.8965,3.0,
S0292,2,S0292,8,positive,0.6982,6.0,
S0292,3,S0292,4,positive,0.9489,1.0,
S0292,3,S0292,6,positive,0.7944,3.0,
S0292,3,S0292,7,positive,0.7618,4.0,
S0292,6,S0292,7,positive,0.95,1.0,
S0293,1,S0293,4,positive,0.7602,3.0,
S0293,1,S0293,5,positive,0.7574,4.0,
S0293,1,S0293,6,positive,0.794,5.0,
S0293,1,S0293,7,positive,0.6192,6.0,
S0293,2,S0293,4,positive,0.95,2.0,
S0293,2,S0293,5,positive,0.9394,3.0,
S0293,2,S0293,7,positive,0.6723,5.0,
S0293,2,S0293,8,positive,0.6333,6.0,
S0293,3,S0293,4,positive,0.9159,1.0,
S0293,3,S0293,8,positive,0.8046,5.0,
S0293,4,S0293,5,positive,0.9124,1.0,
S0293,4,S0293,6,positive,0.9122,2.0,
S0293,4,S0293,7,positive,0.9137,3.0,
S0294,1,S0294,4,positive,0.8713,3.0,
S0294,1,S0294,6,positive,0.8417,5.0,
S0294,1,S0294,7,positive,0.6478,6.0,
S0294,2,S0294,6,positive,0.7042,4.0,
S0294,3,S0294,5,positive,0.8589,2.0,
S0294,3,S0294,8,positive,0.7902,5.0,
S0294,4,S0294,8,positive,0.7667,4.0,
S0294,5,S0294,8,positive,0.8625,3.0,
S0294,6,S0294,8,positive,0.95,2.0,
S0294,7,S0294,8,positive,0.95,1.0,
S0295,4,S0295,5,positive,0.8936,1.0,
S0295,4,S0295,6,positive,0.9051,2.0,
S0295,4,S0295,8,positive,0.7413,4.0,
S0296,1,S0296,2,positive,0.9148,1.0,
S0296,1,S0296,6,positive,0.6587,5.0,
S0296,2,S0296,3,positive,0.95,1.0,
S0296,2,S0296,5,positive,0.9147,3.0,
S0296,2,S0296,6,positive,0.7255,4.0,
S0296,3,S0296,5,positive,0.8426,2.0,
S0296,3,S0296,7,positive,0.865,4.0,
S0296,5,S0296,7,positive,0.95,2.0,
S0296,6,S0296,7,positive,0.95,1.0,
S0296,6,S0296,8,positive,0.8141,2.0,
S0297,1,S0297,5,positive,0.7285,4.0,
S0297,2,S0297,3,positive,0.95,1.0,
S0297,2,S0297,7,positive,0.6531,5.0,
S0297,3,S0297,7,positive,0.8664,4.0,
S0297,3,S0297,8,positive,0.655,5.0,
S0297,5,S0297,7,positive,0.8762,2.0,
S0297,5,S0297,8,positive,0.917,3.0,
S0297,6,S0297,7,positive,0.869,1.0,
S0298,1,S0298,5,positive,0.8056,4.0,
S0298,2,S0298,4,positive,0.95,2.0,
S0298,2,S0298,6,positive,0.7908,4.0,
S0298,2,S0298,8,positive,0.7958,6.0,
S0298,3,S0298,4,positive,0.95,1.0,
S0298,3,S0298,6,positive,0.9196,3.0,
S0298,3,S0298,7,positive,0.8395,4.0,
S0298,4,S0298,6,positive,0.8397,2.0,
S0298,7,S0298,8,positive,0.95,1.0,
S0299,1,S0299,2,positive,0.8898,1.0,
S0299,1,S0299,4,positive,0.7545,3.0,
S0299,1,S0299,6,positive,0.7472,5.0,
S0299,1,S0299,8,positive,0.7581,7.0,
S0299,2,S0299,8,positive,0.6315,6.0,
S0299,3,S0299,6,positive,0.8761,3.0,
S0299,3,S0299,7,positive,0.8831,4.0,
S0299,4,S0299,5,positive,0.9081,1.0,
S0299,6,S0299,7,positive,0.95,1.0,
S0300,1,S0300,3,positive,0.9245,2.0,
S0300,1,S0300,8,positive,0.6786,7.0,
S0300,2,S0300,7,positive,0.7666,5.0,
S0300,3,S0300,6,positive,0.8543,3.0,
S0300,3,S0300,8,positive,0.6746,5.0,
S0300,4,S0300,5,positive,0.8917,1.0,
S0300,5,S0300,6,positive,0.9193,1.0,
S0300,7,S0300,8,positive,0.9104,1.0,
S0301,1,S0301,2,positive,0.95,1.0,
S0301,1,S0301,8,positive,0.651,7.0,
S0301,2,S0301,3,positive,0.9398,1.0,
S0301,2,S0301,6,positive,0.7567,4.0,
S0301,2,S0301,8,positive,0.6305,6.0,
S0301,3,S0301,4,positive,0.95,1.0,
S0301,3,S0301,8,positive,0.7191,5.0,
S0301,5,S0301,6,positive,0.95,1.0,
S0301,5,S0301,8,positive,0.7626,3.0,
S0302,1,S0302,3,positive,0.8538,2.0,
S0302,1,S0302,4,positive,0.804,3.0,
S0302,1,S0302,6,positive,0.7121,5.0,
S0302,2,S0302,4,positive,0.95,2.0,
S0302,2,S0302,8,positive,0.6723,6.0,
S0302,3,S0302,8,positive,0.7961,5.0,
S0302,6,S0302,7,positive,0.8849,1.0,
S0303,1,S0303,3,positive,0.95,2.0,
S0303,1,S0303,4,positive,0.7891,3.0,
S0303,1,S0303,5,positive,0.8735,4.0,
S0303,1,S0303,6,positive,0.7741,5.0,
S0303,1,S0303,8,positive,0.7474,7.0,
S0303,2,S0303,3,positive,0.95,1.0,
S0303,2,S0303,4,positive,0.8561,2.0,
S0303,2,S0303,6,positive,0.8269,4.0,
S0303,2,S0303,7,positive,0.8148,5.0,
S0303,3,S0303,5,positive,0.8394,2.0,
S0303,5,S0303,6,positive,0.95,1.0,
S0303,5,S0303,7,positive,0.8766,2.0,
S0303,7,S0303,8,positive,0.95,1.0,
S0304,1,S0304,2,positive,0.8735,1.0,
S0304,1,S0304,3,positive,0.95,2.0,
S0304,1,S0304,5,positive,0.8919,4.0,
S0304,1,S0304,7,positive,0.7555,6.0,
S0304,2,S0304,3,positive,0.95,1.0,
S0304,2,S0304,5,positive,0.8444,3.0,
S0304,2,S0304,8,positive,0.7068,6.0,
S0304,3,S0304,5,positive,0.95,2.0,
S0304,5,S0304,6,positive,0.95,1.0,
S0304,6,S0304,7,positive,0.95,1.0,
S0304,6,S0304,8,positive,0.95,2.0,
S0305,1,S0305,4,positive,0.7653,3.0,
S0305,2,S0305,7,positive,0.794,5.0,
S0305,3,S0305,6,positive,0.7609,3.0,
S0305,4,S0305,5,positive,0.95,1.0,
S0305,4,S0305,8,positive,0.8586,4.0,
S0305,5,S0305,7,positive,0.8227,2.0,
S0305,6,S0305,7,positive,0.9412,1.0,
S0305,7,S0305,8,positive,0.8608,1.0,
S0306,2,S0306,4,positive,0.8233,2.0,
S0306,2,S0306,5,positive,0.9212,3.0,
S0306,2,S0306,6,positive,0.8025,4.0,
S0306,2,S0306,8,positive,0.7239,6.0,
S0306,4,S0306,5,positive,0.95,1.0,
S0306,5,S0306,8,positive,0.7823,3.0,
S0306,6,S0306,7,positive,0.95,1.0,
S0307,1,S0307,2,positive,0.8753,1.0,
S0307,1,S0307,4,positive,0.8851,3.0,
S0307,1,S0307,5,positive,0.7734,4.0,
S0307,1,S0307,6,positive,0.8484,5.0,
S0307,1,S0307,7,positive,0.6976,6.0,
S0307,3,S0307,4,positive,0.9305,1.0,
S0307,3,S0307,5,positive,0.8944,2.0,
S0307,4,S0307,5,positive,0.95,1.0,
S0307,5,S0307,8,positive,0.9337,3.0,
S0307,7,S0307,8,positive,0.9391,1.0,
S0308,1,S0308,2,positive,0.95,1.0,
S0308,2,S0308,4,positive,0.8681,2.0,
S0308,2,S0308,5,positive,0.8181,3.0,
S0308,3,S0308,4,positive,0.95,1.0,
S0308,3,S0308,7,positive,0.7648,4.0,
S0308,3,S0308,8,positive,0.6813,5.0,
S0308,4,S0308,5,positive,0.866,1.0,
S0308,4,S0308,7,positive,0.9499,3.0,
S0308,4,S0308,8,positive,0.8416,4.0,
S0308,5,S0308,8,positive,0.7757,3.0,
S0308,6,S0308,8,positive,0.8196,2.0,
S0309,1,S0309,2,positive,0.95,1.0,
S0309,1,S0309,4,positive,0.8415,3.0,
S0309,3,S0309,6,positive,0.9043,3.0,
S0309,3,S0309,8,positive,0.753,5.0,
S0309,4,S0309,5,positive,0.9395,1.0,
S0309,4,S0309,7,positive,0.8428,3.0,
S0309,4,S0309,8,positive,0.8862,4.0,
S0309,5,S0309,6,positive,0.9367,1.0,
S0309,6,S0309,7,positive,0.887,1.0,
S0310,1,S0310,2,positive,0.9073,1.0,
S0310,1,S0310,3,positive,0.95,2.0,
S0310,1,S0310,4,positive,0.8799,3.0,
S0310,3,S0310,8,positive,0.741,5.0,
S0310,4,S0310,5,positive,0.8898,1.0,
S0310,7,S0310,8,positive,0.95,1.0,
S0311,1,S0311,4,positive,0.8885,3.0,
S0311,1,S0311,6,positive,0.7408,5.0,
S0311,1,S0311,8,positive,0.7477,7.0,
S0311,3,S0311,6,positive,0.8978,3.0,
S0311,4,S0311,5,positive,0.8872,1.0,
S0311,4,S0311,8,positive,0.7779,4.0,
S0311,6,S0311,7,positive,0.95,1.0,
S0311,6,S0311,8,positive,0.95,2.0,
S0312,1,S0312,4,positive,0.8408,3.0,
S0312,1,S0312,5,positive,0.8907,4.0,
S0312,2,S0312,7,positive,0.6774,5.0,
S0312,3,S0312,5,positive,0.8835,2.0,
S0312,4,S0312,6,positive,0.95,2.0,
S0312,5,S0312,6,positive,0.95,1.0,
S0312,5,S0312,7,positive,0.8948,2.0,
S0312,6,S0312,7,positive,0.95,1.0,
S0313,1,S0313,5,positive,0.7717,4.0,
S0313,1,S0313,7,positive,0.7708,6.0,
S0313,2,S0313,3,positive,0.95,1.0,
S0313,3,S0313,4,positive,0.95,1.0,
S0313,3,S0313,7,positive,0.7143,4.0,
S0313,4,S0313,5,positive,0.95,1.0,
S0313,6,S0313,8,positive,0.8524,2.0,
S0313,7,S0313,8,positive,0.95,1.0,
S0314,1,S0314,5,positive,0.7248,4.0,
S0314,1,S0314,8,positive,0.657,7.0,
S0314,2,S0314,3,positive,0.95,1.0,
S0314,2,S0314,4,positive,0.9233,2.0,
S0314,2,S0314,8,positive,0.7597,6.0,
S0314,4,S0314,7,positive,0.8195,3.0,
S0314,5,S0314,6,positive,0.9372,1.0,
S0314,7,S0314,8,positive,0.8834,1.0,
S0315,1,S0315,5,positive,0.8376,4.0,
S0315,2,S0315,5,positive,0.9331,3.0,
S0315,2,S0315,6,positive,0.8956,4.0,
S0315,4,S0315,7,positive,0.772,3.0,
S0315,5,S0315,6,positive,0.9455,1.0,
S0315,5,S0315,7,positive,0.8268,2.0,
S0315,5,S0315,8,positive,0.8886,3.0,
S0316,1,S0316,7,positive,0.739,6.0,
S0316,2,S0316,3,positive,0.95,1.0,
S0316,2,S0316,4,positive,0.9338,2.0,
S0316,2,S0316,5,positive,0.7996,3.0,
S0316,2,S0316,6,positive,0.7904,4.0,
S0316,2,S0316,7,positive,0.7782,5.0,
S0316,3,S0316,6,positive,0.8635,3.0,
S0316,3,S0316,8,positive,0.7875,5.0,
S0316,4,S0316,8,positive,0.71,4.0,
S0316,5,S0316,6,positive,0.95,1.0,
S0317,1,S0317,4,positive,0.7977,3.0,
S0317,2,S0317,3,positive,0.95,1.0,
S0317,2,S0317,8,positive,0.66,6.0,
S0317,3,S0317,5,positive,0.8811,2.0,
S0317,3,S0317,7,positive,0.7268,4.0,
S0317,4,S0317,5,positive,0.95,1.0,
S0318,1,S0318,7,positive,0.7465,6.0,
S0318,2,S0318,4,positive,0.95,2.0,
S0318,2,S0318,5,positive,0.8882,3.0,
S0318,2,S0318,6,positive,0.8496,4.0,
S0318,3,S0318,5,positive,0.9334,2.0,
S0318,3,S0318,8,positive,0.7906,5.0,
S0318,4,S0318,6,positive,0.808,2.0,
S0318,4,S0318,8,positive,0.7176,4.0,
S0318,5,S0318,6,positive,0.95,1.0,
S0318,5,S0318,8,positive,0.8914,3.0,
S0319,1,S0319,2,positive,0.9465,1.0,
S0319,1,S0319,7,positive,0.747,6.0,
S0319,2,S0319,3,positive,0.9469,1.0,
S0319,4,S0319,7,positive,0.9413,3.0,
S0319,5,S0319,7,positive,0.8804,2.0,
S0319,6,S0319,7,positive,0.936,1.0,
S0320,1,S0320,4,positive,0.8535,3.0,
S0320,1,S0320,5,positive,0.8054,4.0,
S0320,3,S0320,7,positive,0.8192,4.0,
S0320,4,S0320,6,positive,0.9023,2.0,
S0320,5,S0320,8,positive,0.8147,3.0,
S0320,6,S0320,8,positive,0.95,2.0,
S0320,7,S0320,8,positive,0.95,1.0,
S0321,1,S0321,3,positive,0.8475,2.0,
S0321,1,S0321,5,positive,0.8506,4.0,
S0321,1,S0321,6,positive,0.6565,5.0,
S0321,2,S0321,4,positive,0.857,2.0,
S0321,2,S0321,5,positive,0.8395,3.0,
S0321,2,S0321,7,positive,0.7296,5.0,
S0321,3,S0321,4,positive,0.95,1.0,
S0321,3,S0321,6,positive,0.7743,3.0,
S0321,3,S0321,8,positive,0.6687,5.0,
S0321,4,S0321,6,positive,0.95,2.0,
S0321,5,S0321,6,positive,0.9485,1.0,
S0322,1,S0322,2,positive,0.95,1.0,
S0322,1,S0322,4,positive,0.8798,3.0,
S0322,1,S0322,5,positive,0.8924,4.0,
S0322,1,S0322,7,positive,0.7293,6.0,
S0323,1,S0323,2,positive,0.95,1.0,
S0323,2,S0323,3,positive,0.931,1.0,
S0323,2,S0323,4,positive,0.95,2.0,
S0323,2,S0323,6,positive,0.8967,4.0,
S0323,3,S0323,7,positive,0.8602,4.0,
S0323,3,S0323,8,positive,0.7688,5.0,
S0323,5,S0323,7,positive,0.8095,2.0,
S0323,6,S0323,7,positive,0.9188,1.0,
S0324,1,S0324,6,positive,0.7185,5.0,
S0324,2,S0324,6,positive,0.7256,4.0,
S0324,2,S0324,8,positive,0.7573,6.0,
S0324,3,S0324,8,positive,0.7533,5.0,
S0324,4,S0324,8,positive,0.8692,4.0,
S0324,5,S0324,8,positive,0.8668,3.0,
S0324,6,S0324,8,positive,0.95,2.0,
S0325,1,S0325,5,positive,0.881,4.0,
S0325,2,S0325,3,positive,0.8836,1.0,
S0325,2,S0325,6,positive,0.7591,4.0,
S0325,3,S0325,4,positive,0.9423,1.0,
S0325,3,S0325,5,positive,0.9078,2.0,
S0325,5,S0325,8,positive,0.791,3.0,
S0326,1,S0326,4,positive,0.8682,3.0,
S0326,2,S0326,4,positive,0.9442,2.0,
S0326,2,S0326,5,positive,0.7714,3.0,
S0326,2,S0326,6,positive,0.7741,4.0,
S0326,2,S0326,8,positive,0.7092,6.0,
S0326,3,S0326,6,positive,0.8809,3.0,
S0326,4,S0326,7,positive,0.7665,3.0,
S0326,4,S0326,8,positive,0.7974,4.0,
S0326,5,S0326,6,positive,0.95,1.0,
S0327,1,S0327,4,positive,0.948,3.0,
S0327,1,S0327,5,positive,0.7347,4.0,
S0327,2,S0327,4,positive,0.95,2.0,
S0327,4,S0327,7,positive,0.7565,3.0,
S0327,5,S0327,7,positive,0.833,2.0,
S0328,1,S0328,7,positive,0.744,6.0,
S0328,2,S0328,6,positive,0.7891,4.0,
S0328,3,S0328,5,positive,0.8314,2.0,
S0328,4,S0328,7,positive,0.8159,3.0,
S0328,4,S0328,8,positive,0.8316,4.0,
S0328,5,S0328,6,positive,0.933,1.0,
S0328,5,S0328,8,positive,0.929,3.0,
S0328,7,S0328,8,positive,0.8658,1.0,
S0329,1,S0329,8,positive,0.6483,7.0,
S0329,2,S0329,6,positive,0.7261,4.0,
S0329,2,S0329,7,positive,0.7629,5.0,
S0329,2,S0329,8,positive,0.6676,6.0,
S0329,3,S0329,6,positive,0.8782,3.0,
S0329,4,S0329,5,positive,0.9485,1.0,
S0329,4,S0329,7,positive,0.8402,3.0,
S0329,4,S0329,8,positive,0.7794,4.0,
S0329,5,S0329,8,positive,0.9123,3.0,
S0329,6,S0329,8,positive,0.9451,2.0,
S0329,7,S0329,8,positive,0.95,1.0,
S0330,3,S0330,5,positive,0.95,2.0,
S0330,4,S0330,7,positive,0.7894,3.0,
S0331,1,S0331,2,positive,0.8618,1.0,
S0331,1,S0331,8,positive,0.7566,7.0,
S0331,2,S0331,3,positive,0.95,1.0,
S0331,2,S0331,4,positive,0.9365,2.0,
S0331,2,S0331,6,positive,0.8936,4.0,
S0331,2,S0331,7,positive,0.7554,5.0,
S0331,3,S0331,7,positive,0.7325,4.0,
S0331,4,S0331,5,positive,0.95,1.0,
S0331,5,S0331,7,positive,0.8856,2.0,
S0331,5,S0331,8,positive,0.796,3.0,
S0331,6,S0331,7,positive,0.8929,1.0,
S0332,1,S0332,5,positive,0.792,4.0,
S0332,3,S0332,5,positive,0.8183,2.0,
S0332,3,S0332,6,positive,0.9498,3.0,
S0332,3,S0332,7,positive,0.7801,4.0,
S0332,4,S0332,8,positive,0.8939,4.0,
S0332,5,S0332,7,positive,0.95,2.0,
S0332,5,S0332,8,positive,0.8589,3.0,
S0332,6,S0332,8,positive,0.95,2.0,
S0332,7,S0332,8,positive,0.95,1.0,
S0333,1,S0333,3,positive,0.8279,2.0,
S0333,2,S0333,4,positive,0.9004,2.0,
S0333,2,S0333,5,positive,0.7799,3.0,
S0333,2,S0333,8,positive,0.6312,6.0,
S0333,3,S0333,8,positive,0.7882,5.0,
S0333,4,S0333,6,positive,0.95,2.0,
S0333,4,S0333,7,positive,0.8504,3.0,
S0333,5,S0333,8,positive,0.8939,3.0,
S0333,6,S0333,7,positive,0.8923,1.0,
S0333,6,S0333,8,positive,0.8994,2.0,
S0333,7,S0333,8,positive,0.8708,1.0,
S0334,1,S0334,4,positive,0.7749,3.0,
S0334,1,S0334,7,positive,0.7845,6.0,
S0334,2,S0334,3,positive,0.876,1.0,
S0334,2,S0334,6,positive,0.8491,4.0,
S0334,3,S0334,8,positive,0.7842,5.0,
S0334,4,S0334,5,positive,0.95,1.0,
S0334,4,S0334,8,positive,0.8825,4.0,
S0334,5,S0334,8,positive,0.9096,3.0,
S0335,1,S0335,3,positive,0.8388,2.0,
S0335,1,S0335,5,positive,0.886,4.0,
S0335,1,S0335,8,positive,0.7625,7.0,
S0335,2,S0335,5,positive,0.8382,3.0,
S0335,3,S0335,6,positive,0.8855,3.0,
S0335,4,S0335,5,positive,0.95,1.0,
S0335,4,S0335,8,positive,0.7647,4.0,
S0335,7,S0335,8,positive,0.9207,1.0,
S0336,1,S0336,5,positive,0.8328,4.0,
S0336,2,S0336,4,positive,0.92,2.0,
S0336,2,S0336,5,positive,0.8204,3.0,
S0336,2,S0336,6,positive,0.7837,4.0,
S0336,3,S0336,6,positive,0.8925,3.0,
S0336,3,S0336,7,positive,0.7568,4.0,
S0336,5,S0336,7,positive,0.95,2.0,
S0336,5,S0336,8,positive,0.8331,3.0,
S0336,6,S0336,7,positive,0.8998,1.0,
S0336,6,S0336,8,positive,0.8574,2.0,
S0337,1,S0337,2,positive,0.95,1.0,
S0337,1,S0337,3,positive,0.8568,2.0,
S0337,1,S0337,6,positive,0.6819,5.0,
S0337,1,S0337,7,positive,0.6803,6.0,
S0337,2,S0337,4,positive,0.95,2.0,
S0337,2,S0337,8,positive,0.6681,6.0,
S0337,3,S0337,4,positive,0.95,1.0,
S0337,3,S0337,5,positive,0.8862,2.0,
S0337,3,S0337,6,positive,0.8025,3.0,
S0338,1,S0338,2,positive,0.8653,1.0,
S0338,1,S0338,5,positive,0.7236,4.0,
S0338,1,S0338,7,positive,0.6626,6.0,
S0338,1,S0338,8,positive,0.6923,7.0,
S0338,2,S0338,4,positive,0.95,2.0,
S0338,2,S0338,8,positive,0.6902,6.0,
S0338,3,S0338,4,positive,0.95,1.0,
S0338,3,S0338,7,positive,0.874,4.0,
S0338,4,S0338,8,positive,0.7532,4.0,
S0338,5,S0338,6,positive,0.95,1.0,
S0338,5,S0338,7,positive,0.9357,2.0,
S0338,6,S0338,7,positive,0.95,1.0,
S0339,1,S0339,2,positive,0.95,1.0,
S0339,1,S0339,4,positive,0.798,3.0,
S0339,2,S0339,4,positive,0.9467,2.0,
S0339,2,S0339,5,positive,0.797,3.0,
S0339,2,S0339,8,positive,0.7219,6.0,
S0339,3,S0339,5,positive,0.8601,2.0,
S0339,3,S0339,6,positive,0.8212,3.0,
S0339,3,S0339,7,positive,0.7897,4.0,
S0339,5,S0339,8,positive,0.8412,3.0,
S0339,6,S0339,7,positive,0.95,1.0,
S0339,7,S0339,8,positive,0.95,1.0,
S0340,1,S0340,2,positive,0.8839,1.0,
S0340,1,S0340,3,positive,0.9359,2.0,
S0340,1,S0340,6,positive,0.7244,5.0,
S0340,2,S0340,4,positive,0.95,2.0,
S0340,2,S0340,6,positive,0.7001,4.0,
S0340,2,S0340,8,positive,0.646,6.0,
S0340,4,S0340,5,positive,0.95,1.0,
S0340,4,S0340,8,positive,0.7203,4.0,
S0340,5,S0340,8,positive,0.8093,3.0,
S0340,6,S0340,8,positive,0.8968,2.0,
S0341,1,S0341,2,positive,0.9115,1.0,
S0341,1,S0341,3,positive,0.8564,2.0,
S0341,1,S0341,4,positive,0.876,3.0,
S0341,1,S0341,8,positive,0.6417,7.0,
S0341,2,S0341,3,positive,0.95,1.0,
S0341,2,S0341,5,positive,0.7524,3.0,
S0341,2,S0341,8,positive,0.6439,6.0,
S0341,3,S0341,7,positive,0.8388,4.0,
S0341,3,S0341,8,positive,0.6612,5.0,
S0341,4,S0341,5,positive,0.9066,1.0,
S0341,5,S0341,6,positive,0.8657,1.0,
S0342,1,S0342,3,positive,0.9292,2.0,
S0342,1,S0342,4,positive,0.8973,3.0,
S0342,1,S0342,8,positive,0.6669,7.0,
S0342,2,S0342,3,positive,0.9307,1.0,
S0342,2,S0342,6,positive,0.7774,4.0,
S0342,2,S0342,8,positive,0.7026,6.0,
S0342,3,S0342,6,positive,0.7677,3.0,
S0343,1,S0343,4,positive,0.9404,3.0,
S0343,2,S0343,3,positive,0.95,1.0,
S0343,2,S0343,5,positive,0.7625,3.0,
S0343,2,S0343,7,positive,0.7091,5.0,
S0343,2,S0343,8,positive,0.6264,6.0,
S0343,3,S0343,8,positive,0.8369,5.0,
S0343,5,S0343,8,positive,0.851,3.0,
S0343,6,S0343,8,positive,0.9064,2.0,
S0344,1,S0344,3,positive,0.8338,2.0,
S0344,2,S0344,4,positive,0.95,2.0,
S0344,2,S0344,7,positive,0.7512,5.0,
S0344,2,S0344,8,positive,0.6288,6.0,
S0344,3,S0344,6,positive,0.8024,3.0,
S0344,3,S0344,7,positive,0.8838,4.0,
S0344,4,S0344,5,positive,0.95,1.0,
S0344,4,S0344,8,positive,0.8388,4.0,
S0344,5,S0344,6,positive,0.95,1.0,
S0344,5,S0344,7,positive,0.9022,2.0,
S0344,5,S0344,8,positive,0.7637,3.0,
S0344,6,S0344,7,positive,0.95,1.0,
S0344,6,S0344,8,positive,0.8836,2.0,
S0344,7,S0344,8,positive,0.95,1.0,
S0345,1,S0345,4,positive,0.7567,3.0,
S0345,1,S0345,7,positive,0.6465,6.0,
S0345,4,S0345,8,positive,0.7371,4.0,
S0346,2,S0346,5,positive,0.9134,3.0,
S0346,2,S0346,6,positive,0.8006,4.0,
S0346,3,S0346,4,positive,0.9266,1.0,
S0346,3,S0346,6,positive,0.8577,3.0,
S0346,4,S0346,5,positive,0.95,1.0,
S0347,1,S0347,4,positive,0.8844,3.0,
S0347,2,S0347,5,positive,0.8,3.0,
S0347,2,S0347,6,positive,0.7997,4.0,
S0347,3,S0347,5,positive,0.869,2.0,
S0347,3,S0347,6,positive,0.811,3.0,
S0347,4,S0347,8,positive,0.8981,4.0,
S0347,6,S0347,7,positive,0.95,1.0,
S0348,1,S0348,2,positive,0.8878,1.0,
S0348,1,S0348,5,positive,0.7187,4.0,
S0348,1,S0348,6,positive,0.6659,5.0,
S0348,1,S0348,7,positive,0.6588,6.0,
S0348,2,S0348,4,positive,0.8731,2.0,
S0348,2,S0348,6,positive,0.7039,4.0,
S0348,4,S0348,6,positive,0.8653,2.0,
S0348,4,S0348,7,positive,0.7982,3.0,
S0348,6,S0348,7,positive,0.95,1.0,
S0348,7,S0348,8,positive,0.95,1.0,
S0349,1,S0349,2,positive,0.9038,1.0,
S0349,2,S0349,6,positive,0.7237,4.0,
S0349,3,S0349,4,positive,0.95,1.0,
S0349,3,S0349,6,positive,0.9154,3.0,
S0349,3,S0349,7,positive,0.8089,4.0,
S0349,3,S0349,8,positive,0.7695,5.0,
S0349,4,S0349,5,positive,0.95,1.0,
S0349,4,S0349,6,positive,0.8524,2.0,
S0349,5,S0349,6,positive,0.95,1.0,
S0349,6,S0349,7,positive,0.95,1.0,
S0349,7,S0349,8,positive,0.9498,1.0,
S0350,1,S0350,2,positive,0.95,1.0,
S0350,1,S0350,3,positive,0.8295,2.0,
S0350,1,S0350,8,positive,0.7204,7.0,
S0350,2,S0350,4,positive,0.88,2.0,
S0350,2,S0350,5,positive,0.8351,3.0,
S0350,3,S0350,5,positive,0.8481,2.0,
S0350,3,S0350,6,positive,0.7663,3.0,
S0350,3,S0350,7,positive,0.8827,4.0,
S0350,4,S0350,6,positive,0.9156,2.0,
S0350,7,S0350,8,positive,0.95,1.0,
S0351,1,S0351,3,positive,0.95,2.0,
S0351,1,S0351,7,positive,0.7281,6.0,
S0351,3,S0351,6,positive,0.7648,3.0,
S0351,3,S0351,8,positive,0.781,5.0,
S0351,4,S0351,6,positive,0.95,2.0,
S0351,4,S0351,7,positive,0.7723,3.0,
S0351,4,S0351,8,positive,0.8489,4.0,
S0351,5,S0351,6,positive,0.9101,1.0,
S0351,5,S0351,8,positive,0.8691,3.0,
S0352,1,S0352,2,positive,0.8895,1.0,
S0352,1,S0352,4,positive,0.925,3.0,
S0352,1,S0352,5,positive,0.7542,4.0,
S0352,1,S0352,8,positive,0.6819,7.0,
S0352,2,S0352,4,positive,0.9298,2.0,
S0352,2,S0352,5,positive,0.7751,3.0,
S0352,2,S0352,7,positive,0.8272,5.0,
S0352,3,S0352,6,positive,0.7769,3.0,
S0352,4,S0352,7,positive,0.8666,3.0,
S0352,4,S0352,8,positive,0.8548,4.0,
S0352,5,S0352,7,positive,0.8811,2.0,
S0352,7,S0352,8,positive,0.9104,1.0,
S0353,1,S0353,3,positive,0.8313,2.0,
S0353,2,S0353,5,positive,0.9359,3.0,
S0353,2,S0353,7,positive,0.6614,5.0,
S0353,2,S0353,8,positive,0.6247,6.0,
S0353,4,S0353,6,positive,0.9278,2.0,
S0353,4,S0353,8,positive,0.8763,4.0,
S0353,5,S0353,7,positive,0.9018,2.0,
S0353,6,S0353,7,positive,0.95,1.0,
S0354,1,S0354,2,positive,0.9465,1.0,
S0354,1,S0354,5,positive,0.8234,4.0,
S0354,1,S0354,6,positive,0.7429,5.0,
S0354,1,S0354,7,positive,0.6181,6.0,
S0354,2,S0354,3,positive,0.9459,1.0,
S0354,2,S0354,4,positive,0.95,2.0,
S0354,2,S0354,5,positive,0.9258,3.0,
S0354,2,S0354,6,positive,0.8222,4.0,
S0354,2,S0354,7,positive,0.7156,5.0,
S0354,2,S0354,8,positive,0.7147,6.0,
S0354,3,S0354,4,positive,0.9488,1.0,
S0354,3,S0354,8,positive,0.7483,5.0,
S0354,5,S0354,6,positive,0.9347,1.0,
S0355,1,S0355,2,positive,0.95,1.0,
S0355,1,S0355,8,positive,0.7396,7.0,
S0355,2,S0355,5,positive,0.7947,3.0,
S0355,2,S0355,6,positive,0.7141,4.0,
S0355,2,S0355,8,positive,0.6297,6.0,
S0355,4,S0355,6,positive,0.8467,2.0,
S0356,1,S0356,7,positive,0.6945,6.0,
S0356,2,S0356,3,positive,0.95,1.0,
S0356,2,S0356,5,positive,0.8932,3.0,
S0356,2,S0356,8,positive,0.7787,6.0,
S0356,3,S0356,4,positive,0.9496,1.0,
S0356,3,S0356,7,positive,0.7316,4.0,
S0356,4,S0356,5,positive,0.95,1.0,
S0356,4,S0356,7,positive,0.8275,3.0,
S0356,4,S0356,8,positive,0.78,4.0,
S0356,5,S0356,8,positive,0.7833,3.0,
S0356,6,S0356,8,positive,0.8937,2.0,
S0356,7,S0356,8,positive,0.8838,1.0,
S0357,1,S0357,2,positive,0.9046,1.0,
S0357,2,S0357,3,positive,0.8887,1.0,
S0357,2,S0357,5,positive,0.8075,3.0,
S0357,2,S0357,6,positive,0.7473,4.0,
S0357,2,S0357,8,positive,0.7892,6.0,
S0357,3,S0357,4,positive,0.8736,1.0,
S0357,3,S0357,5,positive,0.8772,2.0,
S0357,3,S0357,6,positive,0.7973,3.0,
S0357,3,S0357,7,positive,0.7409,4.0,
S0357,3,S0357,8,positive,0.774,5.0,
S0357,4,S0357,6,positive,0.8743,2.0,
S0357,5,S0357,6,positive,0.95,1.0,
S0357,5,S0357,7,positive,0.8768,2.0,
S0357,5,S0357,8,positive,0.9308,3.0,
S0358,1,S0358,7,positive,0.7323,6.0,
S0358,1,S0358,8,positive,0.7081,7.0,
S0358,2,S0358,5,positive,0.8337,3.0,
S0358,2,S0358,8,positive,0.7718,6.0,
S0358,5,S0358,7,positive,0.9246,2.0,
S0359,1,S0359,8,positive,0.7541,7.0,
S0359,2,S0359,7,positive,0.681,5.0,
S0359,2,S0359,8,positive,0.6033,6.0,
S0359,3,S0359,8,positive,0.7864,5.0,
S0359,6,S0359,8,positive,0.8432,2.0,
S0360,2,S0360,3,positive,0.95,1.0,
S0360,2,S0360,8,positive,0.6076,6.0,
S0360,3,S0360,4,positive,0.95,1.0,
S0360,3,S0360,5,positive,0.9123,2.0,
S0360,3,S0360,6,positive,0.857,3.0,
S0360,3,S0360,7,positive,0.8481,4.0,
S0360,3,S0360,8,positive,0.6655,5.0,
S0360,4,S0360,5,positive,0.95,1.0,
S0360,4,S0360,6,positive,0.9119,2.0,
S0360,4,S0360,7,positive,0.8066,3.0,
S0360,4,S0360,8,positive,0.7045,4.0,
S0360,5,S0360,6,positive,0.95,1.0,
S0361,1,S0361,7,positive,0.7396,6.0,
S0361,3,S0361,6,positive,0.8308,3.0,
S0361,4,S0361,5,positive,0.95,1.0,
S0361,4,S0361,7,positive,0.864,3.0,
S0361,5,S0361,7,positive,0.95,2.0,
S0362,1,S0362,5,positive,0.7881,4.0,
S0362,1,S0362,6,positive,0.7316,5.0,
S0362,1,S0362,7,positive,0.7942,6.0,
S0362,2,S0362,5,positive,0.8801,3.0,
S0362,2,S0362,6,positive,0.7575,4.0,
S0362,3,S0362,4,positive,0.95,1.0,
S0362,3,S0362,6,positive,0.7961,3.0,
S0362,4,S0362,5,positive,0.95,1.0,
S0362,4,S0362,7,positive,0.8027,3.0,
S0362,6,S0362,7,positive,0.95,1.0,
S0362,6,S0362,8,positive,0.8652,2.0,
S0363,1,S0363,6,positive,0.7437,5.0,
S0363,1,S0363,7,positive,0.6297,6.0,
S0363,2,S0363,3,positive,0.95,1.0,
S0363,4,S0363,5,positive,0.95,1.0,
S0363,4,S0363,6,positive,0.95,2.0,
S0363,5,S0363,8,positive,0.8927,3.0,
S0363,6,S0363,7,positive,0.95,1.0,
S0364,1,S0364,4,positive,0.8767,3.0,
S0364,1,S0364,7,positive,0.6589,6.0,
S0364,2,S0364,5,positive,0.7736,3.0,
S0364,2,S0364,7,positive,0.7643,5.0,
S0364,2,S0364,8,positive,0.6934,6.0,
S0364,3,S0364,6,positive,0.7725,3.0,
S0364,4,S0364,6,positive,0.9195,2.0,
S0364,7,S0364,8,positive,0.95,1.0,
S0365,1,S0365,2,positive,0.9059,1.0,
S0365,1,S0365,4,positive,0.7678,3.0,
S0365,1,S0365,6,positive,0.7154,5.0,
S0365,1,S0365,8,positive,0.7501,7.0,
S0365,2,S0365,7,positive,0.663,5.0,
S0365,3,S0365,6,positive,0.8722,3.0,
S0365,3,S0365,7,positive,0.8524,4.0,
S0365,3,S0365,8,positive,0.8265,5.0,
S0365,4,S0365,5,positive,0.9157,1.0,
S0365,4,S0365,6,positive,0.8834,2.0,
S0365,4,S0365,7,positive,0.8456,3.0,
S0365,6,S0365,7,positive,0.9325,1.0,
S0365,7,S0365,8,positive,0.8758,1.0,
S0366,1,S0366,3,positive,0.9118,2.0,
S0366,1,S0366,4,positive,0.8168,3.0,
S0366,1,S0366,7,positive,0.6217,6.0,
S0366,1,S0366,8,positive,0.7771,7.0,
S0366,2,S0366,3,positive,0.95,1.0,
S0366,2,S0366,5,positive,0.9322,3.0,
S0366,2,S0366,7,positive,0.7134,5.0,
S0366,3,S0366,5,positive,0.8397,2.0,
S0366,3,S0366,8,positive,0.6722,5.0,
S0366,4,S0366,5,positive,0.95,1.0,
S0366,4,S0366,6,positive,0.8732,2.0,
S0366,5,S0366,7,positive,0.8327,2.0,
S0366,6,S0366,7,positive,0.9119,1.0,
S0367,2,S0367,3,positive,0.8931,1.0,
S0367,2,S0367,4,positive,0.862,2.0,
S0367,3,S0367,4,positive,0.95,1.0,
S0367,4,S0367,7,positive,0.7745,3.0,
S0367,5,S0367,7,positive,0.95,2.0,
S0368,1,S0368,6,positive,0.7344,5.0,
S0368,2,S0368,3,positive,0.9382,1.0,
S0368,2,S0368,5,positive,0.9157,3.0,
S0368,2,S0368,7,positive,0.8091,5.0,
S0368,3,S0368,5,positive,0.8779,2.0,
S0368,5,S0368,8,positive,0.8429,3.0,
S0368,6,S0368,7,positive,0.95,1.0,
S0369,1,S0369,3,positive,0.9412,2.0,
S0369,1,S0369,4,positive,0.7594,3.0,
S0369,2,S0369,4,positive,0.95,2.0,
S0369,3,S0369,4,positive,0.95,1.0,
S0369,3,S0369,5,positive,0.8237,2.0,
S0369,3,S0369,8,positive,0.706,5.0,
S0369,4,S0369,5,positive,0.8508,1.0,
S0369,5,S0369,7,positive,0.9193,2.0,
S0369,5,S0369,8,positive,0.8009,3.0,
S0370,1,S0370,3,positive,0.8083,2.0,
S0370,1,S0370,6,positive,0.816,5.0,
S0370,2,S0370,3,positive,0.95,1.0,
S0370,2,S0370,4,positive,0.95,2.0,
S0370,2,S0370,5,positive,0.9273,3.0,
S0370,3,S0370,8,positive,0.7425,5.0,
S0370,4,S0370,7,positive,0.8977,3.0,
S0371,1,S0371,3,positive,0.9418,2.0,
S0371,1,S0371,5,positive,0.8984,4.0,
S0371,1,S0371,6,positive,0.7055,5.0,
S0371,2,S0371,3,positive,0.92,1.0,
S0371,2,S0371,5,positive,0.8108,3.0,
S0371,3,S0371,6,positive,0.7535,3.0,
S0371,3,S0371,8,positive,0.6839,5.0,
S0371,4,S0371,5,positive,0.95,1.0,
S0371,4,S0371,7,positive,0.8321,3.0,
S0371,4,S0371,8,positive,0.8674,4.0,
S0371,5,S0371,6,positive,0.95,1.0,
S0371,6,S0371,7,positive,0.95,1.0,
S0372,1,S0372,6,positive,0.8255,5.0,
S0372,1,S0372,7,positive,0.6906,6.0,
S0372,1,S0372,8,positive,0.6078,7.0,
S0372,2,S0372,3,positive,0.95,1.0,
S0372,2,S0372,8,positive,0.7853,6.0,
S0372,3,S0372,4,positive,0.95,1.0,
S0372,3,S0372,5,positive,0.95,2.0,
S0372,3,S0372,8,positive,0.7852,5.0,
S0372,4,S0372,5,positive,0.9316,1.0,
S0372,5,S0372,8,positive,0.7577,3.0,
S0372,6,S0372,7,positive,0.95,1.0,
S0373,1,S0373,5,positive,0.7076,4.0,
S0373,1,S0373,8,positive,0.735,7.0,
S0373,2,S0373,3,positive,0.8541,1.0,
S0373,3,S0373,4,positive,0.8991,1.0,
S0373,3,S0373,6,positive,0.8323,3.0,
S0373,3,S0373,7,positive,0.8311,4.0,
S0373,5,S0373,7,positive,0.95,2.0,
S0373,7,S0373,8,positive,0.95,1.0,
S0374,1,S0374,3,positive,0.8679,2.0,
S0374,1,S0374,4,positive,0.9031,3.0,
S0374,1,S0374,5,positive,0.7884,4.0,
S0374,1,S0374,7,positive,0.7345,6.0,
S0374,1,S0374,8,positive,0.6904,7.0,
S0374,3,S0374,8,positive,0.673,5.0,
S0374,5,S0374,6,positive,0.95,1.0,
S0374,6,S0374,8,positive,0.876,2.0,
S0375,2,S0375,3,positive,0.95,1.0,
S0375,2,S0375,5,positive,0.9219,3.0,
S0375,3,S0375,4,positive,0.8861,1.0,
S0375,3,S0375,5,positive,0.8764,2.0,
S0375,3,S0375,6,positive,0.7939,3.0,
S0375,4,S0375,6,positive,0.95,2.0,
S0375,6,S0375,8,positive,0.8671,2.0,
S0375,7,S0375,8,positive,0.95,1.0,
S0376,1,S0376,2,positive,0.95,1.0,
S0376,1,S0376,6,positive,0.714,5.0,
S0376,2,S0376,5,positive,0.8854,3.0,
S0376,2,S0376,7,positive,0.7587,5.0,
S0376,2,S0376,8,positive,0.6916,6.0,
S0376,3,S0376,5,positive,0.95,2.0,
S0376,3,S0376,7,positive,0.7388,4.0,
S0376,4,S0376,5,positive,0.95,1.0,
S0376,4,S0376,7,positive,0.8067,3.0,
S0376,6,S0376,8,positive,0.95,2.0,
S0377,1,S0377,2,positive,0.95,1.0,
S0377,1,S0377,7,positive,0.7549,6.0,
S0377,2,S0377,6,positive,0.8478,4.0,
S0377,2,S0377,7,positive,0.7448,5.0,
S0377,2,S0377,8,positive,0.7129,6.0,
S0377,3,S0377,5,positive,0.8731,2.0,
S0377,3,S0377,6,positive,0.8111,3.0,
S0377,3,S0377,7,positive,0.7035,4.0,
S0377,4,S0377,6,positive,0.9325,2.0,
S0378,1,S0378,5,positive,0.8818,4.0,
S0378,1,S0378,7,positive,0.7311,6.0,
S0378,1,S0378,8,positive,0.6567,7.0,
S0378,2,S0378,3,positive,0.918,1.0,
S0378,2,S0378,6,positive,0.7149,4.0,
S0378,2,S0378,7,positive,0.7564,5.0,
S0378,4,S0378,6,positive,0.95,2.0,
S0379,1,S0379,5,positive,0.787,4.0,
S0379,2,S0379,3,positive,0.95,1.0,
S0379,2,S0379,5,positive,0.8203,3.0,
S0379,2,S0379,8,positive,0.7568,6.0,
S0379,3,S0379,7,positive,0.8976,4.0,
S0379,4,S0379,7,positive,0.7839,3.0,
S0379,4,S0379,8,positive,0.7466,4.0,
S0379,6,S0379,8,positive,0.8157,2.0,
S0380,1,S0380,2,positive,0.95,1.0,
S0380,1,S0380,7,positive,0.7593,6.0,
S0380,2,S0380,3,positive,0.9131,1.0,
S0380,2,S0380,5,positive,0.8744,3.0,
S0380,2,S0380,6,positive,0.7155,4.0,
S0380,2,S0380,8,positive,0.6746,6.0,
S0380,5,S0380,7,positive,0.95,2.0,
S0381,1,S0381,3,positive,0.8161,2.0,
S0381,1,S0381,5,positive,0.8329,4.0,
S0381,2,S0381,7,positive,0.718,5.0,
S0381,2,S0381,8,positive,0.7439,6.0,
S0381,5,S0381,6,positive,0.8706,1.0,
S0381,5,S0381,7,positive,0.9054,2.0,
S0382,1,S0382,2,positive,0.95,1.0,
S0382,1,S0382,3,positive,0.9305,2.0,
S0382,1,S0382,4,positive,0.8883,3.0,
S0382,2,S0382,5,positive,0.7675,3.0,
S0382,3,S0382,6,positive,0.8713,3.0,
S0382,3,S0382,8,positive,0.7677,5.0,
S0382,4,S0382,5,positive,0.95,1.0,
S0382,4,S0382,7,positive,0.7744,3.0,
S0382,5,S0382,7,positive,0.95,2.0,
S0382,6,S0382,8,positive,0.95,2.0,
S0383,1,S0383,3,positive,0.9328,2.0,
S0383,1,S0383,6,positive,0.6739,5.0,
S0383,2,S0383,4,positive,0.8582,2.0,
S0383,3,S0383,4,positive,0.95,1.0,
S0383,3,S0383,5,positive,0.8327,2.0,
S0383,4,S0383,7,positive,0.808,3.0,
S0383,6,S0383,7,positive,0.95,1.0,
S0384,1,S0384,3,positive,0.852,2.0,
S0384,3,S0384,6,positive,0.8534,3.0,
S0384,3,S0384,8,positive,0.8486,5.0,
S0384,4,S0384,7,positive,0.9023,3.0,
S0384,4,S0384,8,positive,0.7241,4.0,
S0384,6,S0384,7,positive,0.95,1.0,
S0384,7,S0384,8,positive,0.95,1.0,
S0385,1,S0385,7,positive,0.6525,6.0,
S0385,2,S0385,4,positive,0.8139,2.0,
S0385,6,S0385,7,positive,0.95,1.0,
S0385,7,S0385,8,positive,0.8905,1.0,
S0386,1,S0386,7,positive,0.7743,6.0,
S0386,2,S0386,6,positive,0.8632,4.0,
S0386,2,S0386,7,positive,0.7807,5.0,
S0386,5,S0386,7,positive,0.8232,2.0,
S0386,5,S0386,8,positive,0.8922,3.0,
S0386,7,S0386,8,positive,0.9146,1.0,
S0387,1,S0387,2,positive,0.8987,1.0,
S0387,2,S0387,3,positive,0.95,1.0,
S0387,2,S0387,6,positive,0.8517,4.0,
S0387,2,S0387,8,positive,0.6446,6.0,
S0387,3,S0387,5,positive,0.8863,2.0,
S0387,5,S0387,6,positive,0.95,1.0,
S0387,5,S0387,7,positive,0.8472,2.0,
S0387,7,S0387,8,positive,0.95,1.0,
S0388,1,S0388,2,positive,0.95,1.0,
S0388,1,S0388,8,positive,0.7677,7.0,
S0388,2,S0388,7,positive,0.6517,5.0,
S0388,2,S0388,8,positive,0.6305,6.0,
S0388,3,S0388,8,positive,0.7492,5.0,
S0388,4,S0388,8,positive,0.8745,4.0,
S0388,7,S0388,8,positive,0.9352,1.0,
S0389,1,S0389,3,positive,0.95,2.0,
S0389,1,S0389,4,positive,0.8862,3.0,
S0389,1,S0389,7,positive,0.6545,6.0,
S0389,2,S0389,3,positive,0.95,1.0,
S0389,2,S0389,4,positive,0.8076,2.0,
S0389,2,S0389,8,positive,0.6271,6.0,
S0389,3,S0389,4,positive,0.95,1.0,
S0389,3,S0389,5,positive,0.8981,2.0,
S0389,3,S0389,8,positive,0.6936,5.0,
S0389,4,S0389,6,positive,0.95,2.0,
S0389,6,S0389,7,positive,0.8823,1.0,
S0389,7,S0389,8,positive,0.95,1.0,
S0390,1,S0390,3,positive,0.8906,2.0,
S0390,1,S0390,4,positive,0.9066,3.0,
S0390,1,S0390,7,positive,0.6131,6.0,
S0390,1,S0390,8,positive,0.6718,7.0,
S0390,2,S0390,4,positive,0.8941,2.0,
S0390,2,S0390,6,positive,0.8648,4.0,
S0390,3,S0390,4,positive,0.9416,1.0,
S0390,3,S0390,5,positive,0.95,2.0,
S0390,4,S0390,6,positive,0.8224,2.0,
S0390,5,S0390,6,positive,0.95,1.0,
S0391,1,S0391,2,positive,0.95,1.0,
S0391,1,S0391,6,positive,0.6789,5.0,
S0391,1,S0391,7,positive,0.7837,6.0,
S0391,1,S0391,8,positive,0.7089,7.0,
S0391,3,S0391,6,positive,0.8676,3.0,
S0391,4,S0391,5,positive,0.9004,1.0,
S0391,5,S0391,8,positive,0.9284,3.0,
S0392,1,S0392,2,positive,0.8653,1.0,
S0392,1,S0392,3,positive,0.8978,2.0,
S0392,1,S0392,8,positive,0.7304,7.0,
S0392,2,S0392,3,positive,0.95,1.0,
S0392,2,S0392,6,positive,0.8151,4.0,
S0392,3,S0392,6,positive,0.7828,3.0,
S0392,5,S0392,7,positive,0.95,2.0,
S0392,5,S0392,8,positive,0.7985,3.0,
S0392,6,S0392,7,positive,0.9069,1.0,
S0393,1,S0393,3,positive,0.8796,2.0,
S0393,1,S0393,5,positive,0.7103,4.0,
S0393,2,S0393,3,positive,0.8602,1.0,
S0393,2,S0393,5,positive,0.905,3.0,
S0393,3,S0393,4,positive,0.9146,1.0,
S0393,3,S0393,6,positive,0.9323,3.0,
S0393,6,S0393,8,positive,0.9119,2.0,
S0394,1,S0394,4,positive,0.8528,3.0,
S0394,1,S0394,6,positive,0.839,5.0,
S0394,2,S0394,4,positive,0.9084,2.0,
S0394,2,S0394,5,positive,0.8864,3.0,
S0395,2,S0395,8,positive,0.6925,6.0,
S0395,3,S0395,4,positive,0.95,1.0,
S0395,4,S0395,7,positive,0.9315,3.0,
S0395,5,S0395,6,positive,0.867,1.0,
S0395,5,S0395,7,positive,0.9101,2.0,
S0396,1,S0396,6,positive,0.6997,5.0,
S0396,1,S0396,8,positive,0.6167,7.0,
S0396,2,S0396,4,positive,0.8793,2.0,
S0396,2,S0396,7,positive,0.7136,5.0,
S0396,2,S0396,8,positive,0.7916,6.0,
S0396,3,S0396,5,positive,0.8967,2.0,
S0396,3,S0396,7,positive,0.7168,4.0,
S0396,4,S0396,5,positive,0.95,1.0,
S0396,4,S0396,6,positive,0.95,2.0,
S0396,5,S0396,8,positive,0.8797,3.0,
S0396,6,S0396,7,positive,0.88,1.0,
S0397,1,S0397,4,positive,0.7851,3.0,
S0397,1,S0397,5,positive,0.7278,4.0,
S0397,1,S0397,7,positive,0.6138,6.0,
S0397,2,S0397,5,positive,0.8669,3.0,
S0397,3,S0397,4,positive,0.95,1.0,
S0397,4,S0397,7,positive,0.937,3.0,
S0397,5,S0397,8,positive,0.7695,3.0,
S0397,6,S0397,7,positive,0.8556,1.0,
S0397,6,S0397,8,positive,0.8162,2.0,
S0398,1,S0398,3,positive,0.827,2.0,
S0398,1,S0398,5,positive,0.807,4.0,
S0398,1,S0398,7,positive,0.764,6.0,
S0398,2,S0398,5,positive,0.9139,3.0,
S0398,4,S0398,7,positive,0.8694,3.0,
S0398,5,S0398,6,positive,0.9201,1.0,
S0398,5,S0398,8,positive,0.7732,3.0,
S0398,6,S0398,8,positive,0.8945,2.0,
S0398,7,S0398,8,positive,0.9182,1.0,
S0399,1,S0399,6,positive,0.7751,5.0,
S0399,1,S0399,7,positive,0.6643,6.0,
S0399,1,S0399,8,positive,0.785,7.0,
S0399,2,S0399,3,positive,0.95,1.0,
S0399,2,S0399,4,positive,0.9465,2.0,
S0399,2,S0399,6,positive,0.7934,4.0,
S0399,2,S0399,8,positive,0.7743,6.0,
S0399,3,S0399,7,positive,0.7355,4.0,
S0399,5,S0399,7,positive,0.8039,2.0,
S0400,1,S0400,2,positive,0.95,1.0,
S0400,1,S0400,3,positive,0.8335,2.0,
S0400,1,S0400,5,positive,0.842,4.0,
S0400,2,S0400,4,positive,0.9272,2.0,
S0400,2,S0400,7,positive,0.8361,5.0,
S0400,2,S0400,8,positive,0.7936,6.0,
S0400,3,S0400,5,positive,0.8263,2.0,
S0400,3,S0400,7,positive,0.7446,4.0,
S0400,5,S0400,8,positive,0.8947,3.0,
S0401,1,S0401,3,positive,0.8449,2.0,
S0401,1,S0401,8,positive,0.7139,7.0,
S0401,2,S0401,3,positive,0.9059,1.0,
S0401,2,S0401,7,positive,0.6643,5.0,
S0401,2,S0401,8,positive,0.6053,6.0,
S0401,3,S0401,6,positive,0.8522,3.0,
S0401,6,S0401,8,positive,0.95,2.0,
S0402,1,S0402,3,positive,0.9052,2.0,
S0402,1,S0402,4,positive,0.7578,3.0,
S0402,1,S0402,5,positive,0.8348,4.0,
S0402,2,S0402,6,positive,0.7907,4.0,
S0402,2,S0402,7,positive,0.7754,5.0,
S0402,3,S0402,4,positive,0.95,1.0,
S0402,4,S0402,8,positive,0.7741,4.0,
S0402,5,S0402,8,positive,0.7653,3.0,
S0403,1,S0403,2,positive,0.8834,1.0,
S0403,1,S0403,5,positive,0.7394,4.0,
S0403,2,S0403,6,positive,0.856,4.0,
S0403,2,S0403,7,positive,0.6659,5.0,
S0403,2,S0403,8,positive,0.6632,6.0,
S0403,3,S0403,6,positive,0.7596,3.0,
S0403,4,S0403,8,positive,0.7547,4.0,
S0403,5,S0403,8,positive,0.7937,3.0,
S0403,6,S0403,8,positive,0.8806,2.0,
S0404,1,S0404,4,positive,0.9295,3.0,
S0404,1,S0404,7,positive,0.6003,6.0,
S0404,2,S0404,6,positive,0.8798,4.0,
S0404,5,S0404,7,positive,0.9013,2.0,
S0404,6,S0404,7,positive,0.95,1.0,
S0404,6,S0404,8,positive,0.8535,2.0,
S0405,1,S0405,5,positive,0.8078,4.0,
S0405,1,S0405,6,positive,0.7309,5.0,
S0405,2,S0405,3,positive,0.9152,1.0,
S0405,2,S0405,5,positive,0.7553,3.0,
S0405,2,S0405,8,positive,0.7349,6.0,
S0405,3,S0405,5,positive,0.95,2.0,
S0405,3,S0405,6,positive,0.8939,3.0,
S0405,3,S0405,7,positive,0.749,4.0,
S0405,3,S0405,8,positive,0.7209,5.0,
S0405,4,S0405,6,positive,0.8388,2.0,
S0405,4,S0405,8,positive,0.8836,4.0,
S0405,6,S0405,8,positive,0.8621,2.0,
S0406,1,S0406,3,positive,0.852,2.0,
S0406,1,S0406,5,positive,0.8762,4.0,
S0406,1,S0406,8,positive,0.6005,7.0,
S0406,2,S0406,4,positive,0.8316,2.0,
S0406,2,S0406,8,positive,0.6524,6.0,
S0406,3,S0406,7,positive,0.848,4.0,
S0406,3,S0406,8,positive,0.753,5.0,
S0406,4,S0406,5,positive,0.8957,1.0,
S0406,5,S0406,7,positive,0.8326,2.0,
S0406,6,S0406,7,positive,0.8617,1.0,
S0406,7,S0406,8,positive,0.95,1.0,
S0407,1,S0407,5,positive,0.8776,4.0,
S0407,1,S0407,7,positive,0.6331,6.0,
S0407,2,S0407,6,positive,0.7578,4.0,
S0407,3,S0407,4,positive,0.9152,1.0,
S0407,4,S0407,7,positive,0.834,3.0,
S0408,1,S0408,2,positive,0.9352,1.0,
S0408,2,S0408,5,positive,0.7952,3.0,
S0408,2,S0408,6,positive,0.8586,4.0,
S0408,2,S0408,7,positive,0.695,5.0,
S0408,2,S0408,8,positive,0.7322,6.0,
S0408,3,S0408,5,positive,0.95,2.0,
S0408,3,S0408,7,positive,0.852,4.0,
S0408,4,S0408,6,positive,0.907,2.0,
S0408,5,S0408,6,positive,0.95,1.0,
S0408,5,S0408,7,positive,0.8996,2.0,
S0408,6,S0408,7,positive,0.95,1.0,
S0409,3,S0409,7,positive,0.8663,4.0,
S0409,4,S0409,8,positive,0.7686,4.0,
S0409,5,S0409,6,positive,0.8695,1.0,
S0409,6,S0409,7,positive,0.864,1.0,
S0409,7,S0409,8,positive,0.95,1.0,
S0410,2,S0410,3,positive,0.8681,1.0,
S0410,2,S0410,7,positive,0.7107,5.0,
S0410,3,S0410,5,positive,0.9124,2.0,
S0410,3,S0410,7,positive,0.7172,4.0,
S0410,4,S0410,5,positive,0.9056,1.0,
S0410,4,S0410,7,positive,0.76,3.0,
S0410,4,S0410,8,positive,0.711,4.0,
S0410,6,S0410,7,positive,0.9164,1.0,
S0411,1,S0411,2,positive,0.95,1.0,
S0411,2,S0411,4,positive,0.9296,2.0,
S0411,2,S0411,6,positive,0.7166,4.0,
S0411,2,S0411,7,positive,0.7012,5.0,
S0411,2,S0411,8,positive,0.6452,6.0,
S0411,4,S0411,7,positive,0.8682,3.0,
S0411,4,S0411,8,positive,0.7387,4.0,
S0411,5,S0411,6,positive,0.9347,1.0,
S0411,7,S0411,8,positive,0.8617,1.0,
S0412,1,S0412,2,positive,0.95,1.0,
S0412,2,S0412,7,positive,0.8112,5.0,
S0412,3,S0412,5,positive,0.851,2.0,
S0412,3,S0412,7,positive,0.8842,4.0,
S0412,5,S0412,6,positive,0.8532,1.0,
S0413,1,S0413,7,positive,0.6766,6.0,
S0413,1,S0413,8,positive,0.6145,7.0,
S0413,2,S0413,6,positive,0.7635,4.0,
S0413,3,S0413,6,positive,0.8251,3.0,
S0413,5,S0413,8,positive,0.7927,3.0,
S0414,1,S0414,2,positive,0.95,1.0,
S0414,1,S0414,3,positive,0.817,2.0,
S0414,1,S0414,5,positive,0.7712,4.0,
S0414,1,S0414,7,positive,0.6392,6.0,
S0414,4,S0414,7,positive,0.8182,3.0,
S0414,5,S0414,6,positive,0.9473,1.0,
S0414,5,S0414,8,positive,0.7535,3.0,
S0415,1,S0415,8,positive,0.663,7.0,
S0415,3,S0415,5,positive,0.95,2.0,
S0415,5,S0415,6,positive,0.95,1.0,
S0415,5,S0415,7,positive,0.95,2.0,
S0415,5,S0415,8,positive,0.8552,3.0,
S0416,2,S0416,4,positive,0.815,2.0,
S0416,3,S0416,5,positive,0.95,2.0,
S0416,4,S0416,6,positive,0.9454,2.0,
S0416,4,S0416,7,positive,0.938,3.0,
S0416,5,S0416,7,positive,0.8569,2.0,
S0416,5,S0416,8,positive,0.7724,3.0,
S0416,7,S0416,8,positive,0.8706,1.0,
S0417,1,S0417,2,positive,0.9024,1.0,
S0417,1,S0417,4,positive,0.9197,3.0,
S0417,1,S0417,5,positive,0.7022,4.0,
S0417,1,S0417,6,positive,0.6863,5.0,
S0417,2,S0417,4,positive,0.8703,2.0,
S0417,2,S0417,5,positive,0.8405,3.0,
S0417,3,S0417,7,positive,0.8387,4.0,
S0417,5,S0417,7,positive,0.95,2.0,
S0417,6,S0417,8,positive,0.95,2.0,
S0418,1,S0418,2,positive,0.95,1.0,
S0418,1,S0418,4,positive,0.7886,3.0,
S0418,3,S0418,5,positive,0.95,2.0,
S0418,4,S0418,6,positive,0.95,2.0,
S0418,4,S0418,7,positive,0.8545,3.0,
S0418,4,S0418,8,positive,0.7924,4.0,
S0418,5,S0418,7,positive,0.8335,2.0,
S0418,5,S0418,8,positive,0.7921,3.0,
S0418,6,S0418,7,positive,0.9464,1.0,
S0418,6,S0418,8,positive,0.9353,2.0,
S0418,7,S0418,8,positive,0.9201,1.0,
S0419,1,S0419,4,positive,0.8375,3.0,
S0419,2,S0419,3,positive,0.95,1.0,
S0419,2,S0419,4,positive,0.8908,2.0,
S0419,2,S0419,6,positive,0.8074,4.0,
S0419,3,S0419,5,positive,0.8081,2.0,
S0419,4,S0419,7,positive,0.8412,3.0,
S0419,5,S0419,8,positive,0.8211,3.0,
S0419,6,S0419,7,positive,0.9128,1.0,
S0420,1,S0420,7,positive,0.715,6.0,
S0420,2,S0420,5,positive,0.7994,3.0,
S0420,3,S0420,4,positive,0.9483,1.0,
S0420,3,S0420,5,positive,0.9053,2.0,
S0420,4,S0420,7,positive,0.8733,3.0,
S0420,5,S0420,6,positive,0.9139,1.0,
S0420,6,S0420,8,positive,0.8427,2.0,
S0421,2,S0421,3,positive,0.9023,1.0,
S0421,2,S0421,4,positive,0.934,2.0,
S0421,3,S0421,8,positive,0.7306,5.0,
S0422,1,S0422,6,positive,0.8158,5.0,
S0422,1,S0422,7,positive,0.7318,6.0,
S0422,1,S0422,8,positive,0.6359,7.0,
S0422,2,S0422,3,positive,0.9278,1.0,
S0422,2,S0422,4,positive,0.8735,2.0,
S0422,3,S0422,7,positive,0.7314,4.0,
S0422,3,S0422,8,positive,0.7671,5.0,
S0422,4,S0422,5,positive,0.8671,1.0,
S0422,4,S0422,7,positive,0.904,3.0,
S0422,6,S0422,7,positive,0.892,1.0,
S0423,2,S0423,3,positive,0.9223,1.0,
S0423,2,S0423,4,positive,0.9469,2.0,
S0423,3,S0423,4,positive,0.95,1.0,
S0423,4,S0423,5,positive,0.95,1.0,
S0423,4,S0423,7,positive,0.7707,3.0,
S0424,1,S0424,2,positive,0.95,1.0,
S0424,1,S0424,3,positive,0.9455,2.0,
S0424,1,S0424,4,positive,0.8324,3.0,
S0424,1,S0424,8,positive,0.6288,7.0,
S0424,2,S0424,3,positive,0.95,1.0,
S0424,2,S0424,6,positive,0.7218,4.0,
S0424,2,S0424,7,positive,0.7036,5.0,
S0424,5,S0424,6,positive,0.9003,1.0,
S0424,5,S0424,8,positive,0.8574,3.0,
S0424,6,S0424,7,positive,0.95,1.0,
S0424,6,S0424,8,positive,0.9495,2.0,
S0425,1,S0425,2,positive,0.95,1.0,
S0425,1,S0425,5,positive,0.8455,4.0,
S0425,2,S0425,5,positive,0.8772,3.0,
S0425,3,S0425,8,positive,0.8054,5.0,
S0425,4,S0425,5,positive,0.8634,1.0,
S0425,4,S0425,7,positive,0.8749,3.0,
S0425,5,S0425,7,positive,0.94,2.0,
S0426,1,S0426,2,positive,0.95,1.0,
S0426,1,S0426,3,positive,0.95,2.0,
S0426,1,S0426,4,positive,0.8902,3.0,
S0426,2,S0426,5,positive,0.9162,3.0,
S0426,2,S0426,6,positive,0.8248,4.0,
S0426,2,S0426,7,positive,0.7419,5.0,
S0426,3,S0426,6,positive,0.8656,3.0,
S0426,3,S0426,7,positive,0.7903,4.0,
S0426,5,S0426,8,positive,0.8684,3.0,
S0426,6,S0426,7,positive,0.8655,1.0,
S0426,6,S0426,8,positive,0.8642,2.0,
S0426,7,S0426,8,positive,0.95,1.0,
S0427,1,S0427,2,positive,0.95,1.0,
S0427,1,S0427,3,positive,0.8353,2.0,
S0427,1,S0427,6,positive,0.7355,5.0,
S0427,1,S0427,7,positive,0.6448,6.0,
S0427,1,S0427,8,positive,0.7304,7.0,
S0427,2,S0427,6,positive,0.7952,4.0,
S0427,2,S0427,8,positive,0.7946,6.0,
S0427,3,S0427,4,positive,0.858,1.0,
S0427,3,S0427,5,positive,0.95,2.0,
S0427,6,S0427,8,positive,0.9341,2.0,
S0428,1,S0428,5,positive,0.8514,4.0,
S0428,1,S0428,6,positive,0.8319,5.0,
S0428,2,S0428,3,positive,0.9481,1.0,
S0428,2,S0428,6,positive,0.7963,4.0,
S0428,3,S0428,4,positive,0.8558,1.0,
S0428,4,S0428,6,positive,0.8609,2.0,
S0428,5,S0428,7,positive,0.9315,2.0,
S0428,5,S0428,8,positive,0.8619,3.0,
S0428,6,S0428,8,positive,0.9299,2.0,
S0428,7,S0428,8,positive,0.95,1.0,
S0429,1,S0429,2,positive,0.8757,1.0,
S0429,1,S0429,4,positive,0.9244,3.0,
S0429,1,S0429,6,positive,0.8184,5.0,
S0429,2,S0429,5,positive,0.7868,3.0,
S0429,2,S0429,7,positive,0.699,5.0,
S0429,4,S0429,5,positive,0.95,1.0,
S0429,4,S0429,7,positive,0.8255,3.0,
S0429,5,S0429,6,positive,0.8772,1.0,
S0429,6,S0429,8,positive,0.8142,2.0,
S0430,1,S0430,3,positive,0.95,2.0,
S0430,1,S0430,6,positive,0.7625,5.0,
S0430,2,S0430,5,positive,0.8084,3.0,
S0430,3,S0430,4,positive,0.95,1.0,
S0430,3,S0430,7,positive,0.8193,4.0,
S0430,3,S0430,8,positive,0.8189,5.0,
S0430,4,S0430,5,positive,0.95,1.0,
S0431,1,S0431,4,positive,0.8687,3.0,
S0431,1,S0431,5,positive,0.8454,4.0,
S0431,2,S0431,4,positive,0.8058,2.0,
S0431,2,S0431,6,positive,0.8503,4.0,
S0431,3,S0431,6,positive,0.7699,3.0,
S0431,4,S0431,8,positive,0.8547,4.0,
S0431,5,S0431,8,positive,0.9172,3.0,
S0431,6,S0431,8,positive,0.95,2.0,
S0432,1,S0432,2,positive,0.95,1.0,
S0432,1,S0432,5,positive,0.7103,4.0,
S0432,2,S0432,4,positive,0.8793,2.0,
S0432,2,S0432,8,positive,0.6709,6.0,
S0432,3,S0432,6,positive,0.7514,3.0,
S0432,4,S0432,6,positive,0.9351,2.0,
S0432,5,S0432,7,positive,0.933,2.0,
S0432,5,S0432,8,positive,0.7758,3.0,
S0432,6,S0432,7,positive,0.9139,1.0,
S0433,1,S0433,3,positive,0.8026,2.0,
S0433,2,S0433,4,positive,0.8058,2.0,
S0433,3,S0433,4,positive,0.95,1.0,
S0433,4,S0433,6,positive,0.9331,2.0,
S0433,6,S0433,7,positive,0.8941,1.0,
S0434,1,S0434,3,positive,0.8483,2.0,
S0434,1,S0434,7,positive,0.7521,6.0,
S0434,2,S0434,4,positive,0.8011,2.0,
S0434,2,S0434,7,positive,0.7602,5.0,
S0434,3,S0434,5,positive,0.8486,2.0,
S0434,4,S0434,5,positive,0.95,1.0,
S0434,4,S0434,6,positive,0.8386,2.0,
S0434,5,S0434,6,positive,0.95,1.0,
S0435,1,S0435,4,positive,0.9373,3.0,
S0435,2,S0435,6,positive,0.8939,4.0,
S0435,3,S0435,4,positive,0.95,1.0,
S0435,5,S0435,6,positive,0.95,1.0,
S0435,6,S0435,7,positive,0.9166,1.0,
S0436,1,S0436,5,positive,0.7046,4.0,
S0436,1,S0436,8,positive,0.7964,7.0,
S0436,2,S0436,5,positive,0.8612,3.0,
S0436,2,S0436,8,positive,0.7901,6.0,
S0436,3,S0436,7,positive,0.76,4.0,
S0436,4,S0436,5,positive,0.95,1.0,
S0436,4,S0436,6,positive,0.876,2.0,
S0436,4,S0436,8,positive,0.8631,4.0,
S0436,5,S0436,6,positive,0.95,1.0,
S0437,1,S0437,3,positive,0.95,2.0,
S0437,1,S0437,5,positive,0.709,4.0,
S0437,1,S0437,8,positive,0.6538,7.0,
S0437,2,S0437,3,positive,0.95,1.0,
S0437,2,S0437,7,positive,0.7725,5.0,
S0437,2,S0437,8,positive,0.7839,6.0,
S0437,3,S0437,5,positive,0.95,2.0,
S0437,3,S0437,7,positive,0.7233,4.0,
S0437,4,S0437,6,positive,0.8906,2.0,
S0437,4,S0437,7,positive,0.8374,3.0,
S0437,6,S0437,7,positive,0.95,1.0,
S0438,1,S0438,2,positive,0.9098,1.0,
S0438,1,S0438,5,positive,0.7273,4.0,
S0438,2,S0438,5,positive,0.8686,3.0,
S0438,2,S0438,8,positive,0.7702,6.0,
S0438,3,S0438,4,positive,0.906,1.0,
S0438,4,S0438,5,positive,0.9088,1.0,
S0438,4,S0438,8,positive,0.7334,4.0,
S0438,5,S0438,7,positive,0.8057,2.0,
S0438,5,S0438,8,positive,0.8808,3.0,
S0439,1,S0439,6,positive,0.7803,5.0,
S0439,1,S0439,8,positive,0.6389,7.0,
S0439,3,S0439,4,positive,0.95,1.0,
S0439,3,S0439,8,positive,0.8082,5.0,
S0439,4,S0439,5,positive,0.9428,1.0,
S0439,4,S0439,6,positive,0.8192,2.0,
S0439,4,S0439,7,positive,0.8201,3.0,
S0439,5,S0439,6,positive,0.95,1.0,
S0439,5,S0439,8,positive,0.9238,3.0,
S0440,1,S0440,5,positive,0.8251,4.0,
S0440,1,S0440,8,positive,0.7323,7.0,
S0440,2,S0440,5,positive,0.9181,3.0,
S0440,2,S0440,6,positive,0.7931,4.0,
S0440,2,S0440,8,positive,0.6061,6.0,
S0440,3,S0440,6,positive,0.7545,3.0,
S0440,3,S0440,7,positive,0.8729,4.0,
S0440,6,S0440,7,positive,0.8874,1.0,
S0441,1,S0441,3,positive,0.8968,2.0,
S0441,2,S0441,5,positive,0.8481,3.0,
S0441,4,S0441,6,positive,0.8702,2.0,
S0442,1,S0442,6,positive,0.7013,5.0,
S0442,2,S0442,4,positive,0.837,2.0,
S0442,2,S0442,6,positive,0.8686,4.0,
S0442,2,S0442,7,positive,0.6648,5.0,
S0442,2,S0442,8,positive,0.7513,6.0,
S0442,3,S0442,5,positive,0.9176,2.0,
S0442,3,S0442,6,positive,0.9115,3.0,
S0442,4,S0442,7,positive,0.8369,3.0,
S0442,5,S0442,7,positive,0.8863,2.0,
S0442,5,S0442,8,positive,0.8778,3.0,
S0443,1,S0443,4,positive,0.8813,3.0,
S0443,1,S0443,7,positive,0.6722,6.0,
S0443,2,S0443,3,positive,0.95,1.0,
S0443,2,S0443,7,positive,0.6773,5.0,
S0443,3,S0443,7,positive,0.7121,4.0,
S0443,5,S0443,6,positive,0.9453,1.0,
S0443,5,S0443,7,positive,0.93,2.0,
S0443,6,S0443,7,positive,0.8685,1.0,
S0443,7,S0443,8,positive,0.95,1.0,
S0444,1,S0444,8,positive,0.7615,7.0,
S0444,2,S0444,5,positive,0.885,3.0,
S0444,2,S0444,7,positive,0.7808,5.0,
S0444,3,S0444,6,positive,0.7849,3.0,
S0444,4,S0444,5,positive,0.924,1.0,
S0444,4,S0444,6,positive,0.8521,2.0,
S0444,4,S0444,8,positive,0.8047,4.0,
S0444,5,S0444,6,positive,0.95,1.0,
S0444,5,S0444,8,positive,0.9392,3.0,
S0444,7,S0444,8,positive,0.9434,1.0,
S0445,1,S0445,2,positive,0.8726,1.0,
S0445,1,S0445,5,positive,0.808,4.0,
S0445,3,S0445,6,positive,0.7549,3.0,
S0445,3,S0445,7,positive,0.7968,4.0,
S0445,3,S0445,8,positive,0.7163,5.0,
S0445,4,S0445,6,positive,0.886,2.0,
S0445,4,S0445,7,positive,0.874,3.0,
S0445,4,S0445,8,positive,0.8631,4.0,
S0445,6,S0445,7,positive,0.9022,1.0,
S0446,1,S0446,5,positive,0.8626,4.0,
S0446,2,S0446,6,positive,0.8914,4.0,
S0446,2,S0446,7,positive,0.7603,5.0,
S0446,3,S0446,4,positive,0.8542,1.0,
S0446,3,S0446,6,positive,0.85,3.0,
S0446,3,S0446,7,positive,0.8642,4.0,
S0446,4,S0446,5,positive,0.9039,1.0,
S0446,4,S0446,7,positive,0.9226,3.0,
S0446,4,S0446,8,positive,0.7142,4.0,
S0446,5,S0446,7,positive,0.8414,2.0,
S0447,1,S0447,2,positive,0.95,1.0,
S0447,1,S0447,3,positive,0.8563,2.0,
S0447,1,S0447,7,positive,0.7067,6.0,
S0447,2,S0447,7,positive,0.7644,5.0,
S0447,3,S0447,4,positive,0.95,1.0,
S0447,4,S0447,7,positive,0.7751,3.0,
S0447,5,S0447,8,positive,0.8481,3.0,
S0447,6,S0447,8,positive,0.9037,2.0,
S0448,1,S0448,3,positive,0.8407,2.0,
S0448,1,S0448,6,positive,0.7432,5.0,
S0448,2,S0448,7,positive,0.7859,5.0,
S0448,3,S0448,5,positive,0.95,2.0,
S0448,4,S0448,5,positive,0.95,1.0,
S0448,4,S0448,8,positive,0.8795,4.0,
S0448,5,S0448,6,positive,0.95,1.0,
S0448,6,S0448,7,positive,0.95,1.0,
S0449,1,S0449,6,positive,0.7494,5.0,
S0449,2,S0449,3,positive,0.95,1.0,
S0449,3,S0449,4,positive,0.95,1.0,
S0449,3,S0449,5,positive,0.8718,2.0,
S0449,4,S0449,6,positive,0.8188,2.0,
S0449,4,S0449,8,positive,0.7748,4.0,
S0450,1,S0450,2,positive,0.9348,1.0,
S0450,2,S0450,3,positive,0.95,1.0,
S0450,2,S0450,4,positive,0.95,2.0,
S0450,3,S0450,7,positive,0.7339,4.0,
S0450,4,S0450,6,positive,0.8333,2.0,
S0450,6,S0450,8,positive,0.8365,2.0,
S0450,7,S0450,8,positive,0.8632,1.0,
S0451,1,S0451,3,positive,0.9241,2.0,
S0451,1,S0451,7,positive,0.6755,6.0,
S0451,1,S0451,8,positive,0.6137,7.0,
S0451,2,S0451,5,positive,0.9211,3.0,
S0451,3,S0451,8,positive,0.7813,5.0,
S0451,4,S0451,8,positive,0.8504,4.0,
S0451,6,S0451,8,positive,0.95,2.0,
S0452,1,S0452,2,positive,0.8943,1.0,
S0452,1,S0452,4,positive,0.8157,3.0,
S0452,1,S0452,5,positive,0.8369,4.0,
S0452,1,S0452,6,positive,0.8247,5.0,
S0452,2,S0452,5,positive,0.7761,3.0,
S0452,2,S0452,8,positive,0.7212,6.0,
S0452,3,S0452,4,positive,0.95,1.0,
S0452,3,S0452,8,positive,0.7723,5.0,
S0452,4,S0452,8,positive,0.8265,4.0,
S0452,6,S0452,7,positive,0.95,1.0,
S0453,1,S0453,5,positive,0.7365,4.0,
S0453,1,S0453,8,positive,0.6281,7.0,
S0453,2,S0453,4,positive,0.9366,2.0,
S0453,2,S0453,7,positive,0.7869,5.0,
S0453,3,S0453,4,positive,0.9426,1.0,
S0453,4,S0453,7,positive,0.9099,3.0,
S0454,1,S0454,8,positive,0.733,7.0,
S0454,2,S0454,5,positive,0.8364,3.0,
S0454,3,S0454,4,positive,0.95,1.0,
S0455,3,S0455,8,positive,0.7988,5.0,
S0455,6,S0455,7,positive,0.95,1.0,
S0456,1,S0456,3,positive,0.858,2.0,
S0456,1,S0456,8,positive,0.7658,7.0,
S0456,2,S0456,5,positive,0.7719,3.0,
S0456,2,S0456,7,positive,0.8479,5.0,
S0456,3,S0456,4,positive,0.8689,1.0,
S0456,4,S0456,5,positive,0.8775,1.0,
S0456,6,S0456,8,positive,0.9473,2.0,
S0456,7,S0456,8,positive,0.878,1.0,
S0457,1,S0457,6,positive,0.738,5.0,
S0457,3,S0457,5,positive,0.8563,2.0,
S0457,3,S0457,7,positive,0.7307,4.0,
S0457,3,S0457,8,positive,0.728,5.0,
S0457,4,S0457,7,positive,0.931,3.0,
S0457,4,S0457,8,positive,0.7484,4.0,
S0457,5,S0457,8,positive,0.9458,3.0,
S0458,1,S0458,2,positive,0.9469,1.0,
S0458,1,S0458,3,positive,0.95,2.0,
S0458,1,S0458,4,positive,0.8735,3.0,
S0458,1,S0458,5,positive,0.7298,4.0,
S0458,1,S0458,6,positive,0.8027,5.0,
S0458,1,S0458,7,positive,0.6636,6.0,
S0458,2,S0458,4,positive,0.9011,2.0,
S0458,3,S0458,4,positive,0.9326,1.0,
S0458,3,S0458,7,positive,0.8043,4.0,
S0458,4,S0458,6,positive,0.95,2.0,
S0458,4,S0458,8,positive,0.7639,4.0,
S0458,6,S0458,7,positive,0.95,1.0,
S0459,1,S0459,3,positive,0.9115,2.0,
S0459,1,S0459,4,positive,0.814,3.0,
S0459,1,S0459,5,positive,0.8164,4.0,
S0459,3,S0459,7,positive,0.7672,4.0,
S0459,4,S0459,6,positive,0.8377,2.0,
S0459,6,S0459,7,positive,0.95,1.0,
S0460,1,S0460,6,positive,0.6941,5.0,
S0460,2,S0460,7,positive,0.6805,5.0,
S0460,3,S0460,5,positive,0.8771,2.0,
S0460,4,S0460,5,positive,0.8629,1.0,
S0460,4,S0460,7,positive,0.8909,3.0,
S0460,5,S0460,8,positive,0.8296,3.0,
S0461,1,S0461,3,positive,0.934,2.0,
S0461,1,S0461,8,positive,0.6037,7.0,
S0461,2,S0461,5,positive,0.8904,3.0,
S0461,2,S0461,8,positive,0.7899,6.0,
S0461,3,S0461,4,positive,0.9391,1.0,
S0461,3,S0461,5,positive,0.8969,2.0,
S0461,4,S0461,6,positive,0.8298,2.0,
S0461,4,S0461,7,positive,0.8193,3.0,
S0461,5,S0461,7,positive,0.8457,2.0,
S0462,1,S0462,5,positive,0.703,4.0,
S0462,1,S0462,6,positive,0.7905,5.0,
S0462,2,S0462,3,positive,0.95,1.0,
S0462,2,S0462,4,positive,0.834,2.0,
S0462,2,S0462,6,positive,0.8761,4.0,
S0462,2,S0462,7,positive,0.7146,5.0,
S0462,3,S0462,4,positive,0.95,1.0,
S0462,3,S0462,5,positive,0.8154,2.0,
S0462,3,S0462,8,positive,0.7266,5.0,
S0462,4,S0462,5,positive,0.95,1.0,
S0462,5,S0462,7,positive,0.95,2.0,
S0462,6,S0462,7,positive,0.912,1.0,
S0463,1,S0463,4,positive,0.9337,3.0,
S0463,1,S0463,6,positive,0.8144,5.0,
S0463,1,S0463,8,positive,0.6526,7.0,
S0463,3,S0463,6,positive,0.8899,3.0,
S0463,4,S0463,5,positive,0.95,1.0,
S0463,4,S0463,8,positive,0.8142,4.0,
S0464,1,S0464,2,positive,0.9132,1.0,
S0464,1,S0464,4,positive,0.8689,3.0,
S0464,2,S0464,3,positive,0.95,1.0,
S0464,2,S0464,8,positive,0.6973,6.0,
S0464,3,S0464,7,positive,0.767,4.0,
S0464,3,S0464,8,positive,0.736,5.0,
S0464,4,S0464,6,positive,0.8716,2.0,
S0464,4,S0464,8,positive,0.8713,4.0,
S0464,5,S0464,7,positive,0.9059,2.0,
S0464,7,S0464,8,positive,0.9,1.0,
S0465,2,S0465,5,positive,0.8625,3.0,
S0465,2,S0465,7,positive,0.7114,5.0,
S0465,2,S0465,8,positive,0.7383,6.0,
S0465,3,S0465,4,positive,0.95,1.0,
S0465,5,S0465,6,positive,0.95,1.0,
S0465,5,S0465,7,positive,0.9219,2.0,
S0466,2,S0466,6,positive,0.8567,4.0,
S0466,2,S0466,7,positive,0.6749,5.0,
S0466,3,S0466,5,positive,0.95,2.0,
S0466,3,S0466,6,positive,0.8051,3.0,
S0466,3,S0466,8,positive,0.6736,5.0,
S0466,4,S0466,5,positive,0.8748,1.0,
S0466,5,S0466,7,positive,0.95,2.0,
S0466,5,S0466,8,positive,0.8132,3.0,
S0466,6,S0466,7,positive,0.9092,1.0,
S0466,6,S0466,8,positive,0.8579,2.0,
S0467,2,S0467,7,positive,0.7123,5.0,
S0467,3,S0467,7,positive,0.742,4.0,
S0467,4,S0467,5,positive,0.95,1.0,
S0467,5,S0467,8,positive,0.8766,3.0,
S0467,6,S0467,8,positive,0.95,2.0,
S0467,7,S0467,8,positive,0.909,1.0,
S0468,1,S0468,3,positive,0.9414,2.0,
S0468,1,S0468,4,positive,0.8428,3.0,
S0468,3,S0468,6,positive,0.8832,3.0,
S0468,3,S0468,7,positive,0.8605,4.0,
S0468,5,S0468,8,positive,0.9227,3.0,
S0469,1,S0469,3,positive,0.9405,2.0,
S0469,1,S0469,7,positive,0.6398,6.0,
S0469,1,S0469,8,positive,0.7513,7.0,
S0469,2,S0469,3,positive,0.8501,1.0,
S0469,2,S0469,4,positive,0.9163,2.0,
S0469,2,S0469,5,positive,0.8576,3.0,
S0469,2,S0469,6,positive,0.7492,4.0,
S0469,2,S0469,8,positive,0.6483,6.0,
S0469,3,S0469,5,positive,0.95,2.0,
S0469,3,S0469,6,positive,0.9006,3.0,
S0469,4,S0469,5,positive,0.95,1.0,
S0469,4,S0469,7,positive,0.8058,3.0,
S0469,5,S0469,8,positive,0.7854,3.0,
S0469,6,S0469,8,positive,0.8334,2.0,
S0470,2,S0470,4,positive,0.9061,2.0,
S0470,3,S0470,5,positive,0.8787,2.0,
S0470,3,S0470,7,positive,0.8139,4.0,
S0470,4,S0470,7,positive,0.8732,3.0,
S0470,5,S0470,6,positive,0.8874,1.0,
S0470,6,S0470,8,positive,0.8163,2.0,
S0471,1,S0471,7,positive,0.6599,6.0,
S0471,3,S0471,4,positive,0.95,1.0,
S0471,3,S0471,6,positive,0.9039,3.0,
S0471,4,S0471,6,positive,0.8509,2.0,
S0471,4,S0471,8,positive,0.7694,4.0,
S0472,1,S0472,3,positive,0.8129,2.0,
S0472,1,S0472,5,positive,0.7472,4.0,
S0472,2,S0472,7,positive,0.7263,5.0,
S0472,3,S0472,5,positive,0.95,2.0,
S0472,4,S0472,5,positive,0.8668,1.0,
S0472,5,S0472,7,positive,0.8866,2.0,
S0472,6,S0472,8,positive,0.95,2.0,
S0473,1,S0473,2,positive,0.95,1.0,
S0473,1,S0473,6,positive,0.6707,5.0,
S0473,1,S0473,8,positive,0.6355,7.0,
S0473,2,S0473,5,positive,0.7685,3.0,
S0473,4,S0473,6,positive,0.8262,2.0,
S0473,4,S0473,8,positive,0.8679,4.0,
S0473,5,S0473,6,positive,0.95,1.0,
S0473,5,S0473,7,positive,0.8281,2.0,
S0474,1,S0474,6,positive,0.727,5.0,
S0474,1,S0474,7,positive,0.6961,6.0,
S0474,2,S0474,3,positive,0.95,1.0,
S0474,3,S0474,7,positive,0.8592,4.0,
S0474,5,S0474,6,positive,0.8712,1.0,
S0474,6,S0474,7,positive,0.95,1.0,
S0474,6,S0474,8,positive,0.8281,2.0,
S0474,7,S0474,8,positive,0.95,1.0,
S0475,1,S0475,3,positive,0.8182,2.0,
S0475,1,S0475,4,positive,0.8286,3.0,
S0475,1,S0475,8,positive,0.6393,7.0,
S0475,3,S0475,5,positive,0.8157,2.0,
S0475,4,S0475,6,positive,0.95,2.0,
S0475,6,S0475,7,positive,0.95,1.0,
S0475,7,S0475,8,positive,0.9094,1.0,
S0476,1,S0476,3,positive,0.8975,2.0,
S0476,1,S0476,4,positive,0.8562,3.0,
S0476,2,S0476,4,positive,0.832,2.0,
S0476,4,S0476,6,positive,0.8702,2.0,
S0476,5,S0476,6,positive,0.9093,1.0,
S0476,5,S0476,8,positive,0.8027,3.0,
S0476,6,S0476,7,positive,0.95,1.0,
S0476,7,S0476,8,positive,0.8838,1.0,
S0477,1,S0477,6,positive,0.6805,5.0,
S0477,2,S0477,3,positive,0.95,1.0,
S0477,2,S0477,8,positive,0.7464,6.0,
S0477,3,S0477,4,positive,0.9176,1.0,
S0477,3,S0477,5,positive,0.9435,2.0,
S0477,5,S0477,6,positive,0.9253,1.0,
S0478,1,S0478,2,positive,0.95,1.0,
S0478,1,S0478,3,positive,0.8548,2.0,
S0478,1,S0478,4,positive,0.901,3.0,
S0478,1,S0478,5,positive,0.8759,4.0,
S0478,1,S0478,7,positive,0.6992,6.0,
S0478,2,S0478,4,positive,0.8284,2.0,
S0478,3,S0478,7,positive,0.8711,4.0,
S0478,3,S0478,8,positive,0.8466,5.0,
S0478,4,S0478,6,positive,0.9445,2.0,
S0478,4,S0478,8,positive,0.8934,4.0,
S0478,5,S0478,6,positive,0.95,1.0,
S0478,5,S0478,7,positive,0.8219,2.0,
S0478,7,S0478,8,positive,0.95,1.0,
S0479,1,S0479,2,positive,0.911,1.0,
S0479,1,S0479,3,positive,0.95,2.0,
S0479,1,S0479,4,positive,0.9323,3.0,
S0479,1,S0479,5,positive,0.8648,4.0,
S0479,2,S0479,5,positive,0.8851,3.0,
S0479,2,S0479,7,positive,0.7632,5.0,
S0479,3,S0479,4,positive,0.95,1.0,
S0479,3,S0479,5,positive,0.8037,2.0,
S0479,4,S0479,5,positive,0.8943,1.0,
S0479,4,S0479,8,positive,0.866,4.0,
S0479,6,S0479,7,positive,0.8995,1.0,
S0480,1,S0480,2,positive,0.95,1.0,
S0480,1,S0480,4,positive,0.9048,3.0,
S0480,1,S0480,8,positive,0.7942,7.0,
S0480,2,S0480,7,positive,0.6643,5.0,
S0480,3,S0480,5,positive,0.95,2.0,
S0480,4,S0480,8,positive,0.8305,4.0,
S0481,1,S0481,2,positive,0.95,1.0,
S0481,1,S0481,3,positive,0.8285,2.0,
S0481,1,S0481,5,positive,0.7095,4.0,
S0481,1,S0481,6,positive,0.6823,5.0,
S0481,2,S0481,5,positive,0.8976,3.0,
S0481,5,S0481,7,positive,0.9275,2.0,
S0481,7,S0481,8,positive,0.9036,1.0,
S0482,1,S0482,2,positive,0.95,1.0,
S0482,1,S0482,6,positive,0.7104,5.0,
S0482,2,S0482,4,positive,0.805,2.0,
S0482,2,S0482,8,positive,0.6936,6.0,
S0482,3,S0482,8,positive,0.7435,5.0,
S0482,4,S0482,5,positive,0.95,1.0,
S0482,5,S0482,6,positive,0.9352,1.0,
S0482,5,S0482,7,positive,0.8232,2.0,
S0482,6,S0482,7,positive,0.9285,1.0,
S0483,1,S0483,5,positive,0.813,4.0,
S0483,1,S0483,8,positive,0.7592,7.0,
S0483,2,S0483,3,positive,0.9337,1.0,
S0483,2,S0483,4,positive,0.95,2.0,
S0483,3,S0483,4,positive,0.901,1.0,
S0483,3,S0483,6,positive,0.8563,3.0,
S0483,3,S0483,7,positive,0.878,4.0,
S0483,3,S0483,8,positive,0.6924,5.0,
S0483,4,S0483,7,positive,0.8824,3.0,
S0483,6,S0483,8,positive,0.929,2.0,
S0483,7,S0483,8,positive,0.9367,1.0,
S0484,1,S0484,3,positive,0.8651,2.0,
S0484,1,S0484,5,positive,0.7356,4.0,
S0484,1,S0484,6,positive,0.7273,5.0,
S0484,1,S0484,7,positive,0.7994,6.0,
S0484,2,S0484,7,positive,0.793,5.0,
S0484,6,S0484,8,positive,0.9387,2.0,
S0484,7,S0484,8,positive,0.9018,1.0,
S0485,1,S0485,2,positive,0.9318,1.0,
S0485,1,S0485,5,positive,0.7828,4.0,
S0485,1,S0485,6,positive,0.8035,5.0,
S0485,1,S0485,7,positive,0.7817,6.0,
S0485,2,S0485,3,positive,0.95,1.0,
S0485,2,S0485,7,positive,0.8297,5.0,
S0485,3,S0485,7,positive,0.7884,4.0,
S0485,4,S0485,6,positive,0.8891,2.0,
S0485,5,S0485,6,positive,0.9081,1.0,
S0486,1,S0486,4,positive,0.9163,3.0,
S0486,1,S0486,8,positive,0.7892,7.0,
S0486,2,S0486,4,positive,0.9147,2.0,
S0486,2,S0486,5,positive,0.909,3.0,
S0486,2,S0486,8,positive,0.6599,6.0,
S0486,5,S0486,8,positive,0.8105,3.0,
S0487,2,S0487,3,positive,0.8886,1.0,
S0487,3,S0487,4,positive,0.8654,1.0,
S0487,3,S0487,5,positive,0.8516,2.0,
S0487,3,S0487,7,positive,0.7551,4.0,
S0487,3,S0487,8,positive,0.6516,5.0,
S0487,4,S0487,8,positive,0.7101,4.0,
S0487,5,S0487,6,positive,0.8655,1.0,
S0487,7,S0487,8,positive,0.95,1.0,
S0488,1,S0488,2,positive,0.8937,1.0,
S0488,1,S0488,4,positive,0.8074,3.0,
S0488,3,S0488,6,positive,0.9325,3.0,
S0488,4,S0488,5,positive,0.924,1.0,
S0488,4,S0488,8,positive,0.8029,4.0,
S0488,5,S0488,6,positive,0.95,1.0,
S0488,5,S0488,8,positive,0.8223,3.0,
S0488,6,S0488,8,positive,0.9265,2.0,
S0489,1,S0489,4,positive,0.8789,3.0,
S0489,1,S0489,7,positive,0.6909,6.0,
S0489,2,S0489,5,positive,0.816,3.0,
S0489,4,S0489,6,positive,0.95,2.0,
S0489,4,S0489,7,positive,0.8454,3.0,
S0489,4,S0489,8,positive,0.7891,4.0,
S0489,5,S0489,8,positive,0.863,3.0,
S0490,1,S0490,3,positive,0.9059,2.0,
S0490,1,S0490,8,positive,0.6122,7.0,
S0490,2,S0490,7,positive,0.6821,5.0,
S0490,5,S0490,6,positive,0.95,1.0,
S0490,5,S0490,8,positive,0.9398,3.0,
S0490,7,S0490,8,positive,0.95,1.0,
S0491,1,S0491,3,positive,0.8885,2.0,
S0491,2,S0491,3,positive,0.95,1.0,
S0491,2,S0491,5,positive,0.8335,3.0,
S0491,2,S0491,7,positive,0.7184,5.0,
S0491,4,S0491,5,positive,0.95,1.0,
S0491,4,S0491,6,positive,0.95,2.0,
S0491,5,S0491,6,positive,0.8872,1.0,
S0491,6,S0491,8,positive,0.9056,2.0,
S0492,1,S0492,2,positive,0.8568,1.0,
S0492,1,S0492,5,positive,0.7133,4.0,
S0492,2,S0492,5,positive,0.8717,3.0,
S0492,2,S0492,6,positive,0.7776,4.0,
S0492,5,S0492,8,positive,0.8564,3.0,
S0492,6,S0492,8,positive,0.9072,2.0,
S0493,1,S0493,3,positive,0.95,2.0,
S0493,3,S0493,7,positive,0.7907,4.0,
S0493,4,S0493,8,positive,0.7653,4.0,
S0493,5,S0493,7,positive,0.95,2.0,
S0493,7,S0493,8,positive,0.9436,1.0,
S0494,1,S0494,2,positive,0.8766,1.0,
S0494,2,S0494,3,positive,0.95,1.0,
S0494,3,S0494,4,positive,0.8547,1.0,
S0494,3,S0494,5,positive,0.8423,2.0,
S0494,4,S0494,7,positive,0.7586,3.0,
S0494,4,S0494,8,positive,0.7156,4.0,
S0494,6,S0494,7,positive,0.9238,1.0,
S0495,1,S0495,2,positive,0.8934,1.0,
S0495,2,S0495,3,positive,0.9015,1.0,
S0495,3,S0495,7,positive,0.8104,4.0,
S0495,3,S0495,8,positive,0.7462,5.0,
S0495,4,S0495,5,positive,0.95,1.0,
S0495,4,S0495,6,positive,0.8219,2.0,
S0495,4,S0495,7,positive,0.7659,3.0,
S0495,4,S0495,8,positive,0.7564,4.0,
S0495,5,S0495,8,positive,0.7655,3.0,
S0495,6,S0495,8,positive,0.8452,2.0,
S0496,1,S0496,3,positive,0.8146,2.0,
S0496,1,S0496,7,positive,0.6452,6.0,
S0496,2,S0496,3,positive,0.95,1.0,
S0496,2,S0496,6,positive,0.7514,4.0,
S0496,3,S0496,5,positive,0.95,2.0,
S0496,4,S0496,7,positive,0.8597,3.0,
S0496,4,S0496,8,positive,0.8792,4.0,
S0496,5,S0496,6,positive,0.8809,1.0,
S0496,6,S0496,8,positive,0.9155,2.0,
S0496,7,S0496,8,positive,0.95,1.0,
S0497,1,S0497,4,positive,0.8404,3.0,
S0497,1,S0497,8,positive,0.6517,7.0,
S0497,2,S0497,3,positive,0.95,1.0,
S0497,2,S0497,6,positive,0.7798,4.0,
S0497,3,S0497,5,positive,0.85,2.0,
S0497,3,S0497,6,positive,0.8761,3.0,
S0497,4,S0497,5,positive,0.95,1.0,
S0497,4,S0497,8,positive,0.7176,4.0,
S0497,5,S0497,6,positive,0.95,1.0,
S0497,6,S0497,7,positive,0.95,1.0,
S0497,6,S0497,8,positive,0.95,2.0,
S0498,1,S0498,7,positive,0.6724,6.0,
S0498,1,S0498,8,positive,0.6715,7.0,
S0498,3,S0498,4,positive,0.8999,1.0,
S0498,3,S0498,7,positive,0.7541,4.0,
S0498,4,S0498,7,positive,0.9256,3.0,
S0498,5,S0498,8,positive,0.7635,3.0,
S0498,6,S0498,7,positive,0.95,1.0,
S0498,6,S0498,8,positive,0.8497,2.0,
S0499,1,S0499,5,positive,0.8534,4.0,
S0499,2,S0499,6,positive,0.7941,4.0,
S0499,2,S0499,7,positive,0.7543,5.0,
S0499,4,S0499,7,positive,0.8261,3.0,
S0499,5,S0499,6,positive,0.8664,1.0,
S0499,5,S0499,7,positive,0.8511,2.0,
S0499,5,S0499,8,positive,0.8686,3.0,
S0500,1,S0500,3,positive,0.95,2.0,
S0500,1,S0500,4,positive,0.9339,3.0,
S0500,1,S0500,6,positive,0.7182,5.0,
S0500,1,S0500,7,positive,0.7381,6.0,
S0500,2,S0500,4,positive,0.8097,2.0,
S0500,2,S0500,8,positive,0.7031,6.0,
S0500,4,S0500,5,positive,0.95,1.0,
S0500,4,S0500,8,positive,0.7741,4.0,
S0500,5,S0500,7,positive,0.9235,2.0,
S0500,5,S0500,8,positive,0.8446,3.0,
S0501,1,S0501,4,positive,0.9068,3.0,
S0501,1,S0501,6,positive,0.7301,5.0,
S0501,1,S0501,7,positive,0.6488,6.0,
S0501,1,S0501,8,positive,0.7772,7.0,
S0501,2,S0501,3,positive,0.95,1.0,
S0501,2,S0501,5,positive,0.8288,3.0,
S0501,3,S0501,6,positive,0.8155,3.0,
S0501,3,S0501,7,positive,0.7166,4.0,
S0501,3,S0501,8,positive,0.7272,5.0,
S0501,4,S0501,5,positive,0.95,1.0,
S0501,4,S0501,8,positive,0.7933,4.0,
S0501,6,S0501,7,positive,0.8942,1.0,
S0501,6,S0501,8,positive,0.95,2.0,
S0502,1,S0502,2,positive,0.95,1.0,
S0502,1,S0502,5,positive,0.7486,4.0,
S0502,1,S0502,8,positive,0.7219,7.0,
S0502,2,S0502,3,positive,0.95,1.0,
S0502,2,S0502,5,positive,0.797,3.0,
S0502,3,S0502,4,positive,0.8778,1.0,
S0502,3,S0502,5,positive,0.8409,2.0,
S0502,4,S0502,6,positive,0.8274,2.0,
S0502,4,S0502,7,positive,0.8275,3.0,
S0502,5,S0502,6,positive,0.95,1.0,
S0502,5,S0502,8,positive,0.8984,3.0,
S0503,1,S0503,4,positive,0.9458,3.0,
S0503,2,S0503,3,positive,0.865,1.0,
S0503,2,S0503,4,positive,0.8234,2.0,
S0503,2,S0503,5,positive,0.8937,3.0,
S0503,4,S0503,8,positive,0.8373,4.0,
S0504,1,S0504,3,positive,0.9181,2.0,
S0504,1,S0504,6,positive,0.8466,5.0,
S0504,2,S0504,7,positive,0.6814,5.0,
S0504,2,S0504,8,positive,0.7669,6.0,
S0504,3,S0504,7,positive,0.8084,4.0,
S0504,3,S0504,8,positive,0.7402,5.0,
S0504,4,S0504,5,positive,0.9373,1.0,
S0504,4,S0504,7,positive,0.8751,3.0,
S0505,1,S0505,6,positive,0.7526,5.0,
S0505,1,S0505,8,positive,0.7761,7.0,
S0505,2,S0505,4,positive,0.9255,2.0,
S0505,2,S0505,5,positive,0.7623,3.0,
S0505,3,S0505,8,positive,0.8418,5.0,
S0505,4,S0505,5,positive,0.9497,1.0,
S0505,4,S0505,6,positive,0.8113,2.0,
S0505,5,S0505,7,positive,0.8591,2.0,
S0506,1,S0506,3,positive,0.95,2.0,
S0506,2,S0506,7,positive,0.8294,5.0,
S0506,3,S0506,6,positive,0.8564,3.0,
S0506,4,S0506,6,positive,0.9454,2.0,
S0506,5,S0506,6,positive,0.95,1.0,
S0506,5,S0506,8,positive,0.841,3.0,
S0506,6,S0506,8,positive,0.8538,2.0,
S0507,1,S0507,6,positive,0.8407,5.0,
S0507,2,S0507,3,positive,0.9438,1.0,
S0507,2,S0507,5,positive,0.8784,3.0,
S0507,3,S0507,5,positive,0.8723,2.0,
S0507,3,S0507,8,positive,0.7846,5.0,
S0507,4,S0507,7,positive,0.914,3.0,
S0507,4,S0507,8,positive,0.8923,4.0,
S0507,6,S0507,7,positive,0.9322,1.0,
S0507,7,S0507,8,positive,0.8573,1.0,
S0508,1,S0508,2,positive,0.8541,1.0,
S0508,2,S0508,6,positive,0.7574,4.0,
S0508,4,S0508,8,positive,0.7144,4.0,
S0508,5,S0508,6,positive,0.95,1.0,
S0509,1,S0509,4,positive,0.9202,3.0,
S0509,1,S0509,6,positive,0.7329,5.0,
S0509,1,S0509,7,positive,0.7991,6.0,
S0509,2,S0509,5,positive,0.7826,3.0,
S0509,2,S0509,8,positive,0.6702,6.0,
S0509,3,S0509,4,positive,0.9318,1.0,
S0509,3,S0509,7,positive,0.7239,4.0,
S0509,5,S0509,8,positive,0.7663,3.0,
S0509,6,S0509,8,positive,0.8481,2.0,
S0509,7,S0509,8,positive,0.8549,1.0,
S0510,1,S0510,3,positive,0.9398,2.0,
S0510,1,S0510,5,positive,0.8931,4.0,
S0510,1,S0510,6,positive,0.7153,5.0,
S0510,1,S0510,7,positive,0.7471,6.0,
S0510,2,S0510,6,positive,0.746,4.0,
S0510,2,S0510,8,positive,0.6571,6.0,
S0510,3,S0510,6,positive,0.8625,3.0,
S0510,3,S0510,7,positive,0.8784,4.0,
S0510,6,S0510,7,positive,0.95,1.0,
S0510,6,S0510,8,positive,0.9472,2.0,
S0511,2,S0511,4,positive,0.8158,2.0,
S0511,3,S0511,8,positive,0.6531,5.0,
S0511,4,S0511,7,positive,0.8844,3.0,
S0511,6,S0511,7,positive,0.95,1.0,
S0511,6,S0511,8,positive,0.8982,2.0,
S0511,7,S0511,8,positive,0.9418,1.0,
S0512,2,S0512,4,positive,0.8213,2.0,
S0512,2,S0512,5,positive,0.7522,3.0,
S0512,2,S0512,7,positive,0.7149,5.0,
S0512,3,S0512,7,positive,0.7549,4.0,
S0512,3,S0512,8,positive,0.7244,5.0,
S0512,4,S0512,6,positive,0.9064,2.0,
S0512,4,S0512,8,positive,0.7631,4.0,
S0512,5,S0512,6,positive,0.9287,1.0,
S0512,5,S0512,7,positive,0.8554,2.0,
S0512,6,S0512,8,positive,0.95,2.0,
S0512,7,S0512,8,positive,0.8586,1.0,
S0513,1,S0513,5,positive,0.8532,4.0,
S0513,1,S0513,8,positive,0.763,7.0,
S0513,2,S0513,7,positive,0.7387,5.0,
S0513,3,S0513,5,positive,0.9486,2.0,
S0513,3,S0513,8,positive,0.831,5.0,
S0513,4,S0513,7,positive,0.8448,3.0,
S0513,5,S0513,7,positive,0.95,2.0,
S0513,5,S0513,8,positive,0.7749,3.0,
S0514,3,S0514,5,positive,0.862,2.0,
S0514,5,S0514,6,positive,0.95,1.0,
S0514,5,S0514,8,positive,0.784,3.0,
S0514,6,S0514,8,positive,0.8135,2.0,
S0515,1,S0515,8,positive,0.7077,7.0,
S0515,2,S0515,6,positive,0.8441,4.0,
S0515,3,S0515,7,positive,0.8456,4.0,
S0515,3,S0515,8,positive,0.6515,5.0,
S0515,4,S0515,6,positive,0.8719,2.0,
S0515,5,S0515,6,positive,0.95,1.0,
S0515,5,S0515,7,positive,0.8054,2.0,
S0515,6,S0515,8,positive,0.8854,2.0,
S0516,1,S0516,3,positive,0.8988,2.0,
S0516,1,S0516,6,positive,0.8072,5.0,
S0516,1,S0516,7,positive,0.6374,6.0,
S0516,1,S0516,8,positive,0.758,7.0,
S0516,2,S0516,4,positive,0.95,2.0,
S0516,2,S0516,6,positive,0.887,4.0,
S0516,3,S0516,8,positive,0.6961,5.0,
S0516,4,S0516,5,positive,0.95,1.0,
S0516,5,S0516,7,positive,0.8331,2.0,
S0516,5,S0516,8,positive,0.8183,3.0,
S0517,1,S0517,2,positive,0.8696,1.0,
S0517,1,S0517,3,positive,0.95,2.0,
S0517,2,S0517,4,positive,0.95,2.0,
S0517,2,S0517,7,positive,0.7242,5.0,
S0517,3,S0517,6,positive,0.8957,3.0,
S0517,4,S0517,6,positive,0.8157,2.0,
S0517,6,S0517,8,positive,0.8192,2.0,
S0518,1,S0518,2,positive,0.9137,1.0,
S0518,1,S0518,4,positive,0.7795,3.0,
S0518,1,S0518,8,positive,0.6131,7.0,
S0518,2,S0518,3,positive,0.9468,1.0,
S0518,2,S0518,4,positive,0.95,2.0,
S0518,2,S0518,7,positive,0.7822,5.0,
S0518,3,S0518,6,positive,0.8013,3.0,
S0518,3,S0518,7,positive,0.8925,4.0,
S0518,3,S0518,8,positive,0.8112,5.0,
S0518,4,S0518,6,positive,0.9136,2.0,
S0518,6,S0518,8,positive,0.9284,2.0,
S0519,1,S0519,4,positive,0.839,3.0,
S0519,2,S0519,5,positive,0.8273,3.0,
S0519,2,S0519,6,positive,0.8247,4.0,
S0519,3,S0519,4,positive,0.9388,1.0,
S0519,3,S0519,6,positive,0.8702,3.0,
S0519,4,S0519,7,positive,0.7943,3.0,
S0519,4,S0519,8,positive,0.7497,4.0,
S0519,5,S0519,7,positive,0.95,2.0,
S0520,1,S0520,3,positive,0.8203,2.0,
S0520,2,S0520,5,positive,0.914,3.0,
S0520,2,S0520,6,positive,0.7837,4.0,
S0520,2,S0520,8,positive,0.7855,6.0,
S0520,3,S0520,5,positive,0.95,2.0,
S0520,3,S0520,8,positive,0.7215,5.0,
S0520,4,S0520,8,positive,0.802,4.0,
S0520,5,S0520,6,positive,0.8551,1.0,
S0521,1,S0521,3,positive,0.9276,2.0,
S0521,1,S0521,5,positive,0.7403,4.0,
S0521,2,S0521,3,positive,0.8866,1.0,
S0521,2,S0521,4,positive,0.95,2.0,
S0521,2,S0521,5,positive,0.8393,3.0,
S0521,2,S0521,7,positive,0.8056,5.0,
S0521,3,S0521,7,positive,0.7542,4.0,
S0521,4,S0521,5,positive,0.95,1.0,
S0521,4,S0521,7,positive,0.9387,3.0,
S0521,4,S0521,8,positive,0.789,4.0,
S0522,1,S0522,2,positive,0.8678,1.0,
S0522,1,S0522,3,positive,0.8904,2.0,
S0522,2,S0522,6,positive,0.7594,4.0,
S0522,2,S0522,7,positive,0.6541,5.0,
S0522,3,S0522,6,positive,0.89,3.0,
S0522,3,S0522,7,positive,0.8191,4.0,
S0522,3,S0522,8,positive,0.806,5.0,
S0522,4,S0522,6,positive,0.901,2.0,
S0522,5,S0522,6,positive,0.95,1.0,
S0522,6,S0522,7,positive,0.8619,1.0,
S0522,7,S0522,8,positive,0.95,1.0,
S0523,1,S0523,5,positive,0.895,4.0,
S0523,1,S0523,7,positive,0.7051,6.0,
S0523,2,S0523,4,positive,0.8762,2.0,
S0523,2,S0523,7,positive,0.6837,5.0,
S0523,3,S0523,6,positive,0.8819,3.0,
S0523,4,S0523,5,positive,0.95,1.0,
S0523,6,S0523,8,positive,0.95,2.0,
S0523,7,S0523,8,positive,0.95,1.0,
S0524,1,S0524,4,positive,0.9145,3.0,
S0524,1,S0524,8,positive,0.6636,7.0,
S0524,2,S0524,6,positive,0.7809,4.0,
S0524,3,S0524,4,positive,0.9082,1.0,
S0524,4,S0524,5,positive,0.9082,1.0,
S0524,4,S0524,6,positive,0.8917,2.0,
S0524,4,S0524,7,positive,0.8356,3.0,
S0524,4,S0524,8,positive,0.7806,4.0,
S0524,5,S0524,6,positive,0.95,1.0,
S0524,5,S0524,7,positive,0.8311,2.0,
S0524,5,S0524,8,positive,0.7806,3.0,
S0524,6,S0524,7,positive,0.95,1.0,
S0524,7,S0524,8,positive,0.8726,1.0,
S0525,1,S0525,2,positive,0.95,1.0,
S0525,2,S0525,3,positive,0.9221,1.0,
S0525,2,S0525,4,positive,0.9116,2.0,
S0525,2,S0525,7,positive,0.6865,5.0,
S0525,4,S0525,8,positive,0.7966,4.0,
S0526,1,S0526,3,positive,0.9154,2.0,
S0526,1,S0526,6,positive,0.6504,5.0,
S0526,1,S0526,8,positive,0.729,7.0,
S0526,2,S0526,4,positive,0.95,2.0,
S0526,2,S0526,5,positive,0.8651,3.0,
S0526,3,S0526,5,positive,0.95,2.0,
S0526,3,S0526,7,positive,0.8231,4.0,
S0526,3,S0526,8,positive,0.8082,5.0,
S0526,4,S0526,8,positive,0.7005,4.0,
S0527,1,S0527,4,positive,0.94,3.0,
S0527,2,S0527,4,positive,0.8088,2.0,
S0527,2,S0527,5,positive,0.8139,3.0,
S0527,3,S0527,4,positive,0.95,1.0,
S0527,3,S0527,6,positive,0.9471,3.0,
S0527,3,S0527,7,positive,0.7486,4.0,
S0527,5,S0527,7,positive,0.8103,2.0,
S0527,6,S0527,8,positive,0.95,2.0,
S0528,1,S0528,7,positive,0.7044,6.0,
S0528,1,S0528,8,positive,0.6732,7.0,
S0528,2,S0528,5,positive,0.9275,3.0,
S0528,2,S0528,8,positive,0.7158,6.0,
S0528,6,S0528,7,positive,0.8825,1.0,
S0529,1,S0529,3,positive,0.9274,2.0,
S0529,1,S0529,4,positive,0.8122,3.0,
S0529,1,S0529,5,positive,0.7873,4.0,
S0529,1,S0529,6,positive,0.7145,5.0,
S0529,1,S0529,8,positive,0.7282,7.0,
S0529,2,S0529,5,positive,0.8311,3.0,
S0529,3,S0529,7,positive,0.7432,4.0,
S0529,4,S0529,8,positive,0.8908,4.0,
S0529,5,S0529,6,positive,0.95,1.0,
S0529,5,S0529,7,positive,0.9063,2.0,
S0529,6,S0529,8,positive,0.9298,2.0,
S0530,1,S0530,4,positive,0.8396,3.0,
S0530,1,S0530,8,positive,0.6651,7.0,
S0530,3,S0530,7,positive,0.8626,4.0,
S0530,4,S0530,8,positive,0.7135,4.0,
S0530,7,S0530,8,positive,0.898,1.0,
S0531,1,S0531,7,positive,0.6486,6.0,
S0531,2,S0531,8,positive,0.6579,6.0,
S0531,3,S0531,5,positive,0.9222,2.0,
S0531,3,S0531,7,positive,0.7542,4.0,
S0531,4,S0531,5,positive,0.945,1.0,
S0531,4,S0531,7,positive,0.8183,3.0,
S0531,5,S0531,7,positive,0.9456,2.0,
S0531,5,S0531,8,positive,0.7992,3.0,
S0532,1,S0532,4,positive,0.8885,3.0,
S0532,2,S0532,5,positive,0.8979,3.0,
S0532,2,S0532,6,positive,0.8866,4.0,
S0532,3,S0532,4,positive,0.8974,1.0,
S0532,3,S0532,6,positive,0.7612,3.0,
S0532,4,S0532,5,positive,0.9054,1.0,
S0532,4,S0532,6,positive,0.9261,2.0,
S0532,6,S0532,8,positive,0.8681,2.0,
S0533,2,S0533,5,positive,0.8988,3.0,
S0533,2,S0533,6,positive,0.8007,4.0,
S0533,3,S0533,4,positive,0.8501,1.0,
S0533,4,S0533,6,positive,0.8996,2.0,
S0533,5,S0533,7,positive,0.9396,2.0,
S0533,6,S0533,8,positive,0.8225,2.0,
S0534,1,S0534,3,positive,0.8237,2.0,
S0534,1,S0534,6,positive,0.7874,5.0,
S0534,1,S0534,7,positive,0.724,6.0,
S0534,2,S0534,4,positive,0.9499,2.0,
S0534,3,S0534,8,positive,0.6632,5.0,
S0534,4,S0534,5,positive,0.898,1.0,
S0534,4,S0534,6,positive,0.95,2.0,
S0534,4,S0534,8,positive,0.8508,4.0,
S0534,5,S0534,8,positive,0.8152,3.0,
S0535,1,S0535,8,positive,0.6525,7.0,
S0535,2,S0535,3,positive,0.866,1.0,
S0535,2,S0535,8,positive,0.6048,6.0,
S0535,3,S0535,4,positive,0.95,1.0,
S0535,3,S0535,5,positive,0.8799,2.0,
S0535,3,S0535,8,positive,0.7669,5.0,
S0535,4,S0535,6,positive,0.8407,2.0,
S0535,7,S0535,8,positive,0.95,1.0,
S0536,1,S0536,2,positive,0.889,1.0,
S0536,1,S0536,3,positive,0.8723,2.0,
S0536,1,S0536,5,positive,0.8357,4.0,
S0536,1,S0536,7,positive,0.6117,6.0,
S0536,2,S0536,8,positive,0.7745,6.0,
S0536,4,S0536,6,positive,0.95,2.0,
S0536,4,S0536,8,positive,0.8088,4.0,
S0536,7,S0536,8,positive,0.95,1.0,
S0537,1,S0537,3,positive,0.8314,2.0,
S0537,1,S0537,5,positive,0.7663,4.0,
S0537,1,S0537,8,positive,0.6144,7.0,
S0537,2,S0537,4,positive,0.9452,2.0,
S0537,2,S0537,7,positive,0.7672,5.0,
S0537,2,S0537,8,positive,0.7682,6.0,
S0537,3,S0537,4,positive,0.9213,1.0,
S0537,3,S0537,7,positive,0.7644,4.0,
S0537,4,S0537,6,positive,0.9083,2.0,
S0537,4,S0537,7,positive,0.9266,3.0,
S0537,5,S0537,8,positive,0.8836,3.0,
S0538,1,S0538,2,positive,0.95,1.0,
S0538,1,S0538,6,positive,0.7158,5.0,
S0538,1,S0538,8,positive,0.6717,7.0,
S0538,3,S0538,4,positive,0.9028,1.0,
S0538,3,S0538,5,positive,0.95,2.0,
S0538,3,S0538,6,positive,0.7667,3.0,
S0538,3,S0538,7,positive,0.7034,4.0,
S0538,4,S0538,6,positive,0.8287,2.0,
S0538,4,S0538,7,positive,0.8935,3.0,
S0538,5,S0538,7,positive,0.8432,2.0,
S0538,5,S0538,8,positive,0.8936,3.0,
S0538,6,S0538,7,positive,0.95,1.0,
S0538,7,S0538,8,positive,0.8763,1.0,
S0539,1,S0539,4,positive,0.7907,3.0,
S0539,1,S0539,5,positive,0.7008,4.0,
S0539,2,S0539,5,positive,0.8918,3.0,
S0539,3,S0539,4,positive,0.95,1.0,
S0539,3,S0539,5,positive,0.8209,2.0,
S0539,4,S0539,5,positive,0.95,1.0,
S0539,4,S0539,6,positive,0.9454,2.0,
S0539,4,S0539,7,positive,0.7563,3.0,
S0539,4,S0539,8,positive,0.7181,4.0,
S0539,5,S0539,6,positive,0.8523,1.0,
S0539,5,S0539,8,positive,0.9424,3.0,
S0539,6,S0539,7,positive,0.95,1.0,
S0539,7,S0539,8,positive,0.95,1.0,
S0540,1,S0540,2,positive,0.95,1.0,
S0540,1,S0540,5,positive,0.7569,4.0,
S0540,1,S0540,6,positive,0.8193,5.0,
S0540,2,S0540,4,positive,0.8508,2.0,
S0540,2,S0540,8,positive,0.7376,6.0,
S0540,3,S0540,4,positive,0.8705,1.0,
S0540,3,S0540,6,positive,0.8443,3.0,
S0540,3,S0540,7,positive,0.7471,4.0,
S0540,3,S0540,8,positive,0.8315,5.0,
S0540,4,S0540,7,positive,0.7543,3.0,
S0540,4,S0540,8,positive,0.7882,4.0,
S0540,5,S0540,7,positive,0.9154,2.0,
S0540,6,S0540,7,positive,0.8894,1.0,
S0540,7,S0540,8,positive,0.9422,1.0,
S0541,1,S0541,5,positive,0.8259,4.0,
S0541,1,S0541,7,positive,0.76,6.0,
S0541,2,S0541,4,positive,0.8815,2.0,
S0541,2,S0541,8,positive,0.6142,6.0,
S0541,3,S0541,4,positive,0.9466,1.0,
S0541,3,S0541,6,positive,0.8744,3.0,
S0541,5,S0541,7,positive,0.95,2.0,
S0541,6,S0541,7,positive,0.931,1.0,
S0542,1,S0542,3,positive,0.9425,2.0,
S0542,2,S0542,4,positive,0.8083,2.0,
S0542,2,S0542,7,positive,0.8393,5.0,
S0542,3,S0542,6,positive,0.8558,3.0,
S0542,3,S0542,7,positive,0.7957,4.0,
S0542,4,S0542,5,positive,0.9441,1.0,
S0542,6,S0542,7,positive,0.9007,1.0,
S0542,6,S0542,8,positive,0.906,2.0,
S0542,7,S0542,8,positive,0.9246,1.0,
S0543,1,S0543,2,positive,0.9425,1.0,
S0543,1,S0543,3,positive,0.95,2.0,
S0543,1,S0543,7,positive,0.7103,6.0,
S0543,1,S0543,8,positive,0.7342,7.0,
S0543,2,S0543,3,positive,0.95,1.0,
S0543,2,S0543,4,positive,0.8449,2.0,
S0543,3,S0543,6,positive,0.834,3.0,
S0543,3,S0543,7,positive,0.7751,4.0,
S0543,4,S0543,7,positive,0.8791,3.0,
S0543,4,S0543,8,positive,0.8328,4.0,
S0544,1,S0544,4,positive,0.9367,3.0,
S0544,1,S0544,8,positive,0.649,7.0,
S0544,2,S0544,5,positive,0.9373,3.0,
S0544,2,S0544,6,positive,0.8863,4.0,
S0544,2,S0544,8,positive,0.6931,6.0,
S0544,4,S0544,8,positive,0.7524,4.0,
S0544,5,S0544,7,positive,0.95,2.0,
S0544,5,S0544,8,positive,0.7887,3.0,
S0544,6,S0544,7,positive,0.9194,1.0,
S0544,6,S0544,8,positive,0.8272,2.0,
S0545,1,S0545,4,positive,0.7655,3.0,
S0545,1,S0545,6,positive,0.7613,5.0,
S0545,2,S0545,4,positive,0.8153,2.0,
S0545,3,S0545,8,positive,0.6871,5.0,
S0545,4,S0545,5,positive,0.899,1.0,
S0545,4,S0545,6,positive,0.8392,2.0,
S0545,5,S0545,7,positive,0.8537,2.0,
S0546,1,S0546,2,positive,0.95,1.0,
S0546,2,S0546,3,positive,0.95,1.0,
S0546,2,S0546,5,positive,0.7504,3.0,
S0546,2,S0546,7,positive,0.6696,5.0,
S0546,4,S0546,6,positive,0.8628,2.0,
S0546,4,S0546,8,positive,0.8344,4.0,
S0546,5,S0546,6,positive,0.95,1.0,
S0546,5,S0546,8,positive,0.8905,3.0,
S0546,6,S0546,7,positive,0.8888,1.0,
S0546,7,S0546,8,positive,0.95,1.0,
S0547,1,S0547,6,positive,0.7126,5.0,
S0547,2,S0547,3,positive,0.95,1.0,
S0547,3,S0547,4,positive,0.9165,1.0,
S0547,3,S0547,6,positive,0.7628,3.0,
S0547,4,S0547,7,positive,0.8478,3.0,
S0547,5,S0547,6,positive,0.9182,1.0,
S0547,5,S0547,8,positive,0.7991,3.0,
S0548,1,S0548,3,positive,0.95,2.0,
S0548,1,S0548,6,positive,0.8061,5.0,
S0548,2,S0548,4,positive,0.95,2.0,
S0548,2,S0548,5,positive,0.9247,3.0,
S0548,2,S0548,6,positive,0.855,4.0,
S0548,2,S0548,7,positive,0.6672,5.0,
S0548,2,S0548,8,positive,0.7734,6.0,
S0548,3,S0548,4,positive,0.95,1.0,
S0548,4,S0548,5,positive,0.9421,1.0,
S0548,4,S0548,6,positive,0.8499,2.0,
S0548,4,S0548,7,positive,0.7922,3.0,
S0548,4,S0548,8,positive,0.8179,4.0,
S0548,5,S0548,6,positive,0.95,1.0,
S0548,5,S0548,7,positive,0.95,2.0,
S0548,6,S0548,7,positive,0.95,1.0,
S0548,6,S0548,8,positive,0.9213,2.0,
S0548,7,S0548,8,positive,0.95,1.0,
S0549,1,S0549,4,positive,0.8291,3.0,
S0549,1,S0549,6,positive,0.7462,5.0,
S0549,2,S0549,7,positive,0.8253,5.0,
S0549,3,S0549,5,positive,0.857,2.0,
S0549,3,S0549,7,positive,0.8153,4.0,
S0549,3,S0549,8,positive,0.7527,5.0,
S0549,4,S0549,6,positive,0.8671,2.0,
S0549,5,S0549,8,positive,0.8002,3.0,
S0550,1,S0550,2,positive,0.9033,1.0,
S0550,1,S0550,3,positive,0.9239,2.0,
S0550,1,S0550,4,positive,0.86,3.0,
S0550,1,S0550,5,positive,0.8739,4.0,
S0550,1,S0550,7,positive,0.658,6.0,
S0550,1,S0550,8,positive,0.6132,7.0,
S0550,2,S0550,4,positive,0.8034,2.0,
S0550,2,S0550,6,positive,0.7791,4.0,
S0550,4,S0550,5,positive,0.8568,1.0,
S0550,5,S0550,8,positive,0.9269,3.0,
S0550,6,S0550,8,positive,0.911,2.0,
S0550,7,S0550,8,positive,0.8748,1.0,
S0551,1,S0551,6,positive,0.8401,5.0,
S0551,1,S0551,7,positive,0.7835,6.0,
S0551,1,S0551,8,positive,0.7461,7.0,
S0551,2,S0551,5,positive,0.9395,3.0,
S0551,2,S0551,8,positive,0.6193,6.0,
S0551,3,S0551,6,positive,0.8099,3.0,
S0551,3,S0551,8,positive,0.7723,5.0,
S0551,4,S0551,6,positive,0.8639,2.0,
S0551,7,S0551,8,positive,0.95,1.0,
S0552,1,S0552,3,positive,0.95,2.0,
S0552,1,S0552,7,positive,0.68,6.0,
S0552,2,S0552,7,positive,0.6703,5.0,
S0552,3,S0552,5,positive,0.8202,2.0,
S0552,4,S0552,6,positive,0.886,2.0,
S0553,1,S0553,2,positive,0.95,1.0,
S0553,1,S0553,3,positive,0.926,2.0,
S0553,1,S0553,5,positive,0.8274,4.0,
S0553,1,S0553,6,positive,0.8161,5.0,
S0553,2,S0553,4,positive,0.9259,2.0,
S0553,2,S0553,5,positive,0.759,3.0,
S0553,2,S0553,6,positive,0.8801,4.0,
S0553,2,S0553,7,positive,0.8027,5.0,
S0553,3,S0553,4,positive,0.95,1.0,
S0553,4,S0553,8,positive,0.7338,4.0,
S0554,1,S0554,2,positive,0.95,1.0,
S0554,1,S0554,5,positive,0.8844,4.0,
S0554,2,S0554,3,positive,0.9445,1.0,
S0554,2,S0554,4,positive,0.95,2.0,
S0555,1,S0555,2,positive,0.95,1.0,
S0555,1,S0555,3,positive,0.8682,2.0,
S0555,1,S0555,4,positive,0.9185,3.0,
S0555,1,S0555,5,positive,0.8391,4.0,
S0555,2,S0555,3,positive,0.95,1.0,
S0555,2,S0555,7,positive,0.7896,5.0,
S0555,3,S0555,6,positive,0.7627,3.0,
S0555,5,S0555,7,positive,0.9286,2.0,
S0555,5,S0555,8,positive,0.8323,3.0,
S0556,1,S0556,4,positive,0.9175,3.0,
S0556,2,S0556,5,positive,0.795,3.0,
S0556,2,S0556,8,positive,0.7811,6.0,
S0556,3,S0556,8,positive,0.7532,5.0,
S0556,4,S0556,8,positive,0.7864,4.0,
S0556,6,S0556,7,positive,0.9386,1.0,
S0557,1,S0557,2,positive,0.95,1.0,
S0557,1,S0557,5,positive,0.8103,4.0,
S0557,2,S0557,4,positive,0.8922,2.0,
S0557,2,S0557,8,positive,0.6935,6.0,
S0557,3,S0557,4,positive,0.95,1.0,
S0557,3,S0557,5,positive,0.944,2.0,
S0557,4,S0557,5,positive,0.9342,1.0,
S0557,4,S0557,6,positive,0.8697,2.0,
S0557,4,S0557,7,positive,0.8729,3.0,
S0558,1,S0558,6,positive,0.8243,5.0,
S0558,1,S0558,7,positive,0.6487,6.0,
S0558,2,S0558,5,positive,0.8711,3.0,
S0558,4,S0558,6,positive,0.8522,2.0,
S0558,5,S0558,7,positive,0.92,2.0,
S0558,5,S0558,8,positive,0.9154,3.0,
S0558,6,S0558,7,positive,0.95,1.0,
S0558,7,S0558,8,positive,0.95,1.0,
S0559,1,S0559,5,positive,0.8028,4.0,
S0559,3,S0559,5,positive,0.8691,2.0,
S0559,3,S0559,8,positive,0.8462,5.0,
S0559,4,S0559,7,positive,0.866,3.0,
S0559,5,S0559,7,positive,0.9388,2.0,
S0559,7,S0559,8,positive,0.95,1.0,
S0560,1,S0560,4,positive,0.9106,3.0,
S0560,1,S0560,6,positive,0.7098,5.0,
S0560,2,S0560,3,positive,0.95,1.0,
S0560,2,S0560,8,positive,0.7161,6.0,
S0560,3,S0560,4,positive,0.9479,1.0,
S0560,3,S0560,5,positive,0.8531,2.0,
S0560,5,S0560,8,positive,0.8366,3.0,
S0561,1,S0561,4,positive,0.8522,3.0,
S0561,2,S0561,3,positive,0.95,1.0,
S0561,2,S0561,5,positive,0.8093,3.0,
S0561,2,S0561,6,positive,0.8283,4.0,
S0561,3,S0561,5,positive,0.8569,2.0,
S0561,4,S0561,5,positive,0.95,1.0,
S0561,4,S0561,7,positive,0.7594,3.0,
S0561,4,S0561,8,positive,0.7958,4.0,
S0561,5,S0561,8,positive,0.7715,3.0,
S0561,6,S0561,7,positive,0.8736,1.0,
S0562,1,S0562,4,positive,0.9176,3.0,
S0562,1,S0562,5,positive,0.7817,4.0,
S0562,1,S0562,7,positive,0.7696,6.0,
S0562,2,S0562,4,positive,0.95,2.0,
S0562,2,S0562,6,positive,0.8462,4.0,
S0562,2,S0562,7,positive,0.7081,5.0,
S0562,3,S0562,4,positive,0.95,1.0,
S0562,4,S0562,5,positive,0.95,1.0,
S0562,4,S0562,7,positive,0.8895,3.0,
S0562,5,S0562,7,positive,0.8429,2.0,
S0562,5,S0562,8,positive,0.9402,3.0,
S0562,6,S0562,7,positive,0.95,1.0,
S0562,6,S0562,8,positive,0.9079,2.0,
S0562,7,S0562,8,positive,0.95,1.0,
S0563,1,S0563,2,positive,0.95,1.0,
S0563,1,S0563,4,positive,0.8256,3.0,
S0563,1,S0563,5,positive,0.7875,4.0,
S0563,1,S0563,8,positive,0.7655,7.0,
S0563,2,S0563,3,positive,0.8848,1.0,
S0563,2,S0563,4,positive,0.892,2.0,
S0563,3,S0563,4,positive,0.8751,1.0,
S0563,3,S0563,6,positive,0.8799,3.0,
S0564,1,S0564,4,positive,0.7503,3.0,
S0564,1,S0564,5,positive,0.732,4.0,
S0564,1,S0564,7,positive,0.6448,6.0,
S0564,2,S0564,3,positive,0.9187,1.0,
S0564,2,S0564,4,positive,0.8635,2.0,
S0564,2,S0564,6,positive,0.8174,4.0,
S0564,3,S0564,5,positive,0.9342,2.0,
S0564,5,S0564,6,positive,0.8717,1.0,
S0564,7,S0564,8,positive,0.95,1.0,
S0565,1,S0565,8,positive,0.7183,7.0,
S0565,2,S0565,8,positive,0.6531,6.0,
S0565,4,S0565,5,positive,0.8718,1.0,
S0565,4,S0565,6,positive,0.95,2.0,
S0565,5,S0565,7,positive,0.824,2.0,
S0565,7,S0565,8,positive,0.8846,1.0,
S0566,1,S0566,3,positive,0.8909,2.0,
S0566,2,S0566,5,positive,0.8771,3.0,
S0566,2,S0566,6,positive,0.8829,4.0,
S0566,3,S0566,6,positive,0.8924,3.0,
S0566,3,S0566,7,positive,0.896,4.0,
S0566,4,S0566,8,positive,0.7824,4.0,
S0566,5,S0566,7,positive,0.95,2.0,
S0566,7,S0566,8,positive,0.9054,1.0,
S0567,1,S0567,4,positive,0.7883,3.0,
S0567,1,S0567,6,positive,0.6893,5.0,
S0567,2,S0567,6,positive,0.7816,4.0,
S0567,3,S0567,5,positive,0.9117,2.0,
S0567,3,S0567,7,positive,0.8308,4.0,
S0567,3,S0567,8,positive,0.6567,5.0,
S0567,4,S0567,5,positive,0.8512,1.0,
S0567,4,S0567,8,positive,0.7335,4.0,
S0567,5,S0567,6,positive,0.95,1.0,
S0567,6,S0567,7,positive,0.95,1.0,
S0568,1,S0568,4,positive,0.8662,3.0,
S0568,1,S0568,7,positive,0.6066,6.0,
S0568,3,S0568,4,positive,0.95,1.0,
S0568,4,S0568,8,positive,0.8705,4.0,
S0568,5,S0568,8,positive,0.8204,3.0,
S0568,6,S0568,8,positive,0.8941,2.0,
S0568,7,S0568,8,positive,0.8609,1.0,
S0569,1,S0569,3,positive,0.95,2.0,
S0569,1,S0569,7,positive,0.6161,6.0,
S0569,2,S0569,4,positive,0.809,2.0,
S0569,2,S0569,6,positive,0.7132,4.0,
S0569,3,S0569,5,positive,0.95,2.0,
S0569,3,S0569,6,positive,0.9332,3.0,
S0569,3,S0569,8,positive,0.712,5.0,
S0569,5,S0569,8,positive,0.8226,3.0,
S0569,6,S0569,7,positive,0.9456,1.0,
S0570,1,S0570,3,positive,0.8956,2.0,
S0570,3,S0570,6,positive,0.9055,3.0,
S0570,3,S0570,8,positive,0.6756,5.0,
S0571,1,S0571,4,positive,0.8311,3.0,
S0571,1,S0571,6,positive,0.7847,5.0,
S0571,2,S0571,3,positive,0.95,1.0,
S0571,2,S0571,4,positive,0.8508,2.0,
S0571,2,S0571,6,positive,0.8352,4.0,
S0571,4,S0571,7,positive,0.7776,3.0,
S0571,5,S0571,6,positive,0.8831,1.0,
S0571,5,S0571,7,positive,0.95,2.0,
S0571,6,S0571,8,positive,0.8021,2.0,
S0572,1,S0572,2,positive,0.95,1.0,
S0572,1,S0572,3,positive,0.8572,2.0,
S0572,2,S0572,3,positive,0.95,1.0,
S0572,2,S0572,7,positive,0.8275,5.0,
S0572,3,S0572,4,positive,0.8824,1.0,
S0572,3,S0572,5,positive,0.814,2.0,
S0572,3,S0572,6,positive,0.7993,3.0,
S0572,4,S0572,6,positive,0.8966,2.0,
S0572,5,S0572,8,positive,0.895,3.0,
S0572,7,S0572,8,positive,0.9347,1.0,
S0573,1,S0573,3,positive,0.8404,2.0,
S0573,1,S0573,7,positive,0.7367,6.0,
S0573,2,S0573,5,positive,0.7601,3.0,
S0573,3,S0573,5,positive,0.9325,2.0,
S0573,3,S0573,6,positive,0.8234,3.0,
S0573,4,S0573,5,positive,0.9461,1.0,
S0573,4,S0573,6,positive,0.95,2.0,
S0573,5,S0573,8,positive,0.8435,3.0,
S0573,6,S0573,8,positive,0.8924,2.0,
S0574,1,S0574,5,positive,0.7688,4.0,
S0574,1,S0574,6,positive,0.7304,5.0,
S0574,1,S0574,8,positive,0.7027,7.0,
S0574,2,S0574,5,positive,0.8895,3.0,
S0574,3,S0574,4,positive,0.8927,1.0,
S0574,3,S0574,6,positive,0.8157,3.0,
S0574,4,S0574,8,positive,0.8066,4.0,
S0574,5,S0574,7,positive,0.95,2.0,
S0574,6,S0574,7,positive,0.8688,1.0,
S0574,6,S0574,8,positive,0.8745,2.0,
S0575,1,S0575,5,positive,0.8496,4.0,
S0575,1,S0575,6,positive,0.7669,5.0,
S0575,3,S0575,7,positive,0.7582,4.0,
S0575,4,S0575,5,positive,0.95,1.0,
S0576,1,S0576,2,positive,0.8835,1.0,
S0576,1,S0576,6,positive,0.8108,5.0,
S0576,2,S0576,3,positive,0.8839,1.0,
S0576,2,S0576,4,positive,0.9155,2.0,
S0576,2,S0576,6,positive,0.7462,4.0,
S0576,2,S0576,7,positive,0.821,5.0,
S0576,3,S0576,4,positive,0.8639,1.0,
S0576,3,S0576,7,positive,0.8403,4.0,
S0576,3,S0576,8,positive,0.7618,5.0,
S0576,5,S0576,6,positive,0.8562,1.0,
S0576,5,S0576,7,positive,0.95,2.0,
S0577,1,S0577,5,positive,0.8873,4.0,
S0577,2,S0577,4,positive,0.8637,2.0,
S0577,2,S0577,5,positive,0.7548,3.0,
S0577,3,S0577,4,positive,0.95,1.0,
S0577,3,S0577,7,positive,0.8656,4.0,
S0577,5,S0577,6,positive,0.9481,1.0,
S0577,6,S0577,7,positive,0.9159,1.0,
S0578,1,S0578,7,positive,0.7908,6.0,
S0578,2,S0578,4,positive,0.8938,2.0,
S0578,2,S0578,5,positive,0.8287,3.0,
S0578,3,S0578,7,positive,0.8944,4.0,
S0578,3,S0578,8,positive,0.8098,5.0,
S0579,1,S0579,6,positive,0.7027,5.0,
S0579,1,S0579,7,positive,0.7641,6.0,
S0579,1,S0579,8,positive,0.6774,7.0,
S0579,2,S0579,3,positive,0.95,1.0,
S0579,2,S0579,5,positive,0.7518,3.0,
S0579,2,S0579,8,positive,0.6819,6.0,
S0579,3,S0579,4,positive,0.9223,1.0,
S0579,4,S0579,5,positive,0.943,1.0,
S0579,4,S0579,6,positive,0.9147,2.0,
S0579,5,S0579,6,positive,0.8591,1.0,
S0579,5,S0579,7,positive,0.8058,2.0,
S0579,5,S0579,8,positive,0.8399,3.0,
S0579,6,S0579,8,positive,0.95,2.0,
S0580,1,S0580,6,positive,0.7665,5.0,
S0580,2,S0580,4,positive,0.95,2.0,
S0580,2,S0580,8,positive,0.7456,6.0,
S0580,3,S0580,6,positive,0.8134,3.0,
S0580,5,S0580,8,positive,0.8422,3.0,
S0580,7,S0580,8,positive,0.9414,1.0,
S0581,1,S0581,3,positive,0.8959,2.0,
S0581,1,S0581,8,positive,0.6152,7.0,
S0581,4,S0581,5,positive,0.95,1.0,
S0581,5,S0581,6,positive,0.8605,1.0,
S0581,5,S0581,8,positive,0.8321,3.0,
S0582,1,S0582,2,positive,0.9273,1.0,
S0582,1,S0582,7,positive,0.6299,6.0,
S0582,2,S0582,5,positive,0.8718,3.0,
S0582,2,S0582,7,positive,0.7649,5.0,
S0582,2,S0582,8,positive,0.716,6.0,
S0582,3,S0582,6,positive,0.852,3.0,
S0582,3,S0582,7,positive,0.7136,4.0,
S0582,4,S0582,7,positive,0.8359,3.0,
S0583,1,S0583,4,positive,0.8777,3.0,
S0583,1,S0583,7,positive,0.6243,6.0,
S0583,2,S0583,5,positive,0.8507,3.0,
S0583,2,S0583,6,positive,0.7699,4.0,
S0583,3,S0583,4,positive,0.9409,1.0,
S0583,3,S0583,5,positive,0.95,2.0,
S0583,3,S0583,7,positive,0.8661,4.0,
S0583,4,S0583,5,positive,0.95,1.0,
S0583,4,S0583,8,positive,0.8718,4.0,
S0583,5,S0583,6,positive,0.95,1.0,
S0583,5,S0583,7,positive,0.9265,2.0,
S0583,6,S0583,7,positive,0.95,1.0,
S0583,7,S0583,8,positive,0.95,1.0,
S0584,1,S0584,4,positive,0.774,3.0,
S0584,1,S0584,6,positive,0.7883,5.0,
S0584,7,S0584,8,positive,0.95,1.0,
S0585,1,S0585,8,positive,0.7666,7.0,
S0585,2,S0585,3,positive,0.95,1.0,
S0585,3,S0585,4,positive,0.8692,1.0,
S0585,4,S0585,7,positive,0.8569,3.0,
S0585,5,S0585,6,positive,0.95,1.0,
S0585,5,S0585,8,positive,0.7989,3.0,
S0585,6,S0585,7,positive,0.938,1.0,
S0585,7,S0585,8,positive,0.95,1.0,
S0586,1,S0586,4,positive,0.8627,3.0,
S0586,1,S0586,8,positive,0.6991,7.0,
S0586,2,S0586,5,positive,0.9274,3.0,
S0586,2,S0586,7,positive,0.6586,5.0,
S0586,3,S0586,6,positive,0.8923,3.0,
S0586,4,S0586,7,positive,0.8047,3.0,
S0586,5,S0586,7,positive,0.95,2.0,
S0587,1,S0587,6,positive,0.7723,5.0,
S0587,1,S0587,8,positive,0.7898,7.0,
S0587,3,S0587,4,positive,0.9351,1.0,
S0587,3,S0587,6,positive,0.8075,3.0,
S0587,3,S0587,7,positive,0.7229,4.0,
S0587,3,S0587,8,positive,0.7441,5.0,
S0587,4,S0587,7,positive,0.7673,3.0,
S0587,4,S0587,8,positive,0.7745,4.0,
S0587,5,S0587,6,positive,0.9021,1.0,
S0588,3,S0588,4,positive,0.95,1.0,
S0588,4,S0588,6,positive,0.9167,2.0,
S0588,4,S0588,7,positive,0.9219,3.0,
S0588,4,S0588,8,positive,0.7848,4.0,
S0588,5,S0588,8,positive,0.8387,3.0,
S0588,6,S0588,7,positive,0.95,1.0,
S0589,1,S0589,3,positive,0.95,2.0,
S0589,1,S0589,4,positive,0.8862,3.0,
S0589,1,S0589,5,positive,0.706,4.0,
S0589,1,S0589,6,positive,0.6949,5.0,
S0589,1,S0589,8,positive,0.7898,7.0,
S0589,2,S0589,6,positive,0.8388,4.0,
S0589,2,S0589,8,positive,0.7224,6.0,
S0589,3,S0589,6,positive,0.8955,3.0,
S0589,3,S0589,8,positive,0.8405,5.0,
S0589,4,S0589,6,positive,0.95,2.0,
S0589,4,S0589,7,positive,0.7608,3.0,
S0589,4,S0589,8,positive,0.8203,4.0,
S0589,5,S0589,6,positive,0.95,1.0,
S0589,6,S0589,7,positive,0.8837,1.0,
S0589,6,S0589,8,positive,0.8286,2.0,
S0589,7,S0589,8,positive,0.9254,1.0,
S0590,2,S0590,3,positive,0.9413,1.0,
S0590,2,S0590,5,positive,0.7849,3.0,
S0590,2,S0590,7,positive,0.7855,5.0,
S0590,2,S0590,8,positive,0.7681,6.0,
S0590,3,S0590,7,positive,0.7722,4.0,
S0590,4,S0590,5,positive,0.95,1.0,
S0590,4,S0590,8,positive,0.7153,4.0,
S0591,2,S0591,6,positive,0.7993,4.0,
S0591,3,S0591,4,positive,0.95,1.0,
S0591,3,S0591,5,positive,0.8821,2.0,
S0591,3,S0591,8,positive,0.7127,5.0,
S0591,4,S0591,5,positive,0.8964,1.0,
S0591,4,S0591,8,positive,0.8242,4.0,
S0591,5,S0591,6,positive,0.95,1.0,
S0591,5,S0591,7,positive,0.9318,2.0,
S0591,5,S0591,8,positive,0.8701,3.0,
S0592,2,S0592,3,positive,0.9038,1.0,
S0592,2,S0592,4,positive,0.8519,2.0,
S0592,2,S0592,6,positive,0.8749,4.0,
S0592,2,S0592,8,positive,0.6908,6.0,
S0592,3,S0592,4,positive,0.9153,1.0,
S0592,3,S0592,5,positive,0.8904,2.0,
S0593,1,S0593,4,positive,0.9033,3.0,
S0593,2,S0593,5,positive,0.841,3.0,
S0593,2,S0593,8,positive,0.7912,6.0,
S0593,3,S0593,5,positive,0.8533,2.0,
S0593,3,S0593,6,positive,0.9407,3.0,
S0593,3,S0593,8,positive,0.846,5.0,
S0593,4,S0593,5,positive,0.95,1.0,
S0593,4,S0593,7,positive,0.8903,3.0,
S0593,5,S0593,6,positive,0.9441,1.0,
S0594,1,S0594,8,positive,0.7661,7.0,
S0594,3,S0594,6,positive,0.755,3.0,
S0594,3,S0594,8,positive,0.7725,5.0,
S0594,7,S0594,8,positive,0.95,1.0,
S0595,1,S0595,6,positive,0.7766,5.0,
S0595,2,S0595,7,positive,0.7133,5.0,
S0595,2,S0595,8,positive,0.657,6.0,
S0595,3,S0595,8,positive,0.7564,5.0,
S0595,4,S0595,8,positive,0.8878,4.0,
S0595,6,S0595,8,positive,0.884,2.0,
S0595,7,S0595,8,positive,0.95,1.0,
S0596,1,S0596,4,positive,0.9425,3.0,
S0596,1,S0596,7,positive,0.6116,6.0,
S0596,2,S0596,3,positive,0.8929,1.0,
S0596,2,S0596,6,positive,0.78,4.0,
S0596,3,S0596,5,positive,0.8105,2.0,
S0596,3,S0596,6,positive,0.9282,3.0,
S0596,4,S0596,8,positive,0.7857,4.0,
S0597,1,S0597,2,positive,0.8736,1.0,
S0597,1,S0597,5,positive,0.7773,4.0,
S0597,2,S0597,3,positive,0.8764,1.0,
S0597,2,S0597,4,positive,0.95,2.0,
S0597,2,S0597,7,positive,0.6796,5.0,
S0597,4,S0597,5,positive,0.8772,1.0,
S0597,4,S0597,7,positive,0.8686,3.0,
S0597,5,S0597,8,positive,0.753,3.0,
S0598,1,S0598,2,positive,0.9056,1.0,
S0598,2,S0598,6,positive,0.8303,4.0,
S0598,3,S0598,4,positive,0.8762,1.0,
S0598,4,S0598,7,positive,0.8931,3.0,
S0598,4,S0598,8,positive,0.7231,4.0,
S0598,5,S0598,6,positive,0.95,1.0,
S0599,1,S0599,2,positive,0.8702,1.0,
S0599,1,S0599,3,positive,0.8041,2.0,
S0599,1,S0599,5,positive,0.8887,4.0,
S0599,2,S0599,4,positive,0.8247,2.0,
S0599,2,S0599,5,positive,0.8388,3.0,
S0599,3,S0599,4,positive,0.9465,1.0,
S0599,3,S0599,5,positive,0.8097,2.0,
S0599,3,S0599,8,positive,0.806,5.0,
S0599,4,S0599,6,positive,0.95,2.0,
S0599,4,S0599,8,positive,0.7336,4.0,
S0599,6,S0599,8,positive,0.9187,2.0,
S0600,1,S0600,4,positive,0.8009,3.0,
S0600,1,S0600,6,positive,0.7607,5.0,
S0600,1,S0600,7,positive,0.7634,6.0,
S0600,2,S0600,4,positive,0.95,2.0,
S0600,2,S0600,5,positive,0.8751,3.0,
S0600,2,S0600,8,positive,0.6954,6.0,
S0600,3,S0600,5,positive,0.901,2.0,
S0600,3,S0600,8,positive,0.7114,5.0,
S0600,4,S0600,5,positive,0.95,1.0,
S0601,2,S0601,6,positive,0.7966,4.0,
S0601,2,S0601,8,positive,0.647,6.0,
S0601,4,S0601,5,positive,0.8635,1.0,
S0601,5,S0601,8,positive,0.7554,3.0,
S0601,7,S0601,8,positive,0.8752,1.0,
S0602,1,S0602,6,positive,0.6922,5.0,
S0602,2,S0602,3,positive,0.95,1.0,
S0602,2,S0602,7,positive,0.7333,5.0,
S0602,3,S0602,5,positive,0.95,2.0,
S0602,4,S0602,5,positive,0.95,1.0,
S0602,6,S0602,7,positive,0.95,1.0,
S0602,6,S0602,8,positive,0.95,2.0,
S0603,1,S0603,3,positive,0.8186,2.0,
S0603,1,S0603,4,positive,0.8051,3.0,
S0603,3,S0603,7,positive,0.8663,4.0,
S0603,4,S0603,6,positive,0.8574,2.0,
S0603,4,S0603,7,positive,0.8004,3.0,
S0603,5,S0603,6,positive,0.9061,1.0,
S0603,6,S0603,8,positive,0.9432,2.0,
S0604,1,S0604,2,positive,0.9084,1.0,
S0604,1,S0604,4,positive,0.8869,3.0,
S0604,1,S0604,5,positive,0.8437,4.0,
S0604,2,S0604,3,positive,0.8902,1.0,
S0604,2,S0604,6,positive,0.8952,4.0,
S0604,2,S0604,8,positive,0.7036,6.0,
S0604,3,S0604,8,positive,0.8105,5.0,
S0605,1,S0605,5,positive,0.8167,4.0,
S0605,2,S0605,6,positive,0.7035,4.0,
S0605,4,S0605,6,positive,0.95,2.0,
S0605,4,S0605,8,positive,0.7984,4.0,
S0605,7,S0605,8,positive,0.9289,1.0,
S0606,1,S0606,2,positive,0.8524,1.0,
S0606,1,S0606,5,positive,0.8694,4.0,
S0606,1,S0606,6,positive,0.6867,5.0,
S0606,2,S0606,5,positive,0.9204,3.0,
S0606,2,S0606,7,positive,0.7764,5.0,
S0606,3,S0606,5,positive,0.8681,2.0,
S0606,3,S0606,6,positive,0.776,3.0,
S0606,3,S0606,7,positive,0.7653,4.0,
S0606,4,S0606,5,positive,0.95,1.0,
S0606,6,S0606,8,positive,0.8254,2.0,
S0607,1,S0607,5,positive,0.8156,4.0,
S0607,1,S0607,8,positive,0.7777,7.0,
S0607,2,S0607,3,positive,0.875,1.0,
S0607,2,S0607,4,positive,0.9357,2.0,
S0607,2,S0607,8,positive,0.662,6.0,
S0607,6,S0607,7,positive,0.8602,1.0,
S0607,7,S0607,8,positive,0.95,1.0,
S0608,1,S0608,6,positive,0.7347,5.0,
S0608,1,S0608,8,positive,0.7606,7.0,
S0608,2,S0608,7,positive,0.8222,5.0,
S0608,3,S0608,6,positive,0.8971,3.0,
S0608,4,S0608,7,positive,0.8091,3.0,
S0608,5,S0608,7,positive,0.883,2.0,
S0608,5,S0608,8,positive,0.8784,3.0,
S0608,6,S0608,8,positive,0.9405,2.0,
S0608,7,S0608,8,positive,0.95,1.0,
S0609,1,S0609,5,positive,0.805,4.0,
S0609,1,S0609,7,positive,0.7705,6.0,
S0609,2,S0609,6,positive,0.7279,4.0,
S0609,2,S0609,8,positive,0.743,6.0,
S0609,5,S0609,7,positive,0.8305,2.0,
S0609,6,S0609,8,positive,0.95,2.0,
S0609,7,S0609,8,positive,0.95,1.0,
S0610,1,S0610,5,positive,0.7542,4.0,
S0610,1,S0610,6,positive,0.7967,5.0,
S0610,1,S0610,8,positive,0.6755,7.0,
S0610,2,S0610,6,positive,0.7523,4.0,
S0610,3,S0610,4,positive,0.95,1.0,
S0610,3,S0610,5,positive,0.95,2.0,
S0610,3,S0610,6,positive,0.8233,3.0,
S0610,3,S0610,8,positive,0.7931,5.0,
S0610,4,S0610,5,positive,0.9387,1.0,
S0610,4,S0610,8,positive,0.855,4.0,
S0611,1,S0611,6,positive,0.7874,5.0,
S0611,1,S0611,7,positive,0.6407,6.0,
S0611,2,S0611,3,positive,0.95,1.0,
S0611,2,S0611,8,positive,0.7139,6.0,
S0611,4,S0611,5,positive,0.8609,1.0,
S0611,5,S0611,6,positive,0.8672,1.0,
S0612,1,S0612,3,positive,0.9366,2.0,
S0612,1,S0612,4,positive,0.8232,3.0,
S0612,1,S0612,6,positive,0.6787,5.0,
S0612,1,S0612,8,positive,0.7406,7.0,
S0612,2,S0612,5,positive,0.7653,3.0,
S0612,3,S0612,5,positive,0.95,2.0,
S0612,3,S0612,6,positive,0.8377,3.0,
S0612,4,S0612,8,positive,0.7156,4.0,
S0612,6,S0612,7,positive,0.8795,1.0,
S0612,6,S0612,8,positive,0.9148,2.0,
S0613,1,S0613,2,positive,0.95,1.0,
S0613,1,S0613,4,positive,0.8481,3.0,
S0613,1,S0613,6,positive,0.6881,5.0,
S0613,1,S0613,7,positive,0.6512,6.0,
S0613,2,S0613,8,positive,0.7606,6.0,
S0613,3,S0613,6,positive,0.8226,3.0,
S0613,3,S0613,7,positive,0.8233,4.0,
S0613,3,S0613,8,positive,0.6809,5.0,
S0613,4,S0613,7,positive,0.8042,3.0,
S0613,5,S0613,7,positive,0.8527,2.0,
S0613,6,S0613,7,positive,0.8553,1.0,
S0613,7,S0613,8,positive,0.9189,1.0,
S0614,1,S0614,8,positive,0.608,7.0,
S0614,2,S0614,3,positive,0.8933,1.0,
S0614,2,S0614,7,positive,0.7978,5.0,
S0614,3,S0614,5,positive,0.95,2.0,
S0614,3,S0614,8,positive,0.715,5.0,
S0614,4,S0614,6,positive,0.8931,2.0,
S0614,4,S0614,8,positive,0.7365,4.0,
S0614,7,S0614,8,positive,0.8953,1.0,
S0615,1,S0615,3,positive,0.8946,2.0,
S0615,1,S0615,8,positive,0.7659,7.0,
S0615,2,S0615,5,positive,0.916,3.0,
S0615,2,S0615,7,positive,0.7235,5.0,
S0615,4,S0615,7,positive,0.9364,3.0,
S0615,6,S0615,7,positive,0.9092,1.0,
S0616,1,S0616,7,positive,0.6703,6.0,
S0616,1,S0616,8,positive,0.7891,7.0,
S0616,2,S0616,3,positive,0.9025,1.0,
S0616,2,S0616,7,positive,0.6762,5.0,
S0616,3,S0616,5,positive,0.9379,2.0,
S0616,3,S0616,8,positive,0.6796,5.0,
S0616,4,S0616,5,positive,0.95,1.0,
S0616,4,S0616,6,positive,0.8681,2.0,
S0616,4,S0616,7,positive,0.7706,3.0,
S0616,4,S0616,8,positive,0.8734,4.0,
S0616,5,S0616,8,positive,0.944,3.0,
S0617,1,S0617,2,positive,0.8972,1.0,
S0617,1,S0617,6,positive,0.7034,5.0,
S0617,2,S0617,3,positive,0.95,1.0,
S0617,2,S0617,5,positive,0.8711,3.0,
S0617,2,S0617,6,positive,0.8059,4.0,
S0617,2,S0617,8,positive,0.6121,6.0,
S0617,3,S0617,6,positive,0.8199,3.0,
S0617,3,S0617,7,positive,0.81,4.0,
S0617,4,S0617,6,positive,0.95,2.0,
S0617,4,S0617,7,positive,0.948,3.0,
S0617,5,S0617,6,positive,0.8969,1.0,
S0617,5,S0617,7,positive,0.9217,2.0,
S0617,5,S0617,8,positive,0.9159,3.0,
S0618,1,S0618,4,positive,0.9185,3.0,
S0618,1,S0618,7,positive,0.6073,6.0,
S0618,1,S0618,8,positive,0.675,7.0,
S0618,2,S0618,7,positive,0.673,5.0,
S0618,3,S0618,5,positive,0.91,2.0,
S0618,3,S0618,8,positive,0.7714,5.0,
S0618,4,S0618,5,positive,0.8748,1.0,
S0618,4,S0618,7,positive,0.8067,3.0,
S0618,4,S0618,8,positive,0.7063,4.0,
S0618,5,S0618,7,positive,0.8291,2.0,
S0618,5,S0618,8,positive,0.7861,3.0,
S0618,6,S0618,7,positive,0.95,1.0,
S0618,7,S0618,8,positive,0.9195,1.0,
S0619,1,S0619,2,positive,0.95,1.0,
S0619,1,S0619,6,positive,0.8396,5.0,
S0619,2,S0619,7,positive,0.6889,5.0,
S0619,3,S0619,6,positive,0.8251,3.0,
S0619,5,S0619,6,positive,0.95,1.0,
S0619,6,S0619,8,positive,0.885,2.0,
S0619,7,S0619,8,positive,0.8743,1.0,
S0620,1,S0620,2,positive,0.95,1.0,
S0620,1,S0620,5,positive,0.7627,4.0,
S0620,1,S0620,6,positive,0.6992,5.0,
S0620,1,S0620,7,positive,0.7669,6.0,
S0620,1,S0620,8,positive,0.6465,7.0,
S0620,2,S0620,4,positive,0.9171,2.0,
S0620,2,S0620,5,positive,0.8782,3.0,
S0620,2,S0620,6,positive,0.723,4.0,
S0620,2,S0620,8,positive,0.6433,6.0,
S0620,4,S0620,6,positive,0.9428,2.0,
S0620,5,S0620,6,positive,0.95,1.0,
S0620,5,S0620,7,positive,0.906,2.0,
S0620,5,S0620,8,positive,0.8152,3.0,
S0621,1,S0621,7,positive,0.6531,6.0,
S0621,2,S0621,7,positive,0.6634,5.0,
S0621,3,S0621,4,positive,0.8919,1.0,
S0621,3,S0621,6,positive,0.8586,3.0,
S0621,4,S0621,6,positive,0.95,2.0,
S0621,5,S0621,6,positive,0.95,1.0,
S0621,5,S0621,7,positive,0.8771,2.0,
S0621,7,S0621,8,positive,0.8913,1.0,
S0622,1,S0622,3,positive,0.8925,2.0,
S0622,1,S0622,5,positive,0.8318,4.0,
S0622,1,S0622,6,positive,0.7465,5.0,
S0622,2,S0622,3,positive,0.95,1.0,
S0622,2,S0622,5,positive,0.8345,3.0,
S0622,3,S0622,8,positive,0.7455,5.0,
S0622,6,S0622,8,positive,0.8546,2.0,
S0623,1,S0623,8,positive,0.6105,7.0,
S0623,2,S0623,4,positive,0.9248,2.0,
S0623,3,S0623,7,positive,0.8555,4.0,
S0623,3,S0623,8,positive,0.7903,5.0,
S0623,5,S0623,6,positive,0.9205,1.0,
S0623,5,S0623,7,positive,0.9297,2.0,
S0623,5,S0623,8,positive,0.9352,3.0,
S0623,6,S0623,8,positive,0.95,2.0,
S0624,1,S0624,2,positive,0.9272,1.0,
S0624,1,S0624,8,positive,0.6784,7.0,
S0624,2,S0624,5,positive,0.899,3.0,
S0624,2,S0624,6,positive,0.8898,4.0,
S0624,3,S0624,4,positive,0.95,1.0,
S0624,3,S0624,6,positive,0.8591,3.0,
S0624,3,S0624,8,positive,0.7987,5.0,
S0624,5,S0624,6,positive,0.95,1.0,
S0625,2,S0625,3,positive,0.9421,1.0,
S0625,2,S0625,7,positive,0.6795,5.0,
S0625,2,S0625,8,positive,0.6589,6.0,
S0625,4,S0625,8,positive,0.8827,4.0,
S0625,5,S0625,6,positive,0.869,1.0,
S0625,7,S0625,8,positive,0.95,1.0,
S0626,1,S0626,3,positive,0.95,2.0,
S0626,2,S0626,3,positive,0.8787,1.0,
S0626,2,S0626,5,positive,0.9349,3.0,
S0626,2,S0626,8,positive,0.6037,6.0,
S0626,3,S0626,4,positive,0.95,1.0,
S0626,3,S0626,6,positive,0.8264,3.0,
S0626,3,S0626,7,positive,0.7816,4.0,
S0626,4,S0626,8,positive,0.8063,4.0,
S0626,5,S0626,6,positive,0.9115,1.0,
S0627,1,S0627,5,positive,0.743,4.0,
S0627,2,S0627,3,positive,0.9126,1.0,
S0627,2,S0627,7,positive,0.6924,5.0,
S0627,3,S0627,4,positive,0.95,1.0,
S0627,3,S0627,5,positive,0.95,2.0,
S0627,3,S0627,8,positive,0.8339,5.0,
S0627,4,S0627,7,positive,0.9243,3.0,
S0627,4,S0627,8,positive,0.7607,4.0,
S0627,5,S0627,8,positive,0.8858,3.0,
S0627,6,S0627,7,positive,0.95,1.0,
S0627,6,S0627,8,positive,0.8115,2.0,
S0628,1,S0628,5,positive,0.8315,4.0,
S0628,1,S0628,7,positive,0.7185,6.0,
S0628,2,S0628,4,positive,0.8196,2.0,
S0628,2,S0628,5,positive,0.9333,3.0,
S0628,3,S0628,5,positive,0.95,2.0,
S0628,3,S0628,6,positive,0.8594,3.0,
S0628,4,S0628,6,positive,0.9454,2.0,
S0628,4,S0628,7,positive,0.7583,3.0,
S0628,5,S0628,7,positive,0.805,2.0,
S0628,6,S0628,8,positive,0.95,2.0,
S0629,1,S0629,3,positive,0.8475,2.0,
S0629,1,S0629,5,positive,0.86,4.0,
S0629,2,S0629,6,positive,0.8774,4.0,
S0629,3,S0629,8,positive,0.719,5.0,
S0629,6,S0629,8,positive,0.95,2.0,
S0630,1,S0630,2,positive,0.9237,1.0,
S0630,1,S0630,5,positive,0.7377,4.0,
S0630,1,S0630,6,positive,0.7966,5.0,
S0630,1,S0630,7,positive,0.6115,6.0,
S0630,1,S0630,8,positive,0.7155,7.0,
S0630,2,S0630,3,positive,0.9033,1.0,
S0630,3,S0630,7,positive,0.8662,4.0,
S0630,3,S0630,8,positive,0.6516,5.0,
S0630,5,S0630,6,positive,0.9347,1.0,
S0630,5,S0630,8,positive,0.8863,3.0,
S0630,6,S0630,8,positive,0.9189,2.0,
S0631,1,S0631,5,positive,0.8108,4.0,
S0631,1,S0631,6,positive,0.7948,5.0,
S0631,1,S0631,7,positive,0.7701,6.0,
S0631,2,S0631,4,positive,0.9118,2.0,
S0631,2,S0631,6,positive,0.7142,4.0,
S0631,3,S0631,5,positive,0.95,2.0,
S0631,3,S0631,6,positive,0.8566,3.0,
S0631,3,S0631,8,positive,0.7266,5.0,
S0631,5,S0631,8,positive,0.9212,3.0,
S0631,6,S0631,7,positive,0.95,1.0,
S0631,7,S0631,8,positive,0.8682,1.0,
S0632,1,S0632,3,positive,0.8308,2.0,
S0632,1,S0632,7,positive,0.6347,6.0,
S0632,2,S0632,3,positive,0.9178,1.0,
S0632,3,S0632,7,positive,0.7349,4.0,
S0632,3,S0632,8,positive,0.7292,5.0,
S0632,5,S0632,7,positive,0.8291,2.0,
S0632,5,S0632,8,positive,0.7646,3.0,
S0632,6,S0632,8,positive,0.9204,2.0,
S0633,1,S0633,4,positive,0.9463,3.0,
S0633,1,S0633,6,positive,0.6624,5.0,
S0633,1,S0633,7,positive,0.6611,6.0,
S0633,2,S0633,6,positive,0.8114,4.0,
S0633,3,S0633,5,positive,0.95,2.0,
S0633,4,S0633,7,positive,0.9288,3.0,
S0633,5,S0633,7,positive,0.8371,2.0,
S0633,6,S0633,7,positive,0.9293,1.0,
S0633,6,S0633,8,positive,0.8293,2.0,
S0633,7,S0633,8,positive,0.95,1.0,
S0634,1,S0634,2,positive,0.8784,1.0,
S0634,1,S0634,6,positive,0.8089,5.0,
S0634,2,S0634,4,positive,0.8559,2.0,
S0634,3,S0634,7,positive,0.7092,4.0,
S0634,3,S0634,8,positive,0.8111,5.0,
S0634,4,S0634,5,positive,0.8613,1.0,
S0634,4,S0634,6,positive,0.8339,2.0,
S0634,4,S0634,7,positive,0.9455,3.0,
S0634,7,S0634,8,positive,0.95,1.0,
S0635,1,S0635,7,positive,0.753,6.0,
S0635,1,S0635,8,positive,0.6956,7.0,
S0635,2,S0635,3,positive,0.9141,1.0,
S0635,2,S0635,6,positive,0.8419,4.0,
S0635,2,S0635,8,positive,0.6817,6.0,
S0635,4,S0635,7,positive,0.9334,3.0,
S0635,5,S0635,7,positive,0.8502,2.0,
S0635,6,S0635,7,positive,0.95,1.0,
S0635,7,S0635,8,positive,0.95,1.0,
S0636,1,S0636,5,positive,0.8696,4.0,
S0636,1,S0636,6,positive,0.846,5.0,
S0636,1,S0636,8,positive,0.6066,7.0,
S0636,2,S0636,6,positive,0.8368,4.0,
S0636,2,S0636,7,positive,0.821,5.0,
S0636,3,S0636,5,positive,0.8808,2.0,
S0636,4,S0636,5,positive,0.888,1.0,
S0636,4,S0636,6,positive,0.95,2.0,
S0636,5,S0636,8,positive,0.756,3.0,
S0636,7,S0636,8,positive,0.8781,1.0,
S0637,1,S0637,7,positive,0.6811,6.0,
S0637,1,S0637,8,positive,0.7049,7.0,
S0637,2,S0637,4,positive,0.8059,2.0,
S0637,2,S0637,5,positive,0.8407,3.0,
S0637,2,S0637,7,positive,0.6918,5.0,
S0637,2,S0637,8,positive,0.6583,6.0,
S0637,3,S0637,8,positive,0.7691,5.0,
S0637,4,S0637,6,positive,0.95,2.0,
S0637,4,S0637,8,positive,0.8173,4.0,
S0637,5,S0637,7,positive,0.95,2.0,
S0637,6,S0637,8,positive,0.8951,2.0,
S0638,1,S0638,7,positive,0.6033,6.0,
S0638,1,S0638,8,positive,0.6222,7.0,
S0638,2,S0638,3,positive,0.95,1.0,
S0638,2,S0638,4,positive,0.95,2.0,
S0638,2,S0638,6,positive,0.7087,4.0,
S0638,3,S0638,8,positive,0.6751,5.0,
S0638,7,S0638,8,positive,0.95,1.0,
S0639,1,S0639,4,positive,0.8927,3.0,
S0639,1,S0639,8,positive,0.7087,7.0,
S0639,3,S0639,4,positive,0.9156,1.0,
S0639,3,S0639,7,positive,0.7833,4.0,
S0639,6,S0639,8,positive,0.8795,2.0,
S0640,1,S0640,2,positive,0.95,1.0,
S0640,1,S0640,3,positive,0.8975,2.0,
S0640,1,S0640,8,positive,0.6453,7.0,
S0640,2,S0640,5,positive,0.9402,3.0,
S0640,2,S0640,6,positive,0.7225,4.0,
S0640,2,S0640,8,positive,0.6297,6.0,
S0640,3,S0640,5,positive,0.8715,2.0,
S0640,4,S0640,6,positive,0.9154,2.0,
S0640,7,S0640,8,positive,0.9071,1.0,
S0641,1,S0641,4,positive,0.9319,3.0,
S0641,1,S0641,6,positive,0.717,5.0,
S0641,1,S0641,7,positive,0.6481,6.0,
S0641,2,S0641,4,positive,0.9233,2.0,
S0641,2,S0641,5,positive,0.7782,3.0,
S0641,2,S0641,6,positive,0.8618,4.0,
S0641,3,S0641,4,positive,0.8939,1.0,
S0641,3,S0641,6,positive,0.8034,3.0,
S0641,3,S0641,8,positive,0.7065,5.0,
S0641,5,S0641,7,positive,0.8354,2.0,
S0641,5,S0641,8,positive,0.7539,3.0,
S0642,2,S0642,3,positive,0.913,1.0,
S0642,3,S0642,6,positive,0.9376,3.0,
S0642,3,S0642,8,positive,0.793,5.0,
S0642,4,S0642,7,positive,0.915,3.0,
S0642,4,S0642,8,positive,0.7482,4.0,
S0642,5,S0642,7,positive,0.8038,2.0,
S0642,5,S0642,8,positive,0.7892,3.0,
S0642,7,S0642,8,positive,0.95,1.0,
S0643,1,S0643,3,positive,0.9103,2.0,
S0643,2,S0643,4,positive,0.8804,2.0,
S0643,4,S0643,6,positive,0.9324,2.0,
S0643,4,S0643,7,positive,0.8641,3.0,
S0643,7,S0643,8,positive,0.8668,1.0,
S0644,1,S0644,4,positive,0.7855,3.0,
S0644,1,S0644,8,positive,0.6006,7.0,
S0644,2,S0644,4,positive,0.95,2.0,
S0644,2,S0644,5,positive,0.836,3.0,
S0644,2,S0644,7,positive,0.7102,5.0,
S0644,4,S0644,7,positive,0.9236,3.0,
S0645,1,S0645,2,positive,0.9327,1.0,
S0645,1,S0645,3,positive,0.8334,2.0,
S0645,2,S0645,5,positive,0.8623,3.0,
S0645,2,S0645,6,positive,0.854,4.0,
S0645,3,S0645,6,positive,0.8178,3.0,
S0645,3,S0645,7,positive,0.703,4.0,
S0645,3,S0645,8,positive,0.7595,5.0,
S0645,4,S0645,7,positive,0.8294,3.0,
S0645,4,S0645,8,positive,0.7657,4.0,
S0645,6,S0645,7,positive,0.9066,1.0,
S0645,6,S0645,8,positive,0.8275,2.0,
S0646,1,S0646,4,positive,0.8363,3.0,
S0646,2,S0646,3,positive,0.95,1.0,
S0646,2,S0646,4,positive,0.95,2.0,
S0646,2,S0646,6,positive,0.8928,4.0,
S0646,3,S0646,5,positive,0.8151,2.0,
S0646,4,S0646,6,positive,0.8139,2.0,
S0646,4,S0646,8,positive,0.7332,4.0,
S0646,7,S0646,8,positive,0.9014,1.0,
S0647,1,S0647,8,positive,0.7636,7.0,
S0647,2,S0647,5,positive,0.7965,3.0,
S0647,2,S0647,8,positive,0.7798,6.0,
S0647,3,S0647,5,positive,0.8507,2.0,
S0647,5,S0647,6,positive,0.95,1.0,
S0647,5,S0647,8,positive,0.869,3.0,
S0647,7,S0647,8,positive,0.8611,1.0,
S0648,1,S0648,2,positive,0.95,1.0,
S0648,1,S0648,4,positive,0.8875,3.0,
S0648,1,S0648,5,positive,0.7454,4.0,
S0648,1,S0648,7,positive,0.7422,6.0,
S0648,2,S0648,5,positive,0.8101,3.0,
S0648,2,S0648,8,positive,0.7855,6.0,
S0648,3,S0648,5,positive,0.95,2.0,
S0648,4,S0648,7,positive,0.8411,3.0,
S0648,5,S0648,8,positive,0.87,3.0,
S0649,1,S0649,5,positive,0.8334,4.0,
S0649,1,S0649,6,positive,0.8402,5.0,
S0649,1,S0649,7,positive,0.6894,6.0,
S0649,2,S0649,3,positive,0.8871,1.0,
S0649,2,S0649,6,positive,0.8607,4.0,
S0649,3,S0649,4,positive,0.95,1.0,
S0649,3,S0649,6,positive,0.9068,3.0,
S0649,3,S0649,8,positive,0.672,5.0,
S0649,4,S0649,7,positive,0.812,3.0,
S0649,5,S0649,8,positive,0.7999,3.0,
S0650,1,S0650,2,positive,0.9432,1.0,
S0650,1,S0650,6,positive,0.744,5.0,
S0650,1,S0650,8,positive,0.7481,7.0,
S0650,4,S0650,8,positive,0.8412,4.0,
S0650,6,S0650,8,positive,0.95,2.0,
S0651,1,S0651,2,positive,0.95,1.0,
S0651,1,S0651,3,positive,0.8702,2.0,
S0651,1,S0651,5,positive,0.7815,4.0,
S0651,1,S0651,6,positive,0.7084,5.0,
S0651,1,S0651,7,positive,0.7835,6.0,
S0651,2,S0651,7,positive,0.7408,5.0,
S0651,3,S0651,5,positive,0.95,2.0,
S0651,5,S0651,6,positive,0.95,1.0,
S0651,6,S0651,7,positive,0.8705,1.0,
S0651,7,S0651,8,positive,0.95,1.0,
S0652,1,S0652,2,positive,0.8543,1.0,
S0652,1,S0652,5,positive,0.736,4.0,
S0652,1,S0652,6,positive,0.7812,5.0,
S0652,2,S0652,3,positive,0.9127,1.0,
S0652,3,S0652,4,positive,0.95,1.0,
S0652,3,S0652,6,positive,0.9026,3.0,
S0652,4,S0652,5,positive,0.8646,1.0,
S0652,4,S0652,6,positive,0.95,2.0,
S0652,7,S0652,8,positive,0.95,1.0,
S0653,1,S0653,5,positive,0.7526,4.0,
S0653,1,S0653,8,positive,0.6971,7.0,
S0653,2,S0653,8,positive,0.6118,6.0,
S0653,3,S0653,7,positive,0.718,4.0,
S0653,4,S0653,8,positive,0.8599,4.0,
S0653,6,S0653,7,positive,0.9265,1.0,
S0653,6,S0653,8,positive,0.8918,2.0,
S0654,1,S0654,5,positive,0.8633,4.0,
S0654,2,S0654,3,positive,0.95,1.0,
S0654,3,S0654,4,positive,0.9462,1.0,
S0654,3,S0654,5,positive,0.8486,2.0,
S0654,6,S0654,8,positive,0.8775,2.0,
S0655,1,S0655,6,positive,0.8363,5.0,
S0655,1,S0655,8,positive,0.7939,7.0,
S0655,2,S0655,4,positive,0.9076,2.0,
S0655,2,S0655,6,positive,0.8374,4.0,
S0655,2,S0655,7,positive,0.7157,5.0,
S0655,4,S0655,6,positive,0.8789,2.0,
S0655,4,S0655,8,positive,0.8217,4.0,
S0655,6,S0655,8,positive,0.8236,2.0,
S0656,1,S0656,4,positive,0.7582,3.0,
S0656,1,S0656,5,positive,0.8516,4.0,
S0656,1,S0656,8,positive,0.701,7.0,
S0656,2,S0656,3,positive,0.9382,1.0,
S0656,2,S0656,5,positive,0.7567,3.0,
S0656,2,S0656,7,positive,0.8294,5.0,
S0656,4,S0656,5,positive,0.8733,1.0,
S0656,4,S0656,6,positive,0.95,2.0,
S0656,5,S0656,8,positive,0.9374,3.0,
S0656,6,S0656,7,positive,0.937,1.0,
S0656,7,S0656,8,positive,0.95,1.0,
S0657,1,S0657,3,positive,0.8588,2.0,
S0657,1,S0657,4,positive,0.7591,3.0,
S0657,2,S0657,4,positive,0.9158,2.0,
S0657,3,S0657,7,positive,0.7404,4.0,
S0657,4,S0657,7,positive,0.8342,3.0,
S0657,4,S0657,8,positive,0.879,4.0,
S0657,6,S0657,8,positive,0.95,2.0,
S0658,1,S0658,4,positive,0.9313,3.0,
S0658,1,S0658,7,positive,0.677,6.0,
S0658,2,S0658,3,positive,0.95,1.0,
S0658,5,S0658,7,positive,0.8344,2.0,
S0658,5,S0658,8,positive,0.9348,3.0,
S0659,1,S0659,2,positive,0.95,1.0,
S0659,1,S0659,3,positive,0.9406,2.0,
S0659,1,S0659,4,positive,0.9314,3.0,
S0659,1,S0659,6,positive,0.8332,5.0,
S0659,2,S0659,7,positive,0.7863,5.0,
S0659,4,S0659,5,positive,0.95,1.0,
S0659,5,S0659,6,positive,0.8669,1.0,
S0659,6,S0659,8,positive,0.8265,2.0,
S0660,1,S0660,3,positive,0.8029,2.0,
S0660,1,S0660,7,positive,0.8,6.0,
S0660,2,S0660,4,positive,0.8343,2.0,
S0660,2,S0660,5,positive,0.7976,3.0,
S0660,2,S0660,6,positive,0.8004,4.0,
S0660,3,S0660,4,positive,0.9083,1.0,
S0660,3,S0660,6,positive,0.8408,3.0,
S0660,3,S0660,7,positive,0.7375,4.0,
S0660,4,S0660,5,positive,0.9253,1.0,
S0660,4,S0660,6,positive,0.9406,2.0,
S0660,5,S0660,6,positive,0.9079,1.0,
S0660,6,S0660,7,positive,0.8611,1.0,
S0661,1,S0661,4,positive,0.7877,3.0,
S0661,1,S0661,7,positive,0.7059,6.0,
S0661,2,S0661,5,positive,0.8136,3.0,
S0661,4,S0661,8,positive,0.7355,4.0,
S0661,6,S0661,7,positive,0.95,1.0,
S0661,7,S0661,8,positive,0.95,1.0,
S0662,2,S0662,3,positive,0.95,1.0,
S0662,2,S0662,5,positive,0.8279,3.0,
S0662,2,S0662,7,positive,0.6661,5.0,
S0662,3,S0662,5,positive,0.859,2.0,
S0662,3,S0662,7,positive,0.8636,4.0,
S0662,3,S0662,8,positive,0.6952,5.0,
S0662,4,S0662,7,positive,0.8537,3.0,
S0662,5,S0662,7,positive,0.8008,2.0,
S0662,6,S0662,7,positive,0.9365,1.0,
S0663,1,S0663,2,positive,0.9417,1.0,
S0663,1,S0663,3,positive,0.9276,2.0,
S0663,1,S0663,7,positive,0.6072,6.0,
S0663,1,S0663,8,positive,0.7983,7.0,
S0663,2,S0663,4,positive,0.8578,2.0,
S0663,2,S0663,6,positive,0.8967,4.0,
S0663,3,S0663,5,positive,0.8106,2.0,
S0663,6,S0663,8,positive,0.8387,2.0,
S0664,1,S0664,3,positive,0.95,2.0,
S0664,1,S0664,4,positive,0.905,3.0,
S0664,2,S0664,3,positive,0.8568,1.0,
S0664,2,S0664,7,positive,0.7319,5.0,
S0664,3,S0664,4,positive,0.95,1.0,
S0664,4,S0664,5,positive,0.95,1.0,
S0664,4,S0664,8,positive,0.8788,4.0,
S0664,5,S0664,8,positive,0.8978,3.0,
S0664,6,S0664,7,positive,0.95,1.0,
S0664,7,S0664,8,positive,0.95,1.0,
S0665,1,S0665,6,positive,0.841,5.0,
S0665,2,S0665,3,positive,0.95,1.0,
S0665,2,S0665,5,positive,0.8349,3.0,
S0665,3,S0665,5,positive,0.9218,2.0,
S0665,3,S0665,6,positive,0.8045,3.0,
S0665,3,S0665,8,positive,0.6771,5.0,
S0665,4,S0665,8,positive,0.7726,4.0,
S0665,6,S0665,7,positive,0.95,1.0,
S0666,1,S0666,3,positive,0.8584,2.0,
S0666,1,S0666,6,positive,0.7181,5.0,
S0666,2,S0666,7,positive,0.842,5.0,
S0666,3,S0666,5,positive,0.8934,2.0,
S0666,4,S0666,7,positive,0.8217,3.0,
S0666,4,S0666,8,positive,0.7789,4.0,
S0666,5,S0666,7,positive,0.95,2.0,
S0666,5,S0666,8,positive,0.9398,3.0,
S0666,6,S0666,8,positive,0.824,2.0,
S0667,1,S0667,3,positive,0.9288,2.0,
S0667,2,S0667,7,positive,0.8307,5.0,
S0667,2,S0667,8,positive,0.7233,6.0,
S0667,3,S0667,4,positive,0.95,1.0,
S0667,3,S0667,5,positive,0.8137,2.0,
S0667,3,S0667,6,positive,0.9364,3.0,
S0667,3,S0667,7,positive,0.8966,4.0,
S0667,4,S0667,5,positive,0.8946,1.0,
S0667,4,S0667,7,positive,0.9069,3.0,
S0668,1,S0668,2,positive,0.8947,1.0,
S0668,1,S0668,3,positive,0.8503,2.0,
S0668,1,S0668,4,positive,0.9481,3.0,
S0668,2,S0668,4,positive,0.808,2.0,
S0668,2,S0668,7,positive,0.7179,5.0,
S0668,3,S0668,7,positive,0.7162,4.0,
S0668,5,S0668,6,positive,0.911,1.0,
S0668,7,S0668,8,positive,0.95,1.0,
S0669,1,S0669,3,positive,0.894,2.0,
S0669,2,S0669,3,positive,0.95,1.0,
S0669,2,S0669,8,positive,0.7054,6.0,
S0669,3,S0669,4,positive,0.95,1.0,
S0669,3,S0669,6,positive,0.8024,3.0,
S0669,5,S0669,7,positive,0.8499,2.0,
S0669,5,S0669,8,positive,0.7795,3.0,
S0669,6,S0669,7,positive,0.9188,1.0,
S0670,1,S0670,4,positive,0.862,3.0,
S0670,1,S0670,5,positive,0.8928,4.0,
S0670,1,S0670,6,positive,0.6767,5.0,
S0670,1,S0670,7,positive,0.7628,6.0,
S0670,1,S0670,8,positive,0.6913,7.0,
S0670,4,S0670,6,positive,0.8678,2.0,
S0670,5,S0670,6,positive,0.9472,1.0,
S0670,5,S0670,8,positive,0.9344,3.0,
S0670,6,S0670,7,positive,0.95,1.0,
S0671,1,S0671,6,positive,0.7676,5.0,
S0671,1,S0671,7,positive,0.781,6.0,
S0671,1,S0671,8,positive,0.7374,7.0,
S0671,2,S0671,3,positive,0.9268,1.0,
S0671,2,S0671,5,positive,0.7777,3.0,
S0671,2,S0671,8,positive,0.6254,6.0,
S0671,4,S0671,5,positive,0.8672,1.0,
S0671,4,S0671,7,positive,0.8133,3.0,
S0671,4,S0671,8,positive,0.7327,4.0,
S0672,1,S0672,7,positive,0.7847,6.0,
S0672,2,S0672,4,positive,0.8552,2.0,
S0672,2,S0672,5,positive,0.8933,3.0,
S0672,2,S0672,6,positive,0.7642,4.0,
S0672,3,S0672,4,positive,0.8636,1.0,
S0672,3,S0672,6,positive,0.9377,3.0,
S0672,3,S0672,8,positive,0.677,5.0,
S0672,4,S0672,7,positive,0.8183,3.0,
S0672,6,S0672,7,positive,0.9077,1.0,
S0672,6,S0672,8,positive,0.95,2.0,
S0673,1,S0673,3,positive,0.9051,2.0,
S0673,1,S0673,6,positive,0.6549,5.0,
S0673,1,S0673,8,positive,0.7023,7.0,
S0673,2,S0673,4,positive,0.9365,2.0,
S0673,3,S0673,4,positive,0.8587,1.0,
S0673,3,S0673,5,positive,0.9142,2.0,
S0673,4,S0673,7,positive,0.8778,3.0,
S0673,4,S0673,8,positive,0.7541,4.0,
S0673,6,S0673,7,positive,0.95,1.0,
S0673,6,S0673,8,positive,0.95,2.0,
S0673,7,S0673,8,positive,0.95,1.0,
S0674,1,S0674,2,positive,0.9415,1.0,
S0674,1,S0674,4,positive,0.9258,3.0,
S0674,1,S0674,5,positive,0.8104,4.0,
S0674,1,S0674,6,positive,0.7296,5.0,
S0674,3,S0674,5,positive,0.9282,2.0,
S0674,3,S0674,7,positive,0.7052,4.0,
S0674,4,S0674,8,positive,0.734,4.0,
S0674,5,S0674,8,positive,0.8284,3.0,
S0674,6,S0674,7,positive,0.9306,1.0,
S0674,7,S0674,8,positive,0.9343,1.0,
S0675,1,S0675,2,positive,0.8957,1.0,
S0675,2,S0675,3,positive,0.9289,1.0,
S0675,2,S0675,4,positive,0.9401,2.0,
S0675,3,S0675,8,positive,0.7207,5.0,
S0675,5,S0675,7,positive,0.9302,2.0,
S0675,5,S0675,8,positive,0.8021,3.0,
S0676,1,S0676,6,positive,0.7244,5.0,
S0676,1,S0676,7,positive,0.677,6.0,
S0676,2,S0676,3,positive,0.8798,1.0,
S0676,2,S0676,4,positive,0.8406,2.0,
S0676,2,S0676,5,positive,0.7757,3.0,
S0676,3,S0676,6,positive,0.9036,3.0,
S0676,4,S0676,5,positive,0.95,1.0,
S0676,4,S0676,8,positive,0.8938,4.0,
S0676,6,S0676,7,positive,0.8697,1.0,
S0677,1,S0677,7,positive,0.6764,6.0,
S0677,2,S0677,7,positive,0.7749,5.0,
S0677,2,S0677,8,positive,0.752,6.0,
S0677,3,S0677,7,positive,0.7972,4.0,
S0677,3,S0677,8,positive,0.6631,5.0,
S0677,4,S0677,7,positive,0.798,3.0,
S0677,6,S0677,7,positive,0.95,1.0,
S0678,1,S0678,8,positive,0.7793,7.0,
S0678,3,S0678,5,positive,0.8976,2.0,
S0678,3,S0678,6,positive,0.8178,3.0,
S0678,4,S0678,5,positive,0.95,1.0,
S0678,5,S0678,7,positive,0.95,2.0,
S0679,1,S0679,3,positive,0.9212,2.0,
S0679,1,S0679,4,positive,0.8915,3.0,
S0679,1,S0679,6,positive,0.7923,5.0,
S0679,1,S0679,8,positive,0.6657,7.0,
S0679,2,S0679,3,positive,0.95,1.0,
S0679,2,S0679,4,positive,0.8008,2.0,
S0679,3,S0679,5,positive,0.95,2.0,
S0679,5,S0679,7,positive,0.8013,2.0,
S0679,6,S0679,8,positive,0.8423,2.0,
S0679,7,S0679,8,positive,0.9282,1.0,
S0680,1,S0680,4,positive,0.7786,3.0,
S0680,1,S0680,8,positive,0.6529,7.0,
S0680,2,S0680,4,positive,0.9411,2.0,
S0680,2,S0680,5,positive,0.7579,3.0,
S0680,2,S0680,8,positive,0.6684,6.0,
S0680,4,S0680,7,positive,0.8357,3.0,
S0680,4,S0680,8,positive,0.7233,4.0,
S0680,6,S0680,7,positive,0.95,1.0,
S0680,7,S0680,8,positive,0.95,1.0,
S0681,1,S0681,2,positive,0.95,1.0,
S0681,1,S0681,3,positive,0.8441,2.0,
S0681,1,S0681,4,positive,0.7641,3.0,
S0681,1,S0681,5,positive,0.7295,4.0,
S0681,2,S0681,3,positive,0.95,1.0,
S0681,2,S0681,5,positive,0.9082,3.0,
S0681,5,S0681,8,positive,0.8912,3.0,
S0681,6,S0681,7,positive,0.95,1.0,
S0682,1,S0682,5,positive,0.8274,4.0,
S0682,1,S0682,6,positive,0.7022,5.0,
S0682,1,S0682,7,positive,0.6786,6.0,
S0682,2,S0682,5,positive,0.9291,3.0,
S0682,2,S0682,6,positive,0.8292,4.0,
S0682,2,S0682,8,positive,0.6797,6.0,
S0682,3,S0682,5,positive,0.95,2.0,
S0682,4,S0682,5,positive,0.872,1.0,
S0682,4,S0682,7,positive,0.7716,3.0,
S0682,5,S0682,7,positive,0.9173,2.0,
S0682,6,S0682,7,positive,0.95,1.0,
S0682,6,S0682,8,positive,0.9202,2.0,
S0682,7,S0682,8,positive,0.95,1.0,
S0683,1,S0683,2,positive,0.95,1.0,
S0683,1,S0683,3,positive,0.8113,2.0,
S0683,1,S0683,4,positive,0.8828,3.0,
S0683,1,S0683,5,positive,0.8265,4.0,
S0683,1,S0683,7,positive,0.7214,6.0,
S0683,2,S0683,3,positive,0.95,1.0,
S0683,2,S0683,6,positive,0.8913,4.0,
S0683,2,S0683,7,positive,0.7204,5.0,
S0683,4,S0683,7,positive,0.7981,3.0,
S0683,4,S0683,8,positive,0.8145,4.0,
S0683,6,S0683,7,positive,0.95,1.0,
S0684,1,S0684,3,positive,0.8619,2.0,
S0684,1,S0684,4,positive,0.7856,3.0,
S0684,2,S0684,5,positive,0.8286,3.0,
S0684,2,S0684,6,positive,0.7143,4.0,
S0684,2,S0684,7,positive,0.8383,5.0,
S0684,3,S0684,4,positive,0.95,1.0,
S0684,3,S0684,7,positive,0.8069,4.0,
S0684,4,S0684,6,positive,0.8788,2.0,
S0684,4,S0684,8,positive,0.8745,4.0,
S0685,1,S0685,2,positive,0.916,1.0,
S0685,1,S0685,6,positive,0.8392,5.0,
S0685,2,S0685,4,positive,0.9435,2.0,
S0685,2,S0685,7,positive,0.704,5.0,
S0685,3,S0685,5,positive,0.9339,2.0,
S0685,4,S0685,5,positive,0.9366,1.0,
S0685,4,S0685,6,positive,0.8404,2.0,
S0685,4,S0685,8,positive,0.8806,4.0,
S0685,6,S0685,8,positive,0.8063,2.0,
S0685,7,S0685,8,positive,0.95,1.0,
S0686,2,S0686,5,positive,0.797,3.0,
S0686,4,S0686,6,positive,0.95,2.0,
S0686,4,S0686,7,positive,0.7889,3.0,
S0686,5,S0686,6,positive,0.95,1.0,
S0686,5,S0686,7,positive,0.95,2.0,
S0686,6,S0686,8,positive,0.9475,2.0,
S0687,1,S0687,2,positive,0.95,1.0,
S0687,1,S0687,3,positive,0.9359,2.0,
S0687,1,S0687,5,positive,0.7827,4.0,
S0687,2,S0687,3,positive,0.95,1.0,
S0687,2,S0687,5,positive,0.7884,3.0,
S0687,2,S0687,8,positive,0.7301,6.0,
S0687,3,S0687,6,positive,0.7709,3.0,
S0687,3,S0687,8,positive,0.8409,5.0,
S0687,4,S0687,5,positive,0.95,1.0,
S0687,4,S0687,6,positive,0.95,2.0,
S0687,4,S0687,8,positive,0.7687,4.0,
S0688,1,S0688,6,positive,0.8269,5.0,
S0688,2,S0688,3,positive,0.9127,1.0,
S0688,2,S0688,6,positive,0.7775,4.0,
S0688,2,S0688,8,positive,0.6028,6.0,
S0688,3,S0688,4,positive,0.95,1.0,
S0688,4,S0688,6,positive,0.8386,2.0,
S0688,4,S0688,7,positive,0.9131,3.0,
S0688,4,S0688,8,positive,0.8441,4.0,
S0688,6,S0688,7,positive,0.8913,1.0,
S0689,1,S0689,4,positive,0.9066,3.0,
S0689,1,S0689,5,positive,0.7387,4.0,
S0689,1,S0689,7,positive,0.6138,6.0,
S0689,1,S0689,8,positive,0.6793,7.0,
S0689,2,S0689,3,positive,0.8681,1.0,
S0689,2,S0689,7,positive,0.8254,5.0,
S0689,3,S0689,5,positive,0.8812,2.0,
S0689,3,S0689,6,positive,0.9065,3.0,
S0689,3,S0689,7,positive,0.7749,4.0,
S0689,5,S0689,7,positive,0.9082,2.0,
S0689,5,S0689,8,positive,0.8588,3.0,
S0689,6,S0689,8,positive,0.9174,2.0,
S0690,1,S0690,3,positive,0.8861,2.0,
S0690,1,S0690,5,positive,0.8486,4.0,
S0690,2,S0690,6,positive,0.8029,4.0,
S0690,3,S0690,4,positive,0.9034,1.0,
S0690,3,S0690,5,positive,0.95,2.0,
S0690,4,S0690,5,positive,0.8754,1.0,
S0690,4,S0690,6,positive,0.8535,2.0,
S0691,1,S0691,2,positive,0.95,1.0,
S0691,1,S0691,5,positive,0.7137,4.0,
S0691,1,S0691,7,positive,0.6941,6.0,
S0691,2,S0691,3,positive,0.95,1.0,
S0691,2,S0691,4,positive,0.8736,2.0,
S0691,2,S0691,5,positive,0.8985,3.0,
S0691,3,S0691,5,positive,0.8624,2.0,
S0691,3,S0691,6,positive,0.8441,3.0,
S0692,2,S0692,3,positive,0.95,1.0,
S0692,2,S0692,6,positive,0.7463,4.0,
S0692,2,S0692,7,positive,0.7433,5.0,
S0692,3,S0692,7,positive,0.8865,4.0,
S0692,4,S0692,8,positive,0.7209,4.0,
S0692,5,S0692,6,positive,0.887,1.0,
S0692,6,S0692,7,positive,0.9352,1.0,
S0693,1,S0693,5,positive,0.8144,4.0,
S0693,2,S0693,6,positive,0.7798,4.0,
S0693,3,S0693,7,positive,0.7404,4.0,
S0693,4,S0693,5,positive,0.95,1.0,
S0693,4,S0693,8,positive,0.7688,4.0,
S0693,6,S0693,8,positive,0.8996,2.0,
S0693,7,S0693,8,positive,0.95,1.0,
S0694,1,S0694,6,positive,0.6657,5.0,
S0694,1,S0694,7,positive,0.7775,6.0,
S0694,1,S0694,8,positive,0.6461,7.0,
S0694,2,S0694,3,positive,0.95,1.0,
S0694,2,S0694,4,positive,0.95,2.0,
S0694,2,S0694,6,positive,0.8295,4.0,
S0694,3,S0694,5,positive,0.95,2.0,
S0694,4,S0694,7,positive,0.7652,3.0,
S0694,5,S0694,6,positive,0.95,1.0,
S0694,5,S0694,7,positive,0.95,2.0,
S0694,6,S0694,7,positive,0.8605,1.0,
S0694,6,S0694,8,positive,0.8447,2.0,
S0694,7,S0694,8,positive,0.95,1.0,
S0695,3,S0695,8,positive,0.7177,5.0,
S0695,4,S0695,5,positive,0.95,1.0,
S0695,4,S0695,7,positive,0.868,3.0,
S0695,5,S0695,6,positive,0.9366,1.0,
S0695,5,S0695,7,positive,0.8615,2.0,
S0695,7,S0695,8,positive,0.9303,1.0,
S0696,1,S0696,3,positive,0.8647,2.0,
S0696,1,S0696,6,positive,0.7624,5.0,
S0696,1,S0696,7,positive,0.7112,6.0,
S0696,2,S0696,3,positive,0.9199,1.0,
S0696,2,S0696,5,positive,0.8101,3.0,
S0696,2,S0696,7,positive,0.7061,5.0,
S0696,3,S0696,4,positive,0.9178,1.0,
S0696,5,S0696,8,positive,0.8518,3.0,
S0696,6,S0696,7,positive,0.95,1.0,
S0697,1,S0697,5,positive,0.7416,4.0,
S0697,2,S0697,3,positive,0.8647,1.0,
S0697,2,S0697,7,positive,0.8186,5.0,
S0697,3,S0697,4,positive,0.95,1.0,
S0697,3,S0697,6,positive,0.8416,3.0,
S0697,3,S0697,8,positive,0.7791,5.0,
S0697,4,S0697,5,positive,0.9196,1.0,
S0697,5,S0697,7,positive,0.8697,2.0,
S0697,5,S0697,8,positive,0.8044,3.0,
S0697,6,S0697,7,positive,0.9318,1.0,
S0697,7,S0697,8,positive,0.8841,1.0,
S0698,1,S0698,2,positive,0.95,1.0,
S0698,1,S0698,6,positive,0.7381,5.0,
S0698,2,S0698,3,positive,0.9284,1.0,
S0698,2,S0698,5,positive,0.821,3.0,
S0698,2,S0698,8,positive,0.7591,6.0,
S0698,3,S0698,4,positive,0.95,1.0,
S0698,3,S0698,7,positive,0.7625,4.0,
S0698,4,S0698,5,positive,0.8502,1.0,
S0698,4,S0698,7,positive,0.8363,3.0,
S0698,6,S0698,7,positive,0.95,1.0,
S0699,1,S0699,3,positive,0.8893,2.0,
S0699,2,S0699,3,positive,0.95,1.0,
S0699,2,S0699,7,positive,0.8191,5.0,
S0699,4,S0699,5,positive,0.95,1.0,
S0699,4,S0699,8,positive,0.7681,4.0,
S0699,5,S0699,6,positive,0.95,1.0,
S0699,5,S0699,7,positive,0.9159,2.0,
S0699,5,S0699,8,positive,0.8426,3.0,
S0700,1,S0700,4,positive,0.8659,3.0,
S0700,1,S0700,5,positive,0.717,4.0,
S0700,1,S0700,6,positive,0.7784,5.0,
S0700,1,S0700,7,positive,0.7647,6.0,
S0700,2,S0700,4,positive,0.8493,2.0,
S0700,3,S0700,5,positive,0.95,2.0,
S0700,3,S0700,7,positive,0.7258,4.0,
S0700,4,S0700,6,positive,0.8577,2.0,
S0700,4,S0700,7,positive,0.9396,3.0,
S0700,5,S0700,6,positive,0.9384,1.0,
S0700,6,S0700,8,positive,0.8631,2.0,
S0701,1,S0701,4,positive,0.9396,3.0,
S0701,1,S0701,7,positive,0.6494,6.0,
S0701,1,S0701,8,positive,0.7862,7.0,
S0701,2,S0701,3,positive,0.8832,1.0,
S0701,2,S0701,8,positive,0.634,6.0,
S0701,3,S0701,7,positive,0.7357,4.0,
S0701,5,S0701,8,positive,0.7717,3.0,
S0701,6,S0701,8,positive,0.936,2.0,
S0701,7,S0701,8,positive,0.95,1.0,
S0702,1,S0702,7,positive,0.7009,6.0,
S0702,1,S0702,8,positive,0.6035,7.0,
S0702,2,S0702,6,positive,0.8062,4.0,
S0702,2,S0702,7,positive,0.6984,5.0,
S0702,3,S0702,5,positive,0.8362,2.0,
S0702,5,S0702,7,positive,0.95,2.0,
S0702,6,S0702,8,positive,0.8247,2.0,
S0702,7,S0702,8,positive,0.95,1.0,
S0703,1,S0703,8,positive,0.727,7.0,
S0703,2,S0703,3,positive,0.95,1.0,
S0703,3,S0703,8,positive,0.7728,5.0,
S0703,4,S0703,7,positive,0.8681,3.0,
S0703,5,S0703,6,positive,0.95,1.0,
S0703,5,S0703,7,positive,0.8068,2.0,
S0703,6,S0703,8,positive,0.879,2.0,
S0704,2,S0704,4,positive,0.8966,2.0,
S0704,2,S0704,8,positive,0.7274,6.0,
S0704,3,S0704,4,positive,0.9217,1.0,
S0704,3,S0704,5,positive,0.95,2.0,
S0704,3,S0704,6,positive,0.8309,3.0,
S0704,4,S0704,6,positive,0.95,2.0,
S0704,5,S0704,8,positive,0.8015,3.0,
S0704,6,S0704,8,positive,0.8579,2.0,
S0705,1,S0705,7,positive,0.7294,6.0,
S0705,2,S0705,6,positive,0.8334,4.0,
S0705,2,S0705,7,positive,0.8167,5.0,
S0705,3,S0705,5,positive,0.95,2.0,
S0705,4,S0705,8,positive,0.8225,4.0,
S0706,1,S0706,4,positive,0.8503,3.0,
S0706,1,S0706,6,positive,0.7042,5.0,
S0706,1,S0706,7,positive,0.6918,6.0,
S0706,2,S0706,7,positive,0.7175,5.0,
S0706,3,S0706,5,positive,0.9018,2.0,
S0706,7,S0706,8,positive,0.95,1.0,
S0707,1,S0707,6,positive,0.6939,5.0,
S0707,1,S0707,8,positive,0.7156,7.0,
S0707,2,S0707,5,positive,0.8734,3.0,
S0707,2,S0707,7,positive,0.6904,5.0,
S0707,3,S0707,7,positive,0.8628,4.0,
S0707,3,S0707,8,positive,0.8101,5.0,
S0707,4,S0707,5,positive,0.95,1.0,
S0707,5,S0707,6,positive,0.9322,1.0,
S0707,5,S0707,8,positive,0.9223,3.0,
S0708,1,S0708,2,positive,0.95,1.0,
S0708,1,S0708,3,positive,0.9337,2.0,
S0708,1,S0708,6,positive,0.8258,5.0,
S0708,1,S0708,7,positive,0.6465,6.0,
S0708,2,S0708,5,positive,0.8026,3.0,
S0708,2,S0708,7,positive,0.7021,5.0,
S0708,3,S0708,6,positive,0.8992,3.0,
S0708,3,S0708,7,positive,0.7907,4.0,
S0708,5,S0708,6,positive,0.95,1.0,
S0708,5,S0708,8,positive,0.949,3.0,
S0709,1,S0709,2,positive,0.9033,1.0,
S0709,1,S0709,4,positive,0.9435,3.0,
S0709,1,S0709,8,positive,0.6729,7.0,
S0709,2,S0709,4,positive,0.934,2.0,
S0709,2,S0709,6,positive,0.8012,4.0,
S0709,3,S0709,5,positive,0.8071,2.0,
S0709,5,S0709,7,positive,0.95,2.0,
S0709,5,S0709,8,positive,0.8109,3.0,
S0710,1,S0710,4,positive,0.9022,3.0,
S0710,2,S0710,6,positive,0.8027,4.0,
S0710,4,S0710,7,positive,0.7621,3.0,
S0710,4,S0710,8,positive,0.7891,4.0,
S0710,6,S0710,7,positive,0.95,1.0,
S0711,1,S0711,7,positive,0.6203,6.0,
S0711,1,S0711,8,positive,0.6954,7.0,
S0711,2,S0711,3,positive,0.95,1.0,
S0711,4,S0711,7,positive,0.7535,3.0,
S0711,5,S0711,7,positive,0.95,2.0,
S0711,6,S0711,7,positive,0.95,1.0,
S0711,6,S0711,8,positive,0.95,2.0,
S0712,1,S0712,6,positive,0.7858,5.0,
S0712,1,S0712,8,positive,0.7279,7.0,
S0712,2,S0712,7,positive,0.684,5.0,
S0712,4,S0712,5,positive,0.95,1.0,
S0712,5,S0712,6,positive,0.85,1.0,
S0713,1,S0713,4,positive,0.7561,3.0,
S0713,1,S0713,7,positive,0.6783,6.0,
S0713,2,S0713,4,positive,0.8232,2.0,
S0713,2,S0713,5,positive,0.8055,3.0,
S0713,2,S0713,7,positive,0.748,5.0,
S0713,2,S0713,8,positive,0.7794,6.0,
S0713,3,S0713,6,positive,0.7597,3.0,
S0713,3,S0713,7,positive,0.8259,4.0,
S0713,3,S0713,8,positive,0.8473,5.0,
S0713,4,S0713,5,positive,0.9081,1.0,
S0713,4,S0713,8,positive,0.8177,4.0,
S0713,5,S0713,6,positive,0.9344,1.0,
S0713,6,S0713,7,positive,0.9183,1.0,
S0714,1,S0714,6,positive,0.7626,5.0,
S0714,1,S0714,8,positive,0.6174,7.0,
S0714,2,S0714,3,positive,0.95,1.0,
S0714,2,S0714,7,positive,0.6741,5.0,
S0714,3,S0714,6,positive,0.8038,3.0,
S0714,3,S0714,8,positive,0.7273,5.0,
S0714,4,S0714,6,positive,0.942,2.0,
S0715,1,S0715,3,positive,0.95,2.0,
S0715,1,S0715,4,positive,0.8829,3.0,
S0715,2,S0715,4,positive,0.8865,2.0,
S0715,3,S0715,7,positive,0.7499,4.0,
S0715,4,S0715,7,positive,0.7723,3.0,
S0715,5,S0715,6,positive,0.95,1.0,
S0715,5,S0715,7,positive,0.95,2.0,
S0715,6,S0715,8,positive,0.9059,2.0,
S0716,1,S0716,7,positive,0.6765,6.0,
S0716,2,S0716,3,positive,0.95,1.0,
S0716,3,S0716,6,positive,0.8551,3.0,
S0717,1,S0717,3,positive,0.8543,2.0,
S0717,1,S0717,4,positive,0.8712,3.0,
S0717,1,S0717,7,positive,0.6789,6.0,
S0717,2,S0717,5,positive,0.8854,3.0,
S0717,2,S0717,7,positive,0.8214,5.0,
S0717,3,S0717,4,positive,0.95,1.0,
S0717,3,S0717,7,positive,0.793,4.0,
S0717,3,S0717,8,positive,0.7161,5.0,
S0717,4,S0717,8,positive,0.7317,4.0,
S0717,5,S0717,8,positive,0.7673,3.0,
S0718,1,S0718,3,positive,0.95,2.0,
S0718,1,S0718,8,positive,0.7289,7.0,
S0718,2,S0718,3,positive,0.947,1.0,
S0718,3,S0718,4,positive,0.95,1.0,
S0718,3,S0718,5,positive,0.8724,2.0,
S0718,3,S0718,6,positive,0.874,3.0,
S0718,3,S0718,7,positive,0.7242,4.0,
S0718,4,S0718,5,positive,0.95,1.0,
S0718,5,S0718,7,positive,0.9014,2.0,
S0719,1,S0719,3,positive,0.9082,2.0,
S0719,1,S0719,4,positive,0.8541,3.0,
S0719,1,S0719,5,positive,0.8691,4.0,
S0719,2,S0719,3,positive,0.95,1.0,
S0719,2,S0719,5,positive,0.8395,3.0,
S0719,2,S0719,7,positive,0.6753,5.0,
S0719,2,S0719,8,positive,0.6527,6.0,
S0719,3,S0719,4,positive,0.8773,1.0,
S0719,3,S0719,5,positive,0.95,2.0,
S0719,4,S0719,5,positive,0.8513,1.0,
S0719,4,S0719,6,positive,0.8819,2.0,
S0719,4,S0719,8,positive,0.7684,4.0,
S0719,5,S0719,6,positive,0.9492,1.0,
S0719,6,S0719,8,positive,0.95,2.0,
S0720,1,S0720,6,positive,0.8105,5.0,
S0720,3,S0720,5,positive,0.8375,2.0,
S0720,4,S0720,5,positive,0.95,1.0,
S0720,4,S0720,7,positive,0.7766,3.0,
S0720,4,S0720,8,positive,0.8965,4.0,
S0720,5,S0720,6,positive,0.9052,1.0,
S0720,6,S0720,8,positive,0.9022,2.0,
S0721,1,S0721,5,positive,0.749,4.0,
S0721,1,S0721,7,positive,0.7818,6.0,
S0721,1,S0721,8,positive,0.6143,7.0,
S0721,2,S0721,4,positive,0.95,2.0,
S0721,2,S0721,6,positive,0.8735,4.0,
S0721,3,S0721,7,positive,0.8962,4.0,
S0721,3,S0721,8,positive,0.7658,5.0,
S0721,5,S0721,6,positive,0.8693,1.0,
S0722,1,S0722,2,positive,0.95,1.0,
S0722,1,S0722,4,positive,0.8756,3.0,
S0722,2,S0722,7,positive,0.8419,5.0,
S0722,2,S0722,8,positive,0.6577,6.0,
S0722,3,S0722,6,positive,0.8733,3.0,
S0722,3,S0722,7,positive,0.8268,4.0,
S0722,3,S0722,8,positive,0.7929,5.0,
S0722,4,S0722,7,positive,0.8135,3.0,
S0722,5,S0722,7,positive,0.8654,2.0,
S0722,6,S0722,7,positive,0.9065,1.0,
S0722,6,S0722,8,positive,0.8809,2.0,
S0723,1,S0723,7,positive,0.7599,6.0,
S0723,2,S0723,4,positive,0.95,2.0,
S0723,2,S0723,5,positive,0.8903,3.0,
S0723,2,S0723,6,positive,0.8484,4.0,
S0723,2,S0723,8,positive,0.6795,6.0,
S0723,3,S0723,4,positive,0.8677,1.0,
S0723,3,S0723,5,positive,0.8601,2.0,
S0723,3,S0723,6,positive,0.9284,3.0,
S0723,4,S0723,5,positive,0.95,1.0,
S0723,4,S0723,7,positive,0.7953,3.0,
S0723,5,S0723,6,positive,0.889,1.0,
S0723,6,S0723,7,positive,0.95,1.0,
S0723,6,S0723,8,positive,0.9168,2.0,
S0724,1,S0724,3,positive,0.8907,2.0,
S0724,1,S0724,8,positive,0.6893,7.0,
S0724,3,S0724,7,positive,0.817,4.0,
S0724,4,S0724,6,positive,0.8868,2.0,
S0724,5,S0724,7,positive,0.9368,2.0,
S0724,7,S0724,8,positive,0.95,1.0,
S0725,1,S0725,6,positive,0.771,5.0,
S0725,2,S0725,6,positive,0.8617,4.0,
S0725,2,S0725,8,positive,0.734,6.0,
S0725,3,S0725,6,positive,0.9054,3.0,
S0725,4,S0725,5,positive,0.95,1.0,
S0725,5,S0725,6,positive,0.95,1.0,
S0726,1,S0726,7,positive,0.6525,6.0,
S0726,2,S0726,3,positive,0.95,1.0,
S0726,2,S0726,4,positive,0.95,2.0,
S0726,3,S0726,5,positive,0.8064,2.0,
S0726,3,S0726,6,positive,0.7528,3.0,
S0726,4,S0726,5,positive,0.95,1.0,
S0727,1,S0727,2,positive,0.95,1.0,
S0727,1,S0727,4,positive,0.8138,3.0,
S0727,2,S0727,7,positive,0.7282,5.0,
S0727,3,S0727,4,positive,0.9059,1.0,
S0727,4,S0727,5,positive,0.95,1.0,
S0728,1,S0728,3,positive,0.95,2.0,
S0728,1,S0728,6,positive,0.6967,5.0,
S0728,2,S0728,4,positive,0.8623,2.0,
S0728,2,S0728,7,positive,0.7572,5.0,
S0728,3,S0728,5,positive,0.8113,2.0,
S0728,5,S0728,6,positive,0.95,1.0,
S0728,5,S0728,8,positive,0.8454,3.0,
S0728,6,S0728,8,positive,0.9015,2.0,
S0729,1,S0729,2,positive,0.95,1.0,
S0729,1,S0729,6,positive,0.787,5.0,
S0729,2,S0729,5,positive,0.9277,3.0,
S0729,2,S0729,6,positive,0.7028,4.0,
S0729,2,S0729,8,positive,0.7882,6.0,
S0729,3,S0729,5,positive,0.8812,2.0,
S0729,3,S0729,7,positive,0.7053,4.0,
S0729,5,S0729,7,positive,0.8864,2.0,
S0729,5,S0729,8,positive,0.7573,3.0,
S0729,6,S0729,7,positive,0.8655,1.0,
S0730,1,S0730,4,positive,0.9032,3.0,
S0730,1,S0730,7,positive,0.7201,6.0,
S0730,2,S0730,4,positive,0.8593,2.0,
S0730,4,S0730,5,positive,0.8565,1.0,
S0730,4,S0730,8,positive,0.7055,4.0,
S0730,5,S0730,8,positive,0.8241,3.0,
S0731,1,S0731,6,positive,0.765,5.0,
S0731,2,S0731,3,positive,0.95,1.0,
S0731,2,S0731,4,positive,0.9434,2.0,
S0731,2,S0731,5,positive,0.8231,3.0,
S0731,3,S0731,6,positive,0.7571,3.0,
S0731,3,S0731,7,positive,0.8154,4.0,
S0731,4,S0731,7,positive,0.8604,3.0,
S0731,5,S0731,7,positive,0.9092,2.0,
S0731,6,S0731,7,positive,0.95,1.0,
S0732,1,S0732,7,positive,0.6484,6.0,
S0732,2,S0732,7,positive,0.7199,5.0,
S0732,3,S0732,5,positive,0.9137,2.0,
S0732,4,S0732,5,positive,0.8803,1.0,
S0732,4,S0732,7,positive,0.8194,3.0,
S0732,4,S0732,8,positive,0.7541,4.0,
S0732,7,S0732,8,positive,0.95,1.0,
S0733,1,S0733,4,positive,0.7738,3.0,
S0733,2,S0733,6,positive,0.7576,4.0,
S0733,2,S0733,7,positive,0.673,5.0,
S0733,2,S0733,8,positive,0.7373,6.0,
S0733,3,S0733,4,positive,0.95,1.0,
S0733,3,S0733,5,positive,0.95,2.0,
S0733,3,S0733,7,positive,0.8214,4.0,
S0733,4,S0733,7,positive,0.8281,3.0,
S0733,4,S0733,8,positive,0.8586,4.0,
S0733,5,S0733,8,positive,0.9221,3.0,
S0733,6,S0733,7,positive,0.9412,1.0,
S0734,1,S0734,3,positive,0.8955,2.0,
S0734,1,S0734,6,positive,0.7053,5.0,
S0734,1,S0734,8,positive,0.7466,7.0,
S0734,2,S0734,4,positive,0.9391,2.0,
S0734,3,S0734,4,positive,0.95,1.0,
S0734,3,S0734,7,positive,0.7045,4.0,
S0734,4,S0734,5,positive,0.9323,1.0,
S0734,5,S0734,8,positive,0.9343,3.0,
S0734,7,S0734,8,positive,0.8961,1.0,
S0735,1,S0735,2,positive,0.8927,1.0,
S0735,2,S0735,4,positive,0.8179,2.0,
S0735,3,S0735,4,positive,0.9059,1.0,
S0735,3,S0735,8,positive,0.7429,5.0,
S0735,4,S0735,5,positive,0.95,1.0,
S0735,4,S0735,7,positive,0.889,3.0,
S0735,4,S0735,8,positive,0.8389,4.0,
S0736,1,S0736,2,positive,0.8817,1.0,
S0736,1,S0736,6,positive,0.7935,5.0,
S0736,2,S0736,7,positive,0.7779,5.0,
S0736,3,S0736,4,positive,0.95,1.0,
S0736,3,S0736,8,positive,0.7503,5.0,
S0736,4,S0736,5,positive,0.95,1.0,
S0736,4,S0736,8,positive,0.7128,4.0,
S0736,5,S0736,6,positive,0.9432,1.0,
S0736,5,S0736,7,positive,0.95,2.0,
S0736,6,S0736,8,positive,0.9247,2.0,
S0737,1,S0737,2,positive,0.8691,1.0,
S0737,1,S0737,8,positive,0.6094,7.0,
S0737,2,S0737,3,positive,0.95,1.0,
S0737,3,S0737,4,positive,0.95,1.0,
S0737,3,S0737,8,positive,0.7396,5.0,
S0737,4,S0737,8,positive,0.7573,4.0,
S0737,5,S0737,8,positive,0.8648,3.0,
S0737,6,S0737,8,positive,0.8844,2.0,
S0738,1,S0738,3,positive,0.8933,2.0,
S0738,1,S0738,6,positive,0.8019,5.0,
S0738,2,S0738,4,positive,0.8368,2.0,
S0738,2,S0738,7,positive,0.6626,5.0,
S0738,3,S0738,5,positive,0.95,2.0,
S0738,3,S0738,6,positive,0.8549,3.0,
S0738,3,S0738,7,positive,0.7199,4.0,
S0738,3,S0738,8,positive,0.8046,5.0,
S0738,4,S0738,6,positive,0.8334,2.0,
S0739,1,S0739,4,positive,0.869,3.0,
S0739,1,S0739,5,positive,0.8405,4.0,
S0739,1,S0739,6,positive,0.6622,5.0,
S0739,2,S0739,3,positive,0.8952,1.0,
S0739,2,S0739,4,positive,0.8403,2.0,
S0739,2,S0739,5,positive,0.8023,3.0,
S0739,2,S0739,6,positive,0.8147,4.0,
S0739,2,S0739,8,positive,0.7024,6.0,
S0739,3,S0739,6,positive,0.7906,3.0,
S0739,4,S0739,5,positive,0.95,1.0,
S0739,4,S0739,6,positive,0.897,2.0,
S0739,5,S0739,7,positive,0.8047,2.0,
S0739,5,S0739,8,positive,0.7542,3.0,
S0740,1,S0740,4,positive,0.8188,3.0,
S0740,3,S0740,6,positive,0.8807,3.0,
S0740,3,S0740,8,positive,0.8409,5.0,
S0740,4,S0740,6,positive,0.829,2.0,
S0740,4,S0740,8,positive,0.7402,4.0,
S0740,5,S0740,6,positive,0.9479,1.0,
S0740,5,S0740,7,positive,0.95,2.0,
S0740,6,S0740,7,positive,0.8872,1.0,
S0740,7,S0740,8,positive,0.95,1.0,
S0741,1,S0741,4,positive,0.7958,3.0,
S0741,1,S0741,8,positive,0.6554,7.0,
S0741,3,S0741,7,positive,0.8361,4.0,
S0741,3,S0741,8,positive,0.7326,5.0,
S0741,4,S0741,8,positive,0.876,4.0,
S0741,5,S0741,6,positive,0.95,1.0,
S0741,5,S0741,8,positive,0.9008,3.0,
S0741,6,S0741,8,positive,0.819,2.0,
S0741,7,S0741,8,positive,0.95,1.0,
S0742,1,S0742,3,positive,0.8595,2.0,
S0742,1,S0742,4,positive,0.7983,3.0,
S0742,1,S0742,8,positive,0.7289,7.0,
S0742,2,S0742,6,positive,0.8481,4.0,
S0742,2,S0742,8,positive,0.7205,6.0,
S0742,3,S0742,5,positive,0.8703,2.0,
S0743,1,S0743,2,positive,0.95,1.0,
S0743,1,S0743,6,positive,0.7529,5.0,
S0743,1,S0743,8,positive,0.799,7.0,
S0743,2,S0743,4,positive,0.8766,2.0,
S0743,2,S0743,5,positive,0.9213,3.0,
S0743,3,S0743,7,positive,0.7883,4.0,
S0743,4,S0743,5,positive,0.95,1.0,
S0743,5,S0743,6,positive,0.95,1.0,
S0743,5,S0743,7,positive,0.8843,2.0,
S0743,7,S0743,8,positive,0.95,1.0,
S0744,1,S0744,3,positive,0.8004,2.0,
S0744,1,S0744,8,positive,0.7918,7.0,
S0744,2,S0744,5,positive,0.8701,3.0,
S0744,3,S0744,7,positive,0.8492,4.0,
S0744,4,S0744,5,positive,0.9482,1.0,
S0744,4,S0744,7,positive,0.8321,3.0,
S0744,6,S0744,7,positive,0.8537,1.0,
S0745,1,S0745,2,positive,0.9382,1.0,
S0745,2,S0745,4,positive,0.8516,2.0,
S0745,2,S0745,6,positive,0.8935,4.0,
S0745,2,S0745,8,positive,0.76,6.0,
S0745,3,S0745,4,positive,0.95,1.0,
S0745,3,S0745,7,positive,0.8435,4.0,
S0745,4,S0745,7,positive,0.8294,3.0,
S0745,5,S0745,6,positive,0.8929,1.0,
S0745,5,S0745,7,positive,0.95,2.0,
S0745,7,S0745,8,positive,0.95,1.0,
S0746,1,S0746,2,positive,0.95,1.0,
S0746,1,S0746,7,positive,0.6182,6.0,
S0746,1,S0746,8,positive,0.7489,7.0,
S0746,2,S0746,3,positive,0.8798,1.0,
S0746,2,S0746,8,positive,0.603,6.0,
S0746,3,S0746,5,positive,0.8663,2.0,
S0746,3,S0746,6,positive,0.9488,3.0,
S0746,4,S0746,7,positive,0.7873,3.0,
S0746,4,S0746,8,positive,0.8396,4.0,
S0746,5,S0746,7,positive,0.8787,2.0,
S0746,6,S0746,8,positive,0.95,2.0,
S0747,1,S0747,5,positive,0.7707,4.0,
S0747,1,S0747,7,positive,0.7279,6.0,
S0747,2,S0747,3,positive,0.8681,1.0,
S0747,2,S0747,5,positive,0.861,3.0,
S0747,4,S0747,6,positive,0.8128,2.0,
S0747,6,S0747,8,positive,0.95,2.0,
S0747,7,S0747,8,positive,0.8742,1.0,
S0748,1,S0748,8,positive,0.6816,7.0,
S0748,2,S0748,3,positive,0.95,1.0,
S0748,2,S0748,4,positive,0.9474,2.0,
S0748,2,S0748,6,positive,0.7956,4.0,
S0748,4,S0748,7,positive,0.8267,3.0,
S0748,5,S0748,6,positive,0.8659,1.0,
S0748,5,S0748,7,positive,0.95,2.0,
S0748,6,S0748,8,positive,0.9307,2.0,
S0749,1,S0749,3,positive,0.8811,2.0,
S0749,1,S0749,4,positive,0.8156,3.0,
S0749,1,S0749,8,positive,0.63,7.0,
S0749,2,S0749,6,positive,0.8569,4.0,
S0749,3,S0749,4,positive,0.95,1.0,
S0749,4,S0749,6,positive,0.95,2.0,
S0749,5,S0749,6,positive,0.95,1.0,
S0750,1,S0750,7,positive,0.6016,6.0,
S0750,2,S0750,4,positive,0.8469,2.0,
S0750,2,S0750,6,positive,0.7514,4.0,
S0750,3,S0750,5,positive,0.9208,2.0,
S0750,3,S0750,8,positive,0.8076,5.0,
S0750,4,S0750,6,positive,0.95,2.0,
S0750,4,S0750,7,positive,0.891,3.0,
S0750,4,S0750,8,positive,0.8328,4.0,
S0751,1,S0751,2,positive,0.95,1.0,
S0751,1,S0751,4,positive,0.8945,3.0,
S0751,1,S0751,5,positive,0.7282,4.0,
S0751,2,S0751,7,positive,0.745,5.0,
S0751,2,S0751,8,positive,0.7309,6.0,
S0751,3,S0751,5,positive,0.8671,2.0,
S0751,3,S0751,8,positive,0.6836,5.0,
S0751,4,S0751,5,positive,0.9297,1.0,
S0751,4,S0751,7,positive,0.8203,3.0,
S0751,5,S0751,6,positive,0.95,1.0,
S0751,5,S0751,8,positive,0.8183,3.0,
S0752,1,S0752,6,positive,0.8108,5.0,
S0752,2,S0752,8,positive,0.7103,6.0,
S0752,3,S0752,4,positive,0.8656,1.0,
S0752,3,S0752,7,positive,0.8528,4.0,
S0752,4,S0752,5,positive,0.95,1.0,
S0752,7,S0752,8,positive,0.8563,1.0,
S0753,2,S0753,5,positive,0.8306,3.0,
S0753,2,S0753,8,positive,0.7351,6.0,
S0753,3,S0753,4,positive,0.95,1.0,
S0753,3,S0753,5,positive,0.8971,2.0,
S0753,3,S0753,8,positive,0.6861,5.0,
S0753,4,S0753,6,positive,0.8836,2.0,
S0753,4,S0753,7,positive,0.9222,3.0,
S0753,5,S0753,8,positive,0.9067,3.0,
S0753,6,S0753,8,positive,0.95,2.0,
S0754,1,S0754,2,positive,0.9121,1.0,
S0754,1,S0754,6,positive,0.7635,5.0,
S0754,1,S0754,7,positive,0.7597,6.0,
S0754,2,S0754,6,positive,0.8119,4.0,
S0754,2,S0754,7,positive,0.6855,5.0,
S0754,3,S0754,4,positive,0.8529,1.0,
S0754,3,S0754,7,positive,0.763,4.0,
S0754,3,S0754,8,positive,0.7357,5.0,
S0754,4,S0754,5,positive,0.95,1.0,
S0754,5,S0754,6,positive,0.9338,1.0,
S0754,5,S0754,8,positive,0.7886,3.0,
S0755,1,S0755,2,positive,0.95,1.0,
S0755,1,S0755,5,positive,0.8546,4.0,
S0755,1,S0755,7,positive,0.7004,6.0,
S0755,2,S0755,3,positive,0.9323,1.0,
S0755,2,S0755,5,positive,0.9317,3.0,
S0755,2,S0755,7,positive,0.7633,5.0,
S0755,3,S0755,8,positive,0.6551,5.0,
S0755,4,S0755,7,positive,0.8204,3.0,
S0755,5,S0755,7,positive,0.95,2.0,
S0756,2,S0756,3,positive,0.8602,1.0,
S0756,2,S0756,5,positive,0.9467,3.0,
S0756,3,S0756,5,positive,0.9481,2.0,
S0756,3,S0756,7,positive,0.8012,4.0,
S0756,6,S0756,8,positive,0.95,2.0,
S0757,1,S0757,2,positive,0.8975,1.0,
S0757,1,S0757,8,positive,0.6443,7.0,
S0757,2,S0757,7,positive,0.713,5.0,
S0757,4,S0757,6,positive,0.95,2.0,
S0758,1,S0758,6,positive,0.7497,5.0,
S0758,2,S0758,6,positive,0.8271,4.0,
S0758,3,S0758,4,positive,0.9496,1.0,
S0758,3,S0758,6,positive,0.9245,3.0,
S0758,4,S0758,5,positive,0.95,1.0,
S0758,4,S0758,6,positive,0.9029,2.0,
S0758,7,S0758,8,positive,0.8535,1.0,
S0759,1,S0759,2,positive,0.8609,1.0,
S0759,1,S0759,4,positive,0.7867,3.0,
S0759,1,S0759,7,positive,0.7217,6.0,
S0759,1,S0759,8,positive,0.6917,7.0,
S0759,2,S0759,3,positive,0.8978,1.0,
S0759,2,S0759,5,positive,0.9267,3.0,
S0759,3,S0759,4,positive,0.95,1.0,
S0759,3,S0759,5,positive,0.8777,2.0,
S0759,3,S0759,8,positive,0.7775,5.0,
S0759,4,S0759,6,positive,0.9141,2.0,
S0759,4,S0759,8,positive,0.8717,4.0,
S0759,6,S0759,7,positive,0.9306,1.0,
S0759,6,S0759,8,positive,0.919,2.0,
S0760,1,S0760,5,positive,0.8992,4.0,
S0760,2,S0760,4,positive,0.9245,2.0,
S0761,1,S0761,4,positive,0.8071,3.0,
S0761,1,S0761,6,positive,0.7627,5.0,
S0761,2,S0761,4,positive,0.8966,2.0,
S0761,2,S0761,7,positive,0.7714,5.0,
S0761,3,S0761,7,positive,0.8165,4.0,
S0761,4,S0761,7,positive,0.789,3.0,
S0761,5,S0761,6,positive,0.95,1.0,
S0761,5,S0761,7,positive,0.9301,2.0,
S0761,5,S0761,8,positive,0.948,3.0,
S0761,7,S0761,8,positive,0.9119,1.0,
S0762,1,S0762,3,positive,0.8435,2.0,
S0762,1,S0762,4,positive,0.7714,3.0,
S0762,1,S0762,5,positive,0.8956,4.0,
S0762,2,S0762,5,positive,0.7662,3.0,
S0762,3,S0762,5,positive,0.86,2.0,
S0762,3,S0762,8,positive,0.6832,5.0,
S0762,4,S0762,6,positive,0.8591,2.0,
S0762,4,S0762,8,positive,0.809,4.0,
S0762,7,S0762,8,positive,0.9293,1.0,
S0763,1,S0763,2,positive,0.95,1.0,
S0763,1,S0763,4,positive,0.7963,3.0,
S0763,1,S0763,6,positive,0.7372,5.0,
S0763,1,S0763,7,positive,0.7126,6.0,
S0763,1,S0763,8,positive,0.6025,7.0,
S0763,2,S0763,4,positive,0.9487,2.0,
S0763,2,S0763,5,positive,0.7668,3.0,
S0763,2,S0763,7,positive,0.6589,5.0,
S0763,3,S0763,6,positive,0.9027,3.0,
S0763,4,S0763,7,positive,0.8088,3.0,
S0763,5,S0763,6,positive,0.95,1.0,
S0763,6,S0763,8,positive,0.95,2.0,
S0764,1,S0764,3,positive,0.9493,2.0,
S0764,2,S0764,3,positive,0.95,1.0,
S0764,4,S0764,8,positive,0.8908,4.0,
S0764,6,S0764,7,positive,0.95,1.0,
S0765,1,S0765,3,positive,0.8526,2.0,
S0765,1,S0765,5,positive,0.7411,4.0,
S0765,1,S0765,6,positive,0.6603,5.0,
S0765,1,S0765,7,positive,0.6232,6.0,
S0765,2,S0765,3,positive,0.8915,1.0,
S0765,2,S0765,4,positive,0.803,2.0,
S0765,3,S0765,4,positive,0.95,1.0,
S0765,3,S0765,5,positive,0.95,2.0,
S0765,3,S0765,8,positive,0.6788,5.0,
S0765,4,S0765,6,positive,0.9024,2.0,
S0765,4,S0765,7,positive,0.8452,3.0,
S0765,5,S0765,6,positive,0.95,1.0,
S0766,1,S0766,8,positive,0.7698,7.0,
S0766,2,S0766,3,positive,0.95,1.0,
S0766,2,S0766,5,positive,0.8337,3.0,
S0766,2,S0766,7,positive,0.6587,5.0,
S0766,4,S0766,7,positive,0.8954,3.0,
S0766,4,S0766,8,positive,0.707,4.0,
S0767,1,S0767,2,positive,0.914,1.0,
S0767,1,S0767,4,positive,0.786,3.0,
S0767,1,S0767,8,positive,0.6405,7.0,
S0767,3,S0767,4,positive,0.925,1.0,
S0767,3,S0767,5,positive,0.863,2.0,
S0767,4,S0767,5,positive,0.8785,1.0,
S0767,4,S0767,6,positive,0.95,2.0,
S0767,5,S0767,6,positive,0.95,1.0,
S0767,6,S0767,8,positive,0.95,2.0,
S0767,7,S0767,8,positive,0.95,1.0,
S0768,1,S0768,2,positive,0.9492,1.0,
S0768,1,S0768,4,positive,0.9237,3.0,
S0768,1,S0768,7,positive,0.7527,6.0,
S0768,3,S0768,4,positive,0.95,1.0,
S0768,3,S0768,8,positive,0.7889,5.0,
S0768,6,S0768,7,positive,0.95,1.0,
S0769,1,S0769,2,positive,0.95,1.0,
S0769,1,S0769,7,positive,0.6029,6.0,
S0769,2,S0769,5,positive,0.757,3.0,
S0769,3,S0769,4,positive,0.8999,1.0,
S0769,3,S0769,7,positive,0.8186,4.0,
S0769,4,S0769,7,positive,0.9438,3.0,
S0769,4,S0769,8,positive,0.7915,4.0,
S0769,5,S0769,8,positive,0.8764,3.0,
S0769,7,S0769,8,positive,0.9312,1.0,
S0770,1,S0770,2,positive,0.95,1.0,
S0770,1,S0770,5,positive,0.7598,4.0,
S0770,2,S0770,3,positive,0.9077,1.0,
S0770,2,S0770,6,positive,0.7611,4.0,
S0770,3,S0770,5,positive,0.9463,2.0,
S0770,3,S0770,6,positive,0.9216,3.0,
S0770,4,S0770,5,positive,0.9096,1.0,
S0770,4,S0770,6,positive,0.95,2.0,
S0770,4,S0770,7,positive,0.9327,3.0,
S0770,5,S0770,8,positive,0.7522,3.0,
S0770,6,S0770,8,positive,0.8116,2.0,
S0771,1,S0771,7,positive,0.6655,6.0,
S0771,2,S0771,6,positive,0.8561,4.0,
S0771,2,S0771,7,positive,0.6823,5.0,
S0771,4,S0771,6,positive,0.95,2.0,
S0771,4,S0771,7,positive,0.8045,3.0,
S0771,5,S0771,6,positive,0.9141,1.0,
S0771,5,S0771,7,positive,0.8339,2.0,
S0771,6,S0771,7,positive,0.95,1.0,
S0771,6,S0771,8,positive,0.9246,2.0,
S0772,1,S0772,2,positive,0.95,1.0,
S0772,2,S0772,4,positive,0.8464,2.0,
S0772,5,S0772,7,positive,0.9195,2.0,
S0772,7,S0772,8,positive,0.8692,1.0,
S0773,2,S0773,5,positive,0.9399,3.0,
S0773,3,S0773,5,positive,0.8561,2.0,
S0773,4,S0773,6,positive,0.95,2.0,
S0773,5,S0773,6,positive,0.95,1.0,
S0773,6,S0773,7,positive,0.95,1.0,
S0774,1,S0774,4,positive,0.8343,3.0,
S0774,1,S0774,6,positive,0.8478,5.0,
S0774,1,S0774,7,positive,0.6134,6.0,
S0774,2,S0774,5,positive,0.8371,3.0,
S0774,3,S0774,4,positive,0.95,1.0,
S0774,3,S0774,5,positive,0.943,2.0,
S0774,3,S0774,6,positive,0.9252,3.0,
S0774,3,S0774,8,positive,0.7629,5.0,
S0774,4,S0774,6,positive,0.9444,2.0,
S0774,5,S0774,6,positive,0.95,1.0,
S0775,1,S0775,5,positive,0.713,4.0,
S0775,2,S0775,3,positive,0.908,1.0,
S0775,2,S0775,5,positive,0.8066,3.0,
S0775,2,S0775,8,positive,0.6085,6.0,
S0775,4,S0775,7,positive,0.8628,3.0,
S0775,5,S0775,6,positive,0.95,1.0,
S0775,5,S0775,8,positive,0.9355,3.0,
S0775,6,S0775,7,positive,0.95,1.0,
S0776,1,S0776,2,positive,0.9161,1.0,
S0776,1,S0776,4,positive,0.9386,3.0,
S0776,1,S0776,5,positive,0.7569,4.0,
S0776,1,S0776,8,positive,0.7525,7.0,
S0776,2,S0776,4,positive,0.8735,2.0,
S0776,2,S0776,6,positive,0.7313,4.0,
S0776,3,S0776,4,positive,0.9294,1.0,
S0776,3,S0776,8,positive,0.8413,5.0,
S0776,6,S0776,7,positive,0.9496,1.0,
S0776,6,S0776,8,positive,0.9356,2.0,
S0777,1,S0777,4,positive,0.9333,3.0,
S0777,1,S0777,7,positive,0.6666,6.0,
S0777,2,S0777,5,positive,0.9466,3.0,
S0777,3,S0777,6,positive,0.751,3.0,
S0777,4,S0777,5,positive,0.95,1.0,
S0777,4,S0777,7,positive,0.9033,3.0,
S0777,5,S0777,7,positive,0.8586,2.0,
S0777,6,S0777,7,positive,0.95,1.0,
S0778,1,S0778,3,positive,0.8679,2.0,
S0778,1,S0778,6,positive,0.757,5.0,
S0778,2,S0778,3,positive,0.95,1.0,
S0778,2,S0778,5,positive,0.8769,3.0,
S0778,2,S0778,6,positive,0.8283,4.0,
S0778,3,S0778,4,positive,0.8955,1.0,
S0778,4,S0778,6,positive,0.8735,2.0,
S0778,4,S0778,7,positive,0.9096,3.0,
S0778,5,S0778,6,positive,0.95,1.0,
S0779,1,S0779,3,positive,0.8128,2.0,
S0779,1,S0779,4,positive,0.9396,3.0,
S0779,1,S0779,8,positive,0.6646,7.0,
S0779,2,S0779,3,positive,0.9388,1.0,
S0779,2,S0779,5,positive,0.8158,3.0,
S0779,2,S0779,6,positive,0.7411,4.0,
S0779,4,S0779,5,positive,0.95,1.0,
S0779,6,S0779,8,positive,0.9499,2.0,
S0779,7,S0779,8,positive,0.95,1.0,
S0780,1,S0780,4,positive,0.8038,3.0,
S0780,2,S0780,3,positive,0.95,1.0,
S0780,2,S0780,6,positive,0.8288,4.0,
S0780,3,S0780,5,positive,0.95,2.0,
S0780,3,S0780,6,positive,0.9206,3.0,
S0780,5,S0780,8,positive,0.8794,3.0,
S0780,6,S0780,7,positive,0.9164,1.0,
S0780,7,S0780,8,positive,0.9474,1.0,
S0781,1,S0781,3,positive,0.9025,2.0,
S0781,1,S0781,4,positive,0.7844,3.0,
S0781,1,S0781,7,positive,0.7679,6.0,
S0781,2,S0781,6,positive,0.8472,4.0,
S0781,3,S0781,4,positive,0.95,1.0,
S0781,3,S0781,7,positive,0.792,4.0,
S0781,3,S0781,8,positive,0.8357,5.0,
S0781,4,S0781,7,positive,0.8186,3.0,
S0781,5,S0781,7,positive,0.9465,2.0,
S0781,5,S0781,8,positive,0.8387,3.0,
S0782,1,S0782,2,positive,0.95,1.0,
S0782,1,S0782,8,positive,0.703,7.0,
S0782,2,S0782,3,positive,0.865,1.0,
S0782,3,S0782,4,positive,0.9425,1.0,
S0782,3,S0782,6,positive,0.8054,3.0,
S0782,4,S0782,8,positive,0.7991,4.0,
S0782,6,S0782,7,positive,0.8945,1.0,
S0782,6,S0782,8,positive,0.932,2.0,
S0783,1,S0783,4,positive,0.809,3.0,
S0783,1,S0783,6,positive,0.8444,5.0,
S0783,2,S0783,4,positive,0.8292,2.0,
S0783,3,S0783,4,positive,0.9287,1.0,
S0783,4,S0783,7,positive,0.8671,3.0,
S0783,6,S0783,7,positive,0.95,1.0,
S0784,1,S0784,4,positive,0.7969,3.0,
S0784,1,S0784,6,positive,0.8342,5.0,
S0784,1,S0784,8,positive,0.6336,7.0,
S0784,2,S0784,3,positive,0.95,1.0,
S0784,2,S0784,6,positive,0.7981,4.0,
S0784,2,S0784,7,positive,0.7008,5.0,
S0784,2,S0784,8,positive,0.7749,6.0,
S0784,3,S0784,6,positive,0.9392,3.0,
S0784,4,S0784,6,positive,0.95,2.0,
S0784,5,S0784,6,positive,0.949,1.0,
S0784,5,S0784,7,positive,0.8597,2.0,
S0785,1,S0785,2,positive,0.95,1.0,
S0785,1,S0785,8,positive,0.7535,7.0,
S0785,2,S0785,7,positive,0.7235,5.0,
S0785,2,S0785,8,positive,0.7571,6.0,
S0785,3,S0785,5,positive,0.911,2.0,
S0785,4,S0785,6,positive,0.95,2.0,
S0785,4,S0785,8,positive,0.769,4.0,
S0786,1,S0786,2,positive,0.9253,1.0,
S0786,1,S0786,4,positive,0.7772,3.0,
S0786,3,S0786,5,positive,0.8802,2.0,
S0786,3,S0786,6,positive,0.7766,3.0,
S0786,3,S0786,8,positive,0.6973,5.0,
S0786,5,S0786,6,positive,0.9205,1.0,
S0786,6,S0786,8,positive,0.885,2.0,
S0786,7,S0786,8,positive,0.8969,1.0,
S0787,1,S0787,2,positive,0.8594,1.0,
S0787,1,S0787,4,positive,0.8976,3.0,
S0787,1,S0787,8,positive,0.6133,7.0,
S0787,2,S0787,6,positive,0.8332,4.0,
S0787,2,S0787,7,positive,0.7091,5.0,
S0787,3,S0787,8,positive,0.7649,5.0,
S0787,5,S0787,7,positive,0.95,2.0,
S0787,5,S0787,8,positive,0.8255,3.0,
S0787,6,S0787,8,positive,0.95,2.0,
S0788,1,S0788,2,positive,0.869,1.0,
S0788,1,S0788,5,positive,0.8448,4.0,
S0788,2,S0788,6,positive,0.782,4.0,
S0788,2,S0788,7,positive,0.654,5.0,
S0788,3,S0788,4,positive,0.9434,1.0,
S0788,4,S0788,5,positive,0.95,1.0,
S0788,5,S0788,7,positive,0.95,2.0,
S0788,5,S0788,8,positive,0.7639,3.0,
S0788,7,S0788,8,positive,0.95,1.0,
S0789,1,S0789,3,positive,0.9075,2.0,
S0789,2,S0789,4,positive,0.8986,2.0,
S0789,2,S0789,8,positive,0.6914,6.0,
S0789,3,S0789,4,positive,0.95,1.0,
S0789,3,S0789,5,positive,0.8157,2.0,
S0789,3,S0789,8,positive,0.8227,5.0,
S0789,5,S0789,6,positive,0.95,1.0,
S0789,6,S0789,7,positive,0.9277,1.0,
S0790,1,S0790,3,positive,0.8866,2.0,
S0790,1,S0790,7,positive,0.7984,6.0,
S0790,2,S0790,6,positive,0.8954,4.0,
S0790,3,S0790,7,positive,0.7037,4.0,
S0790,3,S0790,8,positive,0.7971,5.0,
S0790,5,S0790,6,positive,0.95,1.0,
S0790,5,S0790,8,positive,0.8162,3.0,
S0791,1,S0791,3,positive,0.8306,2.0,
S0791,1,S0791,7,positive,0.6473,6.0,
S0791,2,S0791,3,positive,0.9009,1.0,
S0791,2,S0791,4,positive,0.8775,2.0,
S0791,2,S0791,8,positive,0.7731,6.0,
S0791,3,S0791,7,positive,0.8691,4.0,
S0791,4,S0791,8,positive,0.895,4.0,
S0791,7,S0791,8,positive,0.95,1.0,
S0792,1,S0792,4,positive,0.9209,3.0,
S0792,1,S0792,6,positive,0.7107,5.0,
S0792,2,S0792,3,positive,0.8561,1.0,
S0792,2,S0792,5,positive,0.9211,3.0,
S0792,2,S0792,6,positive,0.8521,4.0,
S0792,2,S0792,7,positive,0.6509,5.0,
S0792,2,S0792,8,positive,0.6454,6.0,
S0792,3,S0792,4,positive,0.8569,1.0,
S0792,3,S0792,5,positive,0.95,2.0,
S0792,3,S0792,7,positive,0.7829,4.0,
S0792,3,S0792,8,positive,0.6731,5.0,
S0792,4,S0792,6,positive,0.816,2.0,
S0792,5,S0792,6,positive,0.9061,1.0,
S0792,5,S0792,7,positive,0.95,2.0,
S0793,1,S0793,6,positive,0.7094,5.0,
S0793,1,S0793,7,positive,0.7474,6.0,
S0793,2,S0793,7,positive,0.6732,5.0,
S0793,3,S0793,6,positive,0.8052,3.0,
S0793,3,S0793,8,positive,0.7822,5.0,
S0793,4,S0793,5,positive,0.8815,1.0,
S0793,5,S0793,7,positive,0.866,2.0,
S0793,5,S0793,8,positive,0.8012,3.0,
S0793,6,S0793,8,positive,0.912,2.0,
S0794,1,S0794,2,positive,0.9129,1.0,
S0794,1,S0794,3,positive,0.9102,2.0,
S0794,1,S0794,5,positive,0.86,4.0,
S0794,1,S0794,6,positive,0.7551,5.0,
S0794,1,S0794,7,positive,0.7361,6.0,
S0794,1,S0794,8,positive,0.6792,7.0,
S0794,2,S0794,3,positive,0.8637,1.0,
S0794,3,S0794,4,positive,0.9047,1.0,
S0794,3,S0794,7,positive,0.8931,4.0,
S0794,4,S0794,6,positive,0.8265,2.0,
S0794,4,S0794,7,positive,0.8219,3.0,
S0794,4,S0794,8,positive,0.757,4.0,
S0794,5,S0794,6,positive,0.95,1.0,
S0795,1,S0795,2,positive,0.9327,1.0,
S0795,1,S0795,8,positive,0.6476,7.0,
S0795,2,S0795,4,positive,0.8181,2.0,
S0795,2,S0795,7,positive,0.6676,5.0,
S0795,4,S0795,5,positive,0.906,1.0,
S0795,4,S0795,6,positive,0.8811,2.0,
S0795,4,S0795,8,positive,0.8357,4.0,
S0795,5,S0795,7,positive,0.8802,2.0,
S0795,7,S0795,8,positive,0.95,1.0,
S0796,1,S0796,5,positive,0.7742,4.0,
S0796,2,S0796,5,positive,0.7938,3.0,
S0796,2,S0796,6,positive,0.7252,4.0,
S0796,3,S0796,4,positive,0.95,1.0,
S0796,5,S0796,7,positive,0.95,2.0,
S0796,5,S0796,8,positive,0.8445,3.0,
S0796,6,S0796,7,positive,0.8928,1.0,
S0796,6,S0796,8,positive,0.8128,2.0,
S0796,7,S0796,8,positive,0.9395,1.0,
S0797,1,S0797,2,positive,0.95,1.0,
S0797,1,S0797,4,positive,0.8912,3.0,
S0797,1,S0797,8,positive,0.7934,7.0,
S0797,2,S0797,8,positive,0.6376,6.0,
S0797,4,S0797,6,positive,0.871,2.0,
S0797,4,S0797,7,positive,0.9301,3.0,
S0797,4,S0797,8,positive,0.7327,4.0,
S0797,5,S0797,7,positive,0.95,2.0,
S0798,1,S0798,3,positive,0.8873,2.0,
S0798,1,S0798,7,positive,0.7446,6.0,
S0798,2,S0798,3,positive,0.95,1.0,
S0798,2,S0798,8,positive,0.7504,6.0,
S0798,3,S0798,4,positive,0.95,1.0,
S0798,3,S0798,7,positive,0.7083,4.0,
S0798,3,S0798,8,positive,0.6726,5.0,
S0798,4,S0798,6,positive,0.8697,2.0,
S0798,5,S0798,6,positive,0.8508,1.0,
S0798,5,S0798,8,positive,0.8852,3.0,
S0798,6,S0798,8,positive,0.9232,2.0,
S0798,7,S0798,8,positive,0.95,1.0,
S0799,1,S0799,2,positive,0.95,1.0,
S0799,1,S0799,6,positive,0.722,5.0,
S0799,2,S0799,3,positive,0.8648,1.0,
S0799,2,S0799,6,positive,0.8987,4.0,
S0799,2,S0799,8,positive,0.6071,6.0,
S0799,3,S0799,4,positive,0.95,1.0,
S0799,3,S0799,6,positive,0.7897,3.0,
S0799,3,S0799,8,positive,0.6798,5.0,
S0799,4,S0799,6,positive,0.95,2.0,
S0799,5,S0799,6,positive,0.95,1.0,
S0799,6,S0799,8,positive,0.8903,2.0,
S0800,1,S0800,3,positive,0.95,2.0,
S0800,1,S0800,4,positive,0.8126,3.0,
S0800,1,S0800,6,positive,0.8314,5.0,
S0800,1,S0800,7,positive,0.735,6.0,
S0800,2,S0800,3,positive,0.95,1.0,
S0800,2,S0800,5,positive,0.9082,3.0,
S0800,4,S0800,5,positive,0.95,1.0,
S0800,4,S0800,6,positive,0.8856,2.0,
S0800,4,S0800,7,positive,0.9215,3.0,
S0800,4,S0800,8,positive,0.7658,4.0,
S0800,5,S0800,6,positive,0.9155,1.0,
S0800,5,S0800,8,positive,0.8691,3.0,
S0800,6,S0800,7,positive,0.95,1.0,
S0800,6,S0800,8,positive,0.8602,2.0,
S0801,1,S0801,4,positive,0.8558,3.0,
S0801,1,S0801,7,positive,0.6428,6.0,
S0801,3,S0801,6,positive,0.8278,3.0,
S0801,6,S0801,7,positive,0.8712,1.0,
S0802,1,S0802,3,positive,0.95,2.0,
S0802,1,S0802,4,positive,0.8544,3.0,
S0802,1,S0802,8,positive,0.635,7.0,
S0802,2,S0802,3,positive,0.95,1.0,
S0802,3,S0802,6,positive,0.8152,3.0,
S0802,3,S0802,7,positive,0.8897,4.0,
S0802,4,S0802,5,positive,0.95,1.0,
S0802,4,S0802,8,positive,0.85,4.0,
S0803,1,S0803,3,positive,0.9166,2.0,
S0803,1,S0803,5,positive,0.8189,4.0,
S0803,2,S0803,3,positive,0.95,1.0,
S0803,2,S0803,6,positive,0.8105,4.0,
S0803,2,S0803,7,positive,0.7902,5.0,
S0803,3,S0803,6,positive,0.881,3.0,
S0803,4,S0803,5,positive,0.9327,1.0,
S0803,4,S0803,6,positive,0.8667,2.0,
S0803,5,S0803,8,positive,0.8123,3.0,
S0803,6,S0803,7,positive,0.95,1.0,
S0804,1,S0804,3,positive,0.8967,2.0,
S0804,1,S0804,7,positive,0.7091,6.0,
S0804,1,S0804,8,positive,0.7437,7.0,
S0804,2,S0804,6,positive,0.886,4.0,
S0804,2,S0804,7,positive,0.6916,5.0,
S0804,3,S0804,4,positive,0.95,1.0,
S0804,3,S0804,6,positive,0.9161,3.0,
S0804,3,S0804,7,positive,0.7598,4.0,
S0804,3,S0804,8,positive,0.6918,5.0,
S0804,5,S0804,6,positive,0.95,1.0,
S0805,1,S0805,3,positive,0.8576,2.0,
S0805,1,S0805,4,positive,0.9458,3.0,
S0805,1,S0805,6,positive,0.6569,5.0,
S0805,2,S0805,4,positive,0.9353,2.0,
S0805,2,S0805,7,positive,0.6715,5.0,
S0805,2,S0805,8,positive,0.7803,6.0,
S0805,3,S0805,6,positive,0.8051,3.0,
S0805,6,S0805,7,positive,0.8647,1.0,
S0805,6,S0805,8,positive,0.8337,2.0,
S0805,7,S0805,8,positive,0.95,1.0,
S0806,1,S0806,5,positive,0.8209,4.0,
S0806,1,S0806,6,positive,0.7294,5.0,
S0806,2,S0806,6,positive,0.8534,4.0,
S0806,3,S0806,4,positive,0.95,1.0,
S0806,4,S0806,8,positive,0.8113,4.0,
S0806,6,S0806,7,positive,0.95,1.0,
S0807,1,S0807,2,positive,0.8508,1.0,
S0807,1,S0807,7,positive,0.7673,6.0,
S0807,2,S0807,4,positive,0.8282,2.0,
S0807,2,S0807,6,positive,0.8807,4.0,
S0807,3,S0807,4,positive,0.95,1.0,
S0807,3,S0807,8,positive,0.7812,5.0,
S0807,5,S0807,8,positive,0.9377,3.0,
S0808,1,S0808,2,positive,0.9191,1.0,
S0808,1,S0808,3,positive,0.9202,2.0,
S0808,1,S0808,4,positive,0.8504,3.0,
S0808,1,S0808,6,positive,0.719,5.0,
S0808,1,S0808,7,positive,0.7971,6.0,
S0808,2,S0808,6,positive,0.8921,4.0,
S0808,3,S0808,5,positive,0.9119,2.0,
S0808,3,S0808,6,positive,0.776,3.0,
S0808,4,S0808,5,positive,0.8634,1.0,
S0808,6,S0808,7,positive,0.8766,1.0,
S0809,1,S0809,2,positive,0.95,1.0,
S0809,1,S0809,4,positive,0.7982,3.0,
S0809,1,S0809,5,positive,0.7944,4.0,
S0809,1,S0809,6,positive,0.8147,5.0,
S0809,2,S0809,4,positive,0.9191,2.0,
S0809,4,S0809,5,positive,0.9245,1.0,
S0809,4,S0809,6,positive,0.8523,2.0,
S0809,5,S0809,8,positive,0.9251,3.0,
S0809,6,S0809,8,positive,0.8617,2.0,
S0809,7,S0809,8,positive,0.95,1.0,
S0810,1,S0810,3,positive,0.95,2.0,
S0810,1,S0810,7,positive,0.6332,6.0,
S0810,1,S0810,8,positive,0.6683,7.0,
S0810,2,S0810,6,positive,0.7092,4.0,
S0810,2,S0810,8,positive,0.6888,6.0,
S0810,4,S0810,7,positive,0.7542,3.0,
S0810,5,S0810,7,positive,0.95,2.0,
S0810,6,S0810,8,positive,0.95,2.0,
S0811,1,S0811,6,positive,0.7869,5.0,
S0811,1,S0811,8,positive,0.7759,7.0,
S0811,2,S0811,6,positive,0.7635,4.0,
S0811,2,S0811,8,positive,0.6284,6.0,
S0811,3,S0811,4,positive,0.95,1.0,
S0811,3,S0811,5,positive,0.8691,2.0,
S0811,3,S0811,7,positive,0.8039,4.0,
S0811,3,S0811,8,positive,0.7372,5.0,
S0811,5,S0811,7,positive,0.8602,2.0,
S0811,6,S0811,8,positive,0.8876,2.0,
S0812,1,S0812,2,positive,0.95,1.0,
S0812,1,S0812,3,positive,0.9254,2.0,
S0812,2,S0812,5,positive,0.8949,3.0,
S0812,2,S0812,8,positive,0.7589,6.0,
S0812,3,S0812,4,positive,0.9099,1.0,
S0812,3,S0812,5,positive,0.95,2.0,
S0812,3,S0812,8,positive,0.7059,5.0,
S0812,4,S0812,7,positive,0.8926,3.0,
S0812,4,S0812,8,positive,0.8259,4.0,
S0812,5,S0812,6,positive,0.9479,1.0,
S0812,5,S0812,7,positive,0.8835,2.0,
S0812,6,S0812,8,positive,0.9117,2.0,
S0813,1,S0813,4,positive,0.8455,3.0,
S0813,1,S0813,8,positive,0.6799,7.0,
S0813,2,S0813,4,positive,0.95,2.0,
S0813,2,S0813,6,positive,0.785,4.0,
S0813,2,S0813,8,positive,0.6065,6.0,
S0813,3,S0813,4,positive,0.9329,1.0,
S0813,3,S0813,7,positive,0.7638,4.0,
S0813,5,S0813,8,positive,0.8853,3.0,
S0814,1,S0814,4,positive,0.9453,3.0,
S0814,1,S0814,5,positive,0.7226,4.0,
S0814,1,S0814,8,positive,0.6537,7.0,
S0814,2,S0814,3,positive,0.914,1.0,
S0814,3,S0814,4,positive,0.9185,1.0,
S0814,3,S0814,7,positive,0.8787,4.0,
S0814,4,S0814,6,positive,0.9061,2.0,
S0814,5,S0814,6,positive,0.95,1.0,
S0814,5,S0814,8,positive,0.8902,3.0,
S0815,1,S0815,5,positive,0.8103,4.0,
S0815,1,S0815,6,positive,0.7723,5.0,
S0815,1,S0815,7,positive,0.7302,6.0,
S0815,2,S0815,7,positive,0.6564,5.0,
S0815,3,S0815,6,positive,0.936,3.0,
S0815,4,S0815,7,positive,0.8935,3.0,
S0815,4,S0815,8,positive,0.8634,4.0,
S0815,5,S0815,7,positive,0.9077,2.0,
S0816,1,S0816,4,positive,0.9273,3.0,
S0816,1,S0816,7,positive,0.6768,6.0,
S0816,2,S0816,8,positive,0.6941,6.0,
S0816,4,S0816,7,positive,0.7998,3.0,
S0816,4,S0816,8,positive,0.8769,4.0,
S0816,6,S0816,7,positive,0.9182,1.0,
S0817,1,S0817,5,positive,0.7293,4.0,
S0817,2,S0817,3,positive,0.881,1.0,
S0817,2,S0817,4,positive,0.89,2.0,
S0817,2,S0817,5,positive,0.8265,3.0,
S0817,2,S0817,7,positive,0.6582,5.0,
S0817,3,S0817,6,positive,0.8718,3.0,
S0817,5,S0817,6,positive,0.95,1.0,
S0817,6,S0817,8,positive,0.8982,2.0,
S0817,7,S0817,8,positive,0.8986,1.0,
S0818,1,S0818,5,positive,0.887,4.0,
S0818,1,S0818,6,positive,0.7598,5.0,
S0818,1,S0818,7,positive,0.7935,6.0,
S0818,2,S0818,5,positive,0.758,3.0,
S0818,2,S0818,6,positive,0.705,4.0,
S0818,3,S0818,4,positive,0.95,1.0,
S0818,3,S0818,5,positive,0.95,2.0,
S0818,3,S0818,8,positive,0.7948,5.0,
S0818,4,S0818,8,positive,0.7309,4.0,
S0818,7,S0818,8,positive,0.95,1.0,
S0819,1,S0819,2,positive,0.95,1.0,
S0819,1,S0819,3,positive,0.809,2.0,
S0819,1,S0819,5,positive,0.835,4.0,
S0819,1,S0819,8,positive,0.723,7.0,
S0819,2,S0819,5,positive,0.7919,3.0,
S0819,3,S0819,5,positive,0.9164,2.0,
S0819,3,S0819,7,positive,0.7524,4.0,
S0819,4,S0819,5,positive,0.9353,1.0,
S0819,5,S0819,8,positive,0.768,3.0,
S0820,1,S0820,5,positive,0.8439,4.0,
S0820,2,S0820,4,positive,0.95,2.0,
S0820,2,S0820,6,positive,0.8354,4.0,
S0820,3,S0820,5,positive,0.8173,2.0,
S0820,3,S0820,7,positive,0.8645,4.0,
S0820,3,S0820,8,positive,0.7147,5.0,
S0820,4,S0820,6,positive,0.95,2.0,
S0820,4,S0820,7,positive,0.7698,3.0,
S0820,5,S0820,8,positive,0.8013,3.0,
S0820,6,S0820,7,positive,0.95,1.0,
S0820,6,S0820,8,positive,0.95,2.0,
S0820,7,S0820,8,positive,0.863,1.0,
S0821,1,S0821,2,positive,0.95,1.0,
S0821,1,S0821,3,positive,0.8441,2.0,
S0821,1,S0821,8,positive,0.6471,7.0,
S0821,3,S0821,4,positive,0.9413,1.0,
S0821,3,S0821,5,positive,0.8035,2.0,
S0821,3,S0821,7,positive,0.8149,4.0,
S0821,3,S0821,8,positive,0.7373,5.0,
S0821,4,S0821,6,positive,0.95,2.0,
S0821,4,S0821,7,positive,0.8088,3.0,
S0821,5,S0821,6,positive,0.95,1.0,
S0821,5,S0821,7,positive,0.9266,2.0,
S0821,6,S0821,8,positive,0.9112,2.0,
S0821,7,S0821,8,positive,0.8929,1.0,
S0822,1,S0822,6,positive,0.702,5.0,
S0822,1,S0822,8,positive,0.7616,7.0,
S0822,2,S0822,7,positive,0.8184,5.0,
S0822,3,S0822,7,positive,0.8548,4.0,
S0822,4,S0822,6,positive,0.8472,2.0,
S0822,5,S0822,6,positive,0.95,1.0,
S0822,6,S0822,8,positive,0.95,2.0,
S0822,7,S0822,8,positive,0.8816,1.0,
S0823,1,S0823,3,positive,0.819,2.0,
S0823,1,S0823,4,positive,0.8173,3.0,
S0823,1,S0823,5,positive,0.7964,4.0,
S0823,1,S0823,8,positive,0.7738,7.0,
S0823,2,S0823,3,positive,0.9252,1.0,
S0823,2,S0823,4,positive,0.95,2.0,
S0823,2,S0823,5,positive,0.7919,3.0,
S0823,2,S0823,6,positive,0.806,4.0,
S0823,3,S0823,6,positive,0.7832,3.0,
S0823,4,S0823,8,positive,0.7358,4.0,
S0824,1,S0824,4,positive,0.8436,3.0,
S0824,1,S0824,5,positive,0.8236,4.0,
S0824,1,S0824,7,positive,0.6883,6.0,
S0824,2,S0824,3,positive,0.95,1.0,
S0824,2,S0824,5,positive,0.8599,3.0,
S0824,2,S0824,6,positive,0.7856,4.0,
S0824,2,S0824,7,positive,0.6569,5.0,
S0824,3,S0824,4,positive,0.9186,1.0,
S0824,3,S0824,5,positive,0.8774,2.0,
S0824,3,S0824,7,positive,0.7095,4.0,
S0824,3,S0824,8,positive,0.824,5.0,
S0824,4,S0824,5,positive,0.95,1.0,
S0824,4,S0824,8,positive,0.7856,4.0,
S0824,5,S0824,6,positive,0.95,1.0,
S0824,5,S0824,7,positive,0.8424,2.0,
S0825,1,S0825,3,positive,0.8719,2.0,
S0825,1,S0825,7,positive,0.7195,6.0,
S0825,2,S0825,5,positive,0.7568,3.0,
S0825,2,S0825,6,positive,0.8569,4.0,
S0825,2,S0825,7,positive,0.7388,5.0,
S0825,3,S0825,8,positive,0.6681,5.0,
S0825,5,S0825,6,positive,0.8777,1.0,
S0825,6,S0825,7,positive,0.9433,1.0,
S0825,7,S0825,8,positive,0.95,1.0,
S0826,1,S0826,3,positive,0.95,2.0,
S0826,1,S0826,5,positive,0.875,4.0,
S0826,1,S0826,6,positive,0.7395,5.0,
S0826,2,S0826,5,positive,0.8856,3.0,
S0826,2,S0826,6,positive,0.7649,4.0,
S0826,3,S0826,5,positive,0.8972,2.0,
S0826,3,S0826,6,positive,0.7877,3.0,
S0827,1,S0827,5,positive,0.8546,4.0,
S0827,1,S0827,6,positive,0.7602,5.0,
S0827,1,S0827,7,positive,0.7709,6.0,
S0827,2,S0827,4,positive,0.8526,2.0,
S0827,2,S0827,6,positive,0.7665,4.0,
S0827,3,S0827,6,positive,0.9103,3.0,
S0827,3,S0827,7,positive,0.8805,4.0,
S0827,4,S0827,5,positive,0.95,1.0,
S0827,4,S0827,6,positive,0.9036,2.0,
S0827,4,S0827,7,positive,0.9294,3.0,
S0827,4,S0827,8,positive,0.7798,4.0,
S0828,1,S0828,2,positive,0.873,1.0,
S0828,1,S0828,3,positive,0.95,2.0,
S0828,1,S0828,5,positive,0.7354,4.0,
S0828,1,S0828,6,positive,0.7706,5.0,
S0828,2,S0828,3,positive,0.9265,1.0,
S0828,2,S0828,8,positive,0.6086,6.0,
S0828,3,S0828,6,positive,0.7827,3.0,
S0828,3,S0828,8,positive,0.6788,5.0,
S0828,4,S0828,5,positive,0.9017,1.0,
S0828,4,S0828,8,positive,0.7255,4.0,
S0829,1,S0829,6,positive,0.8457,5.0,
S0829,2,S0829,4,positive,0.9248,2.0,
S0829,3,S0829,6,positive,0.9028,3.0,
S0829,3,S0829,8,positive,0.6963,5.0,
S0829,4,S0829,7,positive,0.8608,3.0,
S0829,6,S0829,7,positive,0.921,1.0,
S0830,1,S0830,3,positive,0.903,2.0,
S0830,1,S0830,7,positive,0.7466,6.0,
S0830,3,S0830,5,positive,0.9251,2.0,
S0830,4,S0830,5,positive,0.95,1.0,
S0830,4,S0830,7,positive,0.7925,3.0,
S0831,1,S0831,2,positive,0.95,1.0,
S0831,2,S0831,3,positive,0.9316,1.0,
S0831,2,S0831,5,positive,0.8652,3.0,
S0831,2,S0831,6,positive,0.8967,4.0,
S0831,5,S0831,8,positive,0.8718,3.0,
S0831,6,S0831,7,positive,0.8569,1.0,
S0831,7,S0831,8,positive,0.95,1.0,
S0832,1,S0832,3,positive,0.9256,2.0,
S0832,1,S0832,5,positive,0.7639,4.0,
S0832,1,S0832,7,positive,0.7693,6.0,
S0832,2,S0832,3,positive,0.95,1.0,
S0832,3,S0832,5,positive,0.95,2.0,
S0832,5,S0832,7,positive,0.9422,2.0,
S0832,7,S0832,8,positive,0.8709,1.0,
S0833,1,S0833,8,positive,0.6852,7.0,
S0833,2,S0833,7,positive,0.8378,5.0,
S0833,3,S0833,5,positive,0.8853,2.0,
S0833,3,S0833,8,positive,0.8238,5.0,
S0833,6,S0833,7,positive,0.9172,1.0,
S0834,1,S0834,5,positive,0.7912,4.0,
S0834,1,S0834,6,positive,0.7959,5.0,
S0834,2,S0834,3,positive,0.8555,1.0,
S0834,2,S0834,7,positive,0.8138,5.0,
S0834,2,S0834,8,positive,0.6541,6.0,
S0834,3,S0834,7,positive,0.7468,4.0,
S0834,4,S0834,8,positive,0.7017,4.0,
S0834,6,S0834,7,positive,0.8907,1.0,
S0834,6,S0834,8,positive,0.95,2.0,
S0835,1,S0835,3,positive,0.95,2.0,
S0835,1,S0835,7,positive,0.6701,6.0,
S0835,2,S0835,6,positive,0.8187,4.0,
S0835,3,S0835,5,positive,0.9174,2.0,
S0835,3,S0835,7,positive,0.7272,4.0,
S0835,5,S0835,6,positive,0.95,1.0,
S0836,1,S0836,2,positive,0.95,1.0,
S0836,1,S0836,6,positive,0.7552,5.0,
S0836,1,S0836,7,positive,0.7912,6.0,
S0836,2,S0836,4,positive,0.9059,2.0,
S0836,3,S0836,6,positive,0.7762,3.0,
S0836,4,S0836,7,positive,0.9063,3.0,
S0836,4,S0836,8,positive,0.7349,4.0,
S0836,6,S0836,8,positive,0.8364,2.0,
S0836,7,S0836,8,positive,0.95,1.0,
S0837,1,S0837,2,positive,0.8623,1.0,
S0837,2,S0837,8,positive,0.7425,6.0,
S0837,3,S0837,7,positive,0.7713,4.0,
S0837,4,S0837,5,positive,0.95,1.0,
S0837,4,S0837,7,positive,0.7576,3.0,
S0837,5,S0837,6,positive,0.9238,1.0,
S0837,6,S0837,7,positive,0.95,1.0,
S0838,1,S0838,2,positive,0.95,1.0,
S0838,2,S0838,6,positive,0.8159,4.0,
S0838,3,S0838,6,positive,0.7786,3.0,
S0838,3,S0838,8,positive,0.6626,5.0,
S0838,4,S0838,7,positive,0.8345,3.0,
S0838,4,S0838,8,positive,0.7433,4.0,
S0838,5,S0838,7,positive,0.8318,2.0,
S0838,6,S0838,8,positive,0.854,2.0,
S0839,1,S0839,5,positive,0.8828,4.0,
S0839,1,S0839,8,positive,0.6567,7.0,
S0839,2,S0839,6,positive,0.8211,4.0,
S0839,3,S0839,4,positive,0.95,1.0,
S0839,3,S0839,6,positive,0.778,3.0,
S0839,4,S0839,8,positive,0.7707,4.0,
S0839,5,S0839,7,positive,0.8554,2.0,
S0840,1,S0840,4,positive,0.774,3.0,
S0840,2,S0840,8,positive,0.6429,6.0,
S0840,3,S0840,4,positive,0.8737,1.0,
S0840,3,S0840,5,positive,0.8276,2.0,
S0840,3,S0840,7,positive,0.7629,4.0,
S0840,4,S0840,6,positive,0.8678,2.0,
S0840,4,S0840,8,positive,0.877,4.0,
S0840,6,S0840,7,positive,0.8614,1.0,
S0841,1,S0841,2,positive,0.95,1.0,
S0841,1,S0841,4,positive,0.7696,3.0,
S0841,1,S0841,7,positive,0.672,6.0,
S0841,2,S0841,6,positive,0.8105,4.0,
S0841,2,S0841,7,positive,0.8206,5.0,
S0841,3,S0841,4,positive,0.95,1.0,
S0841,3,S0841,5,positive,0.9302,2.0,
S0841,3,S0841,7,positive,0.8654,4.0,
S0841,4,S0841,6,positive,0.8896,2.0,
S0841,5,S0841,6,positive,0.8586,1.0,
S0841,6,S0841,8,positive,0.921,2.0,
S0841,7,S0841,8,positive,0.95,1.0,
S0842,1,S0842,3,positive,0.8239,2.0,
S0842,1,S0842,4,positive,0.7649,3.0,
S0842,2,S0842,5,positive,0.757,3.0,
S0842,3,S0842,5,positive,0.95,2.0,
S0842,4,S0842,5,positive,0.95,1.0,
S0842,4,S0842,6,positive,0.8437,2.0,
S0842,5,S0842,6,positive,0.95,1.0,
S0843,1,S0843,3,positive,0.8414,2.0,
S0843,1,S0843,4,positive,0.9159,3.0,
S0843,1,S0843,7,positive,0.7151,6.0,
S0843,1,S0843,8,positive,0.66,7.0,
S0843,2,S0843,6,positive,0.894,4.0,
S0843,3,S0843,4,positive,0.8633,1.0,
S0843,3,S0843,6,positive,0.7566,3.0,
S0843,4,S0843,6,positive,0.814,2.0,
S0843,4,S0843,8,positive,0.7486,4.0,
S0843,5,S0843,8,positive,0.9131,3.0,
S0843,7,S0843,8,positive,0.95,1.0,
S0844,1,S0844,7,positive,0.788,6.0,
S0844,2,S0844,3,positive,0.9037,1.0,
S0844,2,S0844,5,positive,0.872,3.0,
S0844,3,S0844,7,positive,0.8169,4.0,
S0844,4,S0844,5,positive,0.95,1.0,
S0844,4,S0844,6,positive,0.8777,2.0,
S0844,5,S0844,8,positive,0.8617,3.0,
S0844,6,S0844,7,positive,0.95,1.0,
S0845,1,S0845,6,positive,0.792,5.0,
S0845,2,S0845,8,positive,0.7093,6.0,
S0845,3,S0845,4,positive,0.8928,1.0,
S0845,3,S0845,5,positive,0.95,2.0,
S0845,4,S0845,5,positive,0.8852,1.0,
S0845,6,S0845,8,positive,0.8475,2.0,
S0846,3,S0846,7,positive,0.872,4.0,
S0846,3,S0846,8,positive,0.6639,5.0,
S0846,4,S0846,5,positive,0.8656,1.0,
S0846,4,S0846,8,positive,0.8482,4.0,
S0846,5,S0846,7,positive,0.95,2.0,
S0846,6,S0846,8,positive,0.84,2.0,
S0847,3,S0847,4,positive,0.95,1.0,
S0847,3,S0847,7,positive,0.7865,4.0,
S0847,3,S0847,8,positive,0.6871,5.0,
S0847,6,S0847,7,positive,0.914,1.0,
S0848,1,S0848,4,positive,0.8478,3.0,
S0848,1,S0848,7,positive,0.7044,6.0,
S0848,2,S0848,4,positive,0.9451,2.0,
S0848,2,S0848,5,positive,0.8886,3.0,
S0848,2,S0848,8,positive,0.611,6.0,
S0848,3,S0848,5,positive,0.8396,2.0,
S0848,5,S0848,7,positive,0.95,2.0,
S0848,6,S0848,8,positive,0.9119,2.0,
S0849,1,S0849,2,positive,0.8601,1.0,
S0849,1,S0849,8,positive,0.6095,7.0,
S0849,2,S0849,8,positive,0.7489,6.0,
S0849,3,S0849,6,positive,0.93,3.0,
S0849,4,S0849,5,positive,0.95,1.0,
S0849,4,S0849,8,positive,0.8191,4.0,
S0849,5,S0849,8,positive,0.8192,3.0,
S0849,6,S0849,7,positive,0.8961,1.0,
S0849,7,S0849,8,positive,0.95,1.0,
S0850,1,S0850,6,positive,0.6573,5.0,
S0850,1,S0850,8,positive,0.7973,7.0,
S0850,2,S0850,3,positive,0.9485,1.0,
S0850,2,S0850,5,positive,0.8691,3.0,
S0850,2,S0850,6,positive,0.7569,4.0,
S0850,2,S0850,8,positive,0.734,6.0,
S0850,3,S0850,6,positive,0.7996,3.0,
S0850,3,S0850,7,positive,0.7305,4.0,
S0850,4,S0850,8,positive,0.7307,4.0,
S0850,5,S0850,7,positive,0.9161,2.0,
S0850,6,S0850,7,positive,0.95,1.0,
S0850,7,S0850,8,positive,0.95,1.0,
S0851,1,S0851,2,positive,0.9045,1.0,
S0851,1,S0851,4,positive,0.8675,3.0,
S0851,2,S0851,3,positive,0.9283,1.0,
S0851,2,S0851,5,positive,0.7728,3.0,
S0851,2,S0851,7,positive,0.7974,5.0,
S0851,2,S0851,8,positive,0.7859,6.0,
S0851,3,S0851,4,positive,0.95,1.0,
S0851,3,S0851,8,positive,0.7696,5.0,
S0851,5,S0851,6,positive,0.9172,1.0,
S0851,6,S0851,7,positive,0.8636,1.0,
S0851,7,S0851,8,positive,0.8777,1.0,
S0852,1,S0852,7,positive,0.7962,6.0,
S0852,2,S0852,6,positive,0.8265,4.0,
S0852,2,S0852,7,positive,0.792,5.0,
S0852,3,S0852,5,positive,0.9492,2.0,
S0852,3,S0852,7,positive,0.7557,4.0,
S0852,4,S0852,7,positive,0.7651,3.0,
S0852,6,S0852,8,positive,0.95,2.0,
S0852,7,S0852,8,positive,0.95,1.0,
S0853,1,S0853,5,positive,0.7672,4.0,
S0853,1,S0853,6,positive,0.8192,5.0,
S0853,4,S0853,5,positive,0.95,1.0,
S0853,4,S0853,8,positive,0.7108,4.0,
S0853,5,S0853,6,positive,0.8932,1.0,
S0854,1,S0854,2,positive,0.95,1.0,
S0854,1,S0854,7,positive,0.7466,6.0,
S0854,2,S0854,7,positive,0.7418,5.0,
S0854,3,S0854,7,positive,0.7721,4.0,
S0854,4,S0854,7,positive,0.7823,3.0,
S0854,5,S0854,6,positive,0.8761,1.0,
S0854,6,S0854,7,positive,0.95,1.0,
S0854,6,S0854,8,positive,0.8322,2.0,
S0855,1,S0855,3,positive,0.8613,2.0,
S0855,1,S0855,5,positive,0.7804,4.0,
S0855,2,S0855,3,positive,0.9378,1.0,
S0855,2,S0855,5,positive,0.7622,3.0,
S0855,3,S0855,5,positive,0.9487,2.0,
S0855,3,S0855,8,positive,0.7511,5.0,
S0855,4,S0855,5,positive,0.9242,1.0,
S0855,4,S0855,6,positive,0.8336,2.0,
S0855,5,S0855,8,positive,0.7756,3.0,
S0856,2,S0856,3,positive,0.8758,1.0,
S0856,2,S0856,5,positive,0.8613,3.0,
S0856,2,S0856,6,positive,0.7332,4.0,
S0856,2,S0856,8,positive,0.6621,6.0,
S0856,3,S0856,6,positive,0.8368,3.0,
S0856,3,S0856,8,positive,0.7632,5.0,
S0856,4,S0856,8,positive,0.7735,4.0,
S0856,5,S0856,7,positive,0.9288,2.0,
S0856,6,S0856,8,positive,0.9328,2.0,
S0856,7,S0856,8,positive,0.95,1.0,
S0857,1,S0857,5,positive,0.7252,4.0,
S0857,1,S0857,7,positive,0.709,6.0,
S0857,2,S0857,8,positive,0.7575,6.0,
S0857,3,S0857,5,positive,0.8311,2.0,
S0857,4,S0857,5,positive,0.9291,1.0,
S0857,4,S0857,6,positive,0.8972,2.0,
S0857,5,S0857,7,positive,0.95,2.0,
S0857,5,S0857,8,positive,0.8645,3.0,
S0858,1,S0858,3,positive,0.8143,2.0,
S0858,1,S0858,7,positive,0.6371,6.0,
S0858,1,S0858,8,positive,0.7291,7.0,
S0858,2,S0858,4,positive,0.95,2.0,
S0858,2,S0858,7,positive,0.7878,5.0,
S0858,3,S0858,5,positive,0.95,2.0,
S0858,3,S0858,7,positive,0.899,4.0,
S0858,5,S0858,7,positive,0.8988,2.0,
S0858,5,S0858,8,positive,0.904,3.0,
S0858,6,S0858,7,positive,0.8687,1.0,
S0858,6,S0858,8,positive,0.919,2.0,
S0859,1,S0859,3,positive,0.857,2.0,
S0859,1,S0859,4,positive,0.9125,3.0,
S0859,2,S0859,8,positive,0.7552,6.0,
S0859,4,S0859,6,positive,0.9097,2.0,
S0860,1,S0860,3,positive,0.8939,2.0,
S0860,1,S0860,6,positive,0.728,5.0,
S0860,1,S0860,7,positive,0.7759,6.0,
S0860,1,S0860,8,positive,0.7167,7.0,
S0860,2,S0860,4,positive,0.95,2.0,
S0860,2,S0860,8,positive,0.6383,6.0,
S0860,3,S0860,7,positive,0.8939,4.0,
S0860,5,S0860,6,positive,0.95,1.0,
S0860,7,S0860,8,positive,0.95,1.0,
S0861,1,S0861,5,positive,0.8297,4.0,
S0861,1,S0861,7,positive,0.7808,6.0,
S0861,4,S0861,7,positive,0.8206,3.0,
S0861,4,S0861,8,positive,0.8063,4.0,
S0861,5,S0861,7,positive,0.8658,2.0,
S0861,7,S0861,8,positive,0.95,1.0,
S0862,3,S0862,4,positive,0.95,1.0,
S0862,3,S0862,8,positive,0.6792,5.0,
S0862,4,S0862,6,positive,0.857,2.0,
S0862,4,S0862,8,positive,0.7333,4.0,
S0862,5,S0862,8,positive,0.8274,3.0,
S0862,6,S0862,7,positive,0.9446,1.0,
S0863,1,S0863,4,positive,0.9223,3.0,
S0863,1,S0863,8,positive,0.6106,7.0,
S0863,2,S0863,7,positive,0.6528,5.0,
S0863,3,S0863,6,positive,0.812,3.0,
S0863,4,S0863,6,positive,0.8344,2.0,
S0863,4,S0863,7,positive,0.7919,3.0,
S0863,4,S0863,8,positive,0.7949,4.0,
S0863,5,S0863,6,positive,0.95,1.0,
S0863,6,S0863,7,positive,0.95,1.0,
S0863,6,S0863,8,positive,0.95,2.0,
S0864,1,S0864,5,positive,0.7758,4.0,
S0864,1,S0864,8,positive,0.6774,7.0,
S0864,2,S0864,3,positive,0.8621,1.0,
S0864,2,S0864,7,positive,0.7631,5.0,
S0864,4,S0864,6,positive,0.8347,2.0,
S0864,6,S0864,7,positive,0.95,1.0,
S0865,1,S0865,5,positive,0.7218,4.0,
S0865,1,S0865,6,positive,0.8086,5.0,
S0865,1,S0865,8,positive,0.6349,7.0,
S0865,2,S0865,4,positive,0.95,2.0,
S0865,2,S0865,6,positive,0.7004,4.0,
S0865,3,S0865,4,positive,0.918,1.0,
S0865,3,S0865,5,positive,0.95,2.0,
S0865,3,S0865,7,positive,0.7275,4.0,
S0865,4,S0865,8,positive,0.8339,4.0,
S0865,5,S0865,7,positive,0.8885,2.0,
S0866,1,S0866,2,positive,0.8877,1.0,
S0866,2,S0866,4,positive,0.8698,2.0,
S0866,2,S0866,7,positive,0.7509,5.0,
S0866,3,S0866,7,positive,0.7727,4.0,
S0866,4,S0866,5,positive,0.91,1.0,
S0866,4,S0866,8,positive,0.7448,4.0,
S0866,6,S0866,8,positive,0.95,2.0,
S0867,1,S0867,5,positive,0.7466,4.0,
S0867,1,S0867,6,positive,0.6938,5.0,
S0867,1,S0867,8,positive,0.7122,7.0,
S0867,2,S0867,8,positive,0.6073,6.0,
S0867,4,S0867,5,positive,0.8936,1.0,
S0867,4,S0867,6,positive,0.8073,2.0,
S0868,1,S0868,4,positive,0.7675,3.0,
S0868,2,S0868,8,positive,0.666,6.0,
S0868,3,S0868,5,positive,0.9403,2.0,
S0868,3,S0868,8,positive,0.8282,5.0,
S0868,4,S0868,5,positive,0.8675,1.0,
S0868,4,S0868,7,positive,0.9375,3.0,
S0868,5,S0868,6,positive,0.8982,1.0,
S0868,5,S0868,7,positive,0.95,2.0,
S0868,7,S0868,8,positive,0.95,1.0,
S0869,1,S0869,4,positive,0.9425,3.0,
S0869,1,S0869,5,positive,0.8058,4.0,
S0869,1,S0869,6,positive,0.7723,5.0,
S0869,1,S0869,8,positive,0.6815,7.0,
S0869,3,S0869,7,positive,0.86,4.0,
S0869,4,S0869,5,positive,0.9042,1.0,
S0869,6,S0869,7,positive,0.95,1.0,
S0869,6,S0869,8,positive,0.888,2.0,
S0870,1,S0870,3,positive,0.941,2.0,
S0870,1,S0870,4,positive,0.8438,3.0,
S0870,1,S0870,5,positive,0.7888,4.0,
S0870,1,S0870,7,positive,0.7542,6.0,
S0870,2,S0870,3,positive,0.95,1.0,
S0870,2,S0870,8,positive,0.6523,6.0,
S0870,3,S0870,6,positive,0.7673,3.0,
S0870,5,S0870,6,positive,0.95,1.0,
S0871,1,S0871,5,positive,0.7098,4.0,
S0871,4,S0871,5,positive,0.95,1.0,
S0871,4,S0871,6,positive,0.9084,2.0,
S0871,4,S0871,8,positive,0.7034,4.0,
S0871,6,S0871,7,positive,0.9063,1.0,
S0872,1,S0872,2,positive,0.9471,1.0,
S0872,1,S0872,5,positive,0.7699,4.0,
S0872,1,S0872,6,positive,0.6987,5.0,
S0872,2,S0872,8,positive,0.7137,6.0,
S0873,1,S0873,4,positive,0.9356,3.0,
S0873,1,S0873,7,positive,0.7687,6.0,
S0873,2,S0873,5,positive,0.8342,3.0,
S0873,3,S0873,4,positive,0.95,1.0,
S0873,4,S0873,6,positive,0.8639,2.0,
S0873,4,S0873,8,positive,0.8496,4.0,
S0873,5,S0873,8,positive,0.8846,3.0,
S0873,6,S0873,8,positive,0.8043,2.0,
S0873,7,S0873,8,positive,0.95,1.0,
S0874,1,S0874,3,positive,0.95,2.0,
S0874,1,S0874,7,positive,0.7962,6.0,
S0874,1,S0874,8,positive,0.624,7.0,
S0874,2,S0874,4,positive,0.9348,2.0,
S0874,2,S0874,5,positive,0.8781,3.0,
S0874,3,S0874,4,positive,0.863,1.0,
S0874,3,S0874,5,positive,0.8876,2.0,
S0874,5,S0874,6,positive,0.95,1.0,
S0874,7,S0874,8,positive,0.9265,1.0,
S0875,1,S0875,6,positive,0.7045,5.0,
S0875,1,S0875,7,positive,0.6859,6.0,
S0875,1,S0875,8,positive,0.6265,7.0,
S0875,2,S0875,4,positive,0.9303,2.0,
S0875,2,S0875,7,positive,0.8468,5.0,
S0875,3,S0875,6,positive,0.8258,3.0,
S0875,3,S0875,8,positive,0.7484,5.0,
S0875,5,S0875,7,positive,0.95,2.0,
S0876,1,S0876,2,positive,0.95,1.0,
S0876,1,S0876,3,positive,0.95,2.0,
S0876,1,S0876,6,positive,0.7263,5.0,
S0876,1,S0876,8,positive,0.6079,7.0,
S0876,2,S0876,3,positive,0.95,1.0,
S0876,2,S0876,5,positive,0.9178,3.0,
S0876,2,S0876,8,positive,0.7129,6.0,
S0876,3,S0876,4,positive,0.95,1.0,
S0876,5,S0876,7,positive,0.8809,2.0,
S0876,6,S0876,8,positive,0.95,2.0,
S0877,1,S0877,4,positive,0.7838,3.0,
S0877,1,S0877,7,positive,0.7808,6.0,
S0877,1,S0877,8,positive,0.7606,7.0,
S0877,2,S0877,4,positive,0.9296,2.0,
S0877,3,S0877,6,positive,0.9451,3.0,
S0877,4,S0877,6,positive,0.95,2.0,
S0877,5,S0877,6,positive,0.891,1.0,
S0877,5,S0877,7,positive,0.8437,2.0,
S0878,1,S0878,4,positive,0.8273,3.0,
S0878,1,S0878,5,positive,0.7091,4.0,
S0878,1,S0878,7,positive,0.7213,6.0,
S0878,2,S0878,7,positive,0.8339,5.0,
S0878,3,S0878,4,positive,0.95,1.0,
S0878,3,S0878,7,positive,0.7838,4.0,
S0878,3,S0878,8,positive,0.8269,5.0,
S0879,1,S0879,2,positive,0.95,1.0,
S0879,1,S0879,5,positive,0.7997,4.0,
S0879,1,S0879,6,positive,0.6668,5.0,
S0879,1,S0879,7,positive,0.7894,6.0,
S0879,1,S0879,8,positive,0.6582,7.0,
S0879,3,S0879,4,positive,0.9429,1.0,
S0879,4,S0879,7,positive,0.9144,3.0,
S0879,4,S0879,8,positive,0.8307,4.0,
S0879,5,S0879,8,positive,0.947,3.0,
S0879,6,S0879,8,positive,0.8706,2.0,
S0880,1,S0880,4,positive,0.8039,3.0,
S0880,1,S0880,6,positive,0.8234,5.0,
S0880,2,S0880,4,positive,0.9447,2.0,
S0880,2,S0880,6,positive,0.8238,4.0,
S0880,2,S0880,7,positive,0.7615,5.0,
S0880,2,S0880,8,positive,0.6382,6.0,
S0880,3,S0880,6,positive,0.93,3.0,
S0880,3,S0880,7,positive,0.8653,4.0,
S0880,4,S0880,5,positive,0.9138,1.0,
S0880,5,S0880,6,positive,0.95,1.0,
S0881,1,S0881,4,positive,0.7567,3.0,
S0881,2,S0881,5,positive,0.8709,3.0,
S0881,2,S0881,6,positive,0.8979,4.0,
S0881,2,S0881,7,positive,0.806,5.0,
S0881,4,S0881,5,positive,0.95,1.0,
S0881,4,S0881,6,positive,0.8076,2.0,
S0881,4,S0881,8,positive,0.7582,4.0,
S0881,5,S0881,8,positive,0.9207,3.0,
S0882,1,S0882,4,positive,0.8771,3.0,
S0882,1,S0882,6,positive,0.7535,5.0,
S0882,1,S0882,8,positive,0.6086,7.0,
S0882,2,S0882,3,positive,0.95,1.0,
S0882,2,S0882,6,positive,0.8951,4.0,
S0882,6,S0882,8,positive,0.919,2.0,
S0883,1,S0883,4,positive,0.911,3.0,
S0883,1,S0883,7,positive,0.7597,6.0,
S0883,2,S0883,4,positive,0.95,2.0,
S0883,3,S0883,5,positive,0.8983,2.0,
S0883,4,S0883,6,positive,0.9312,2.0,
S0883,4,S0883,7,positive,0.9383,3.0,
S0883,5,S0883,6,positive,0.9472,1.0,
S0883,5,S0883,7,positive,0.95,2.0,
S0883,5,S0883,8,positive,0.8437,3.0,
S0883,6,S0883,7,positive,0.95,1.0,
S0883,6,S0883,8,positive,0.95,2.0,
S0884,1,S0884,2,positive,0.95,1.0,
S0884,1,S0884,4,positive,0.921,3.0,
S0884,2,S0884,5,positive,0.916,3.0,
S0884,3,S0884,4,positive,0.95,1.0,
S0884,3,S0884,6,positive,0.8425,3.0,
S0884,3,S0884,7,positive,0.7727,4.0,
S0884,3,S0884,8,positive,0.7475,5.0,
S0884,5,S0884,8,positive,0.9118,3.0,
S0885,1,S0885,3,positive,0.8619,2.0,
S0885,1,S0885,5,positive,0.8259,4.0,
S0885,2,S0885,4,positive,0.9365,2.0,
S0885,2,S0885,8,positive,0.7275,6.0,
S0885,3,S0885,5,positive,0.8536,2.0,
S0885,4,S0885,6,positive,0.95,2.0,
S0885,4,S0885,7,positive,0.9322,3.0,
S0885,5,S0885,7,positive,0.8795,2.0,
S0885,5,S0885,8,positive,0.9401,3.0,
S0885,6,S0885,7,positive,0.9177,1.0,
S0886,1,S0886,6,positive,0.7091,5.0,
S0886,1,S0886,7,positive,0.6893,6.0,
S0886,2,S0886,6,positive,0.7946,4.0,
S0886,2,S0886,8,positive,0.6936,6.0,
S0886,3,S0886,4,positive,0.95,1.0,
S0886,4,S0886,8,positive,0.895,4.0,
S0886,7,S0886,8,positive,0.8708,1.0,
S0887,1,S0887,2,positive,0.931,1.0,
S0887,1,S0887,3,positive,0.8062,2.0,
S0887,1,S0887,5,positive,0.7968,4.0,
S0887,1,S0887,6,positive,0.7091,5.0,
S0887,1,S0887,7,positive,0.7353,6.0,
S0887,2,S0887,4,positive,0.8945,2.0,
S0887,2,S0887,5,positive,0.8555,3.0,
S0887,2,S0887,6,positive,0.8695,4.0,
S0887,3,S0887,5,positive,0.8888,2.0,
S0887,3,S0887,7,positive,0.8746,4.0,
S0887,4,S0887,5,positive,0.9251,1.0,
S0887,4,S0887,6,positive,0.95,2.0,
S0887,4,S0887,7,positive,0.8106,3.0,
S0887,5,S0887,6,positive,0.95,1.0,
S0887,5,S0887,8,positive,0.8243,3.0,
S0887,6,S0887,8,positive,0.8635,2.0,
S0887,7,S0887,8,positive,0.95,1.0,
S0888,2,S0888,6,positive,0.8078,4.0,
S0888,3,S0888,8,positive,0.6555,5.0,
S0888,4,S0888,6,positive,0.9431,2.0,
S0889,1,S0889,3,positive,0.9099,2.0,
S0889,1,S0889,5,positive,0.8528,4.0,
S0889,1,S0889,7,positive,0.6304,6.0,
S0889,1,S0889,8,positive,0.6329,7.0,
S0889,2,S0889,8,positive,0.7471,6.0,
S0889,3,S0889,5,positive,0.9086,2.0,
S0889,4,S0889,5,positive,0.95,1.0,
S0890,1,S0890,5,positive,0.8577,4.0,
S0890,1,S0890,7,positive,0.7124,6.0,
S0890,2,S0890,7,positive,0.798,5.0,
S0890,2,S0890,8,positive,0.7098,6.0,
S0890,3,S0890,8,positive,0.7746,5.0,
S0890,4,S0890,6,positive,0.95,2.0,
S0890,4,S0890,8,positive,0.801,4.0,
S0890,5,S0890,8,positive,0.8682,3.0,
S0891,1,S0891,6,positive,0.679,5.0,
S0891,2,S0891,4,positive,0.8782,2.0,
S0891,2,S0891,8,positive,0.6399,6.0,
S0891,3,S0891,8,positive,0.7393,5.0,
S0891,4,S0891,8,positive,0.8303,4.0,
S0891,5,S0891,8,positive,0.8516,3.0,
S0891,6,S0891,8,positive,0.8067,2.0,
S0892,1,S0892,6,positive,0.6738,5.0,
S0892,1,S0892,7,positive,0.7638,6.0,
S0892,2,S0892,4,positive,0.8862,2.0,
S0892,3,S0892,6,positive,0.7876,3.0,
S0892,5,S0892,8,positive,0.839,3.0,
S0892,6,S0892,7,positive,0.95,1.0,
S0893,1,S0893,4,positive,0.9106,3.0,
S0893,1,S0893,6,positive,0.8264,5.0,
S0893,1,S0893,7,positive,0.6865,6.0,
S0893,2,S0893,8,positive,0.6008,6.0,
S0893,3,S0893,4,positive,0.9314,1.0,
S0893,3,S0893,8,positive,0.8469,5.0,
S0893,4,S0893,5,positive,0.95,1.0,
S0893,4,S0893,6,positive,0.8145,2.0,
S0893,4,S0893,7,positive,0.9016,3.0,
S0893,5,S0893,7,positive,0.95,2.0,
S0893,5,S0893,8,positive,0.9154,3.0,
S0893,7,S0893,8,positive,0.95,1.0,
S0894,1,S0894,2,positive,0.8516,1.0,
S0894,1,S0894,7,positive,0.663,6.0,
S0894,2,S0894,3,positive,0.9182,1.0,
S0894,2,S0894,4,positive,0.95,2.0,
S0894,2,S0894,5,positive,0.8865,3.0,
S0894,2,S0894,7,positive,0.8442,5.0,
S0894,3,S0894,7,positive,0.7588,4.0,
S0894,3,S0894,8,positive,0.6697,5.0,
S0894,4,S0894,6,positive,0.8896,2.0,
S0894,4,S0894,7,positive,0.8795,3.0,
S0894,4,S0894,8,positive,0.8464,4.0,
S0894,5,S0894,8,positive,0.8594,3.0,
S0894,6,S0894,8,positive,0.8375,2.0,
S0895,1,S0895,4,positive,0.8956,3.0,
S0895,1,S0895,8,positive,0.6152,7.0,
S0895,3,S0895,6,positive,0.7553,3.0,
S0895,5,S0895,7,positive,0.8152,2.0,
S0896,1,S0896,7,positive,0.6179,6.0,
S0896,2,S0896,4,positive,0.8895,2.0,
S0896,2,S0896,5,positive,0.8795,3.0,
S0896,3,S0896,8,positive,0.6934,5.0,
S0896,4,S0896,5,positive,0.95,1.0,
S0896,4,S0896,6,positive,0.95,2.0,
S0896,5,S0896,8,positive,0.9495,3.0,
S0897,1,S0897,2,positive,0.8571,1.0,
S0897,1,S0897,8,positive,0.7165,7.0,
S0897,2,S0897,4,positive,0.8494,2.0,
S0897,2,S0897,7,positive,0.769,5.0,
S0897,2,S0897,8,positive,0.6759,6.0,
S0897,5,S0897,7,positive,0.8485,2.0,
S0897,6,S0897,7,positive,0.95,1.0,
S0897,7,S0897,8,positive,0.95,1.0,
S0898,1,S0898,6,positive,0.7116,5.0,
S0898,1,S0898,7,positive,0.664,6.0,
S0898,2,S0898,5,positive,0.9209,3.0,
S0898,2,S0898,7,positive,0.7084,5.0,
S0898,3,S0898,4,positive,0.8992,1.0,
S0898,3,S0898,6,positive,0.7621,3.0,
S0898,3,S0898,8,positive,0.8318,5.0,
S0898,4,S0898,7,positive,0.851,3.0,
S0898,4,S0898,8,positive,0.8369,4.0,
S0898,7,S0898,8,positive,0.9065,1.0,
S0899,1,S0899,2,positive,0.9407,1.0,
S0899,1,S0899,5,positive,0.7893,4.0,
S0899,2,S0899,4,positive,0.95,2.0,
S0899,3,S0899,8,positive,0.6936,5.0,
S0899,4,S0899,5,positive,0.9149,1.0,
S0899,5,S0899,6,positive,0.8526,1.0,
S0899,5,S0899,8,positive,0.8364,3.0,
S0899,6,S0899,7,positive,0.9226,1.0,
S0900,1,S0900,2,positive,0.95,1.0,
S0900,1,S0900,3,positive,0.937,2.0,
S0900,1,S0900,5,positive,0.8193,4.0,
S0900,2,S0900,6,positive,0.775,4.0,
S0900,7,S0900,8,positive,0.8674,1.0,
S0901,1,S0901,3,positive,0.8724,2.0,
S0901,1,S0901,4,positive,0.8481,3.0,
S0901,1,S0901,6,positive,0.7753,5.0,
S0901,1,S0901,8,positive,0.6588,7.0,
S0901,2,S0901,3,positive,0.9246,1.0,
S0901,4,S0901,6,positive,0.9137,2.0,
S0901,4,S0901,7,positive,0.8424,3.0,
S0901,5,S0901,6,positive,0.95,1.0,
S0901,5,S0901,7,positive,0.8646,2.0,
S0901,6,S0901,8,positive,0.95,2.0,
S0902,1,S0902,4,positive,0.7783,3.0,
S0902,2,S0902,4,positive,0.9093,2.0,
S0902,2,S0902,5,positive,0.9387,3.0,
S0902,2,S0902,7,positive,0.8452,5.0,
S0902,3,S0902,8,positive,0.7607,5.0,
S0902,4,S0902,7,positive,0.9393,3.0,
S0902,5,S0902,6,positive,0.9173,1.0,
S0903,1,S0903,8,positive,0.7126,7.0,
S0903,2,S0903,3,positive,0.8701,1.0,
S0903,2,S0903,5,positive,0.9372,3.0,
S0903,3,S0903,5,positive,0.95,2.0,
S0903,3,S0903,7,positive,0.7245,4.0,
S0903,6,S0903,7,positive,0.9089,1.0,
S0903,6,S0903,8,positive,0.8798,2.0,
S0904,1,S0904,4,positive,0.7915,3.0,
S0904,1,S0904,6,positive,0.7931,5.0,
S0904,2,S0904,6,positive,0.7845,4.0,
S0904,3,S0904,6,positive,0.8075,3.0,
S0904,3,S0904,7,positive,0.8522,4.0,
S0904,3,S0904,8,positive,0.8432,5.0,
S0904,4,S0904,6,positive,0.8442,2.0,
S0904,5,S0904,6,positive,0.9223,1.0,
S0904,6,S0904,7,positive,0.95,1.0,
S0905,1,S0905,6,positive,0.7227,5.0,
S0905,1,S0905,7,positive,0.7579,6.0,
S0905,2,S0905,3,positive,0.95,1.0,
S0905,2,S0905,6,positive,0.7551,4.0,
S0905,2,S0905,7,positive,0.6587,5.0,
S0905,3,S0905,4,positive,0.9403,1.0,
S0905,4,S0905,5,positive,0.9146,1.0,
S0905,7,S0905,8,positive,0.9341,1.0,
S0906,1,S0906,3,positive,0.8293,2.0,
S0906,1,S0906,7,positive,0.6172,6.0,
S0906,2,S0906,6,positive,0.8869,4.0,
S0906,4,S0906,8,positive,0.8622,4.0,
S0906,5,S0906,7,positive,0.8416,2.0,
S0906,7,S0906,8,positive,0.95,1.0,
S0907,1,S0907,8,positive,0.6075,7.0,
S0907,2,S0907,4,positive,0.95,2.0,
S0907,2,S0907,6,positive,0.7733,4.0,
S0907,2,S0907,8,positive,0.7881,6.0,
S0907,4,S0907,5,positive,0.95,1.0,
S0907,4,S0907,7,positive,0.8781,3.0,
S0907,5,S0907,7,positive,0.8358,2.0,
S0907,5,S0907,8,positive,0.9162,3.0,
S0908,1,S0908,2,positive,0.95,1.0,
S0908,1,S0908,3,positive,0.95,2.0,
S0908,1,S0908,5,positive,0.7687,4.0,
S0908,2,S0908,6,positive,0.8417,4.0,
S0908,3,S0908,4,positive,0.8794,1.0,
S0908,3,S0908,6,positive,0.9267,3.0,
S0908,3,S0908,7,positive,0.7163,4.0,
S0908,5,S0908,6,positive,0.95,1.0,
S0908,5,S0908,7,positive,0.8112,2.0,
S0909,1,S0909,2,positive,0.95,1.0,
S0909,1,S0909,3,positive,0.8886,2.0,
S0909,1,S0909,6,positive,0.7497,5.0,
S0909,2,S0909,5,positive,0.9128,3.0,
S0909,3,S0909,6,positive,0.7887,3.0,
S0909,3,S0909,8,positive,0.7269,5.0,
S0909,4,S0909,5,positive,0.95,1.0,
S0909,4,S0909,6,positive,0.95,2.0,
S0909,5,S0909,6,positive,0.9185,1.0,
S0909,5,S0909,7,positive,0.9172,2.0,
S0909,5,S0909,8,positive,0.8134,3.0,
S0909,6,S0909,7,positive,0.95,1.0,
S0910,1,S0910,5,positive,0.827,4.0,
S0910,1,S0910,7,positive,0.628,6.0,
S0910,1,S0910,8,positive,0.706,7.0,
S0910,3,S0910,8,positive,0.8342,5.0,
S0910,6,S0910,7,positive,0.95,1.0,
S0910,7,S0910,8,positive,0.95,1.0,
S0911,1,S0911,6,positive,0.6732,5.0,
S0911,2,S0911,3,positive,0.8928,1.0,
S0911,3,S0911,4,positive,0.909,1.0,
S0911,3,S0911,5,positive,0.9363,2.0,
S0911,3,S0911,7,positive,0.8125,4.0,
S0911,3,S0911,8,positive,0.724,5.0,
S0911,4,S0911,5,positive,0.95,1.0,
S0911,4,S0911,8,positive,0.7542,4.0,
S0911,5,S0911,7,positive,0.9379,2.0,
S0912,1,S0912,6,positive,0.6853,5.0,
S0912,1,S0912,8,positive,0.6966,7.0,
S0912,2,S0912,5,positive,0.9499,3.0,
S0912,2,S0912,6,positive,0.8208,4.0,
S0912,2,S0912,8,positive,0.7258,6.0,
S0912,3,S0912,5,positive,0.95,2.0,
S0912,3,S0912,8,positive,0.7804,5.0,
S0912,4,S0912,8,positive,0.8324,4.0,
S0912,5,S0912,7,positive,0.9067,2.0,
S0913,1,S0913,2,positive,0.95,1.0,
S0913,1,S0913,4,positive,0.8894,3.0,
S0913,1,S0913,5,positive,0.7736,4.0,
S0913,2,S0913,3,positive,0.95,1.0,
S0913,2,S0913,5,positive,0.8778,3.0,
S0913,2,S0913,6,positive,0.8323,4.0,
S0913,3,S0913,7,positive,0.7648,4.0,
S0913,4,S0913,5,positive,0.95,1.0,
S0913,4,S0913,6,positive,0.9446,2.0,
S0913,6,S0913,7,positive,0.8669,1.0,
S0913,7,S0913,8,positive,0.95,1.0,
S0914,1,S0914,2,positive,0.9336,1.0,
S0914,1,S0914,4,positive,0.9091,3.0,
S0914,1,S0914,5,positive,0.788,4.0,
S0914,2,S0914,5,positive,0.8223,3.0,
S0914,2,S0914,6,positive,0.7027,4.0,
S0914,3,S0914,4,positive,0.8719,1.0,
S0914,3,S0914,5,positive,0.8188,2.0,
S0914,4,S0914,6,positive,0.8255,2.0,
S0914,4,S0914,7,positive,0.7667,3.0,
S0914,5,S0914,8,positive,0.8304,3.0,
S0914,6,S0914,8,positive,0.95,2.0,
S0915,1,S0915,4,positive,0.8187,3.0,
S0915,1,S0915,5,positive,0.736,4.0,
S0915,2,S0915,5,positive,0.8705,3.0,
S0915,3,S0915,4,positive,0.8651,1.0,
S0915,3,S0915,6,positive,0.8693,3.0,
S0915,4,S0915,5,positive,0.8991,1.0,
S0915,6,S0915,7,positive,0.8885,1.0,
S0916,1,S0916,3,positive,0.8025,2.0,
S0916,1,S0916,8,positive,0.6351,7.0,
S0916,2,S0916,4,positive,0.9007,2.0,
S0916,2,S0916,8,positive,0.6973,6.0,
S0916,3,S0916,4,positive,0.9235,1.0,
S0916,3,S0916,7,positive,0.7066,4.0,
S0916,4,S0916,6,positive,0.8502,2.0,
S0916,4,S0916,7,positive,0.9111,3.0,
S0916,4,S0916,8,positive,0.8223,4.0,
S0916,5,S0916,6,positive,0.95,1.0,
S0917,1,S0917,3,positive,0.8337,2.0,
S0917,1,S0917,4,positive,0.8888,3.0,
S0917,1,S0917,5,positive,0.8653,4.0,
S0917,2,S0917,7,positive,0.8085,5.0,
S0917,3,S0917,5,positive,0.95,2.0,
S0917,3,S0917,8,positive,0.8472,5.0,
S0917,4,S0917,6,positive,0.8041,2.0,
S0917,5,S0917,7,positive,0.9405,2.0,
S0918,1,S0918,5,positive,0.7224,4.0,
S0918,1,S0918,7,positive,0.634,6.0,
S0918,2,S0918,4,positive,0.9286,2.0,
S0918,4,S0918,7,positive,0.8994,3.0,
S0918,4,S0918,8,positive,0.7506,4.0,
S0918,5,S0918,7,positive,0.8849,2.0,
S0918,6,S0918,8,positive,0.8231,2.0,
S0918,7,S0918,8,positive,0.9372,1.0,
S0919,1,S0919,3,positive,0.8761,2.0,
S0919,1,S0919,5,positive,0.8349,4.0,
S0919,1,S0919,8,positive,0.6963,7.0,
S0919,2,S0919,4,positive,0.95,2.0,
S0919,3,S0919,4,positive,0.95,1.0,
S0919,3,S0919,5,positive,0.9384,2.0,
S0919,3,S0919,8,positive,0.7708,5.0,
S0919,4,S0919,6,positive,0.8228,2.0,
S0920,1,S0920,2,positive,0.866,1.0,
S0920,1,S0920,4,positive,0.8628,3.0,
S0920,2,S0920,3,positive,0.95,1.0,
S0920,2,S0920,4,positive,0.9314,2.0,
S0920,2,S0920,8,positive,0.6776,6.0,
S0920,3,S0920,4,positive,0.9292,1.0,
S0920,4,S0920,6,positive,0.9059,2.0,
S0920,5,S0920,7,positive,0.8969,2.0,
S0921,2,S0921,4,positive,0.8241,2.0,
S0921,2,S0921,7,positive,0.8148,5.0,
S0921,4,S0921,8,positive,0.8739,4.0,
S0921,5,S0921,6,positive,0.8894,1.0,
S0921,6,S0921,7,positive,0.95,1.0,
S0921,6,S0921,8,positive,0.95,2.0,
S0921,7,S0921,8,positive,0.9236,1.0,
S0922,1,S0922,4,positive,0.7658,3.0,
S0922,1,S0922,7,positive,0.6096,6.0,
S0922,2,S0922,6,positive,0.824,4.0,
S0922,4,S0922,5,positive,0.95,1.0,
S0922,4,S0922,6,positive,0.95,2.0,
S0922,6,S0922,7,positive,0.95,1.0,
S0922,7,S0922,8,positive,0.95,1.0,
S0923,1,S0923,5,positive,0.7229,4.0,
S0923,1,S0923,7,positive,0.6291,6.0,
S0923,1,S0923,8,positive,0.6817,7.0,
S0923,2,S0923,5,positive,0.8148,3.0,
S0923,3,S0923,5,positive,0.95,2.0,
S0923,3,S0923,7,positive,0.8228,4.0,
S0923,3,S0923,8,positive,0.6804,5.0,
S0923,4,S0923,5,positive,0.95,1.0,
S0923,4,S0923,6,positive,0.8885,2.0,
S0923,6,S0923,7,positive,0.95,1.0,
S0923,6,S0923,8,positive,0.9262,2.0,
S0923,7,S0923,8,positive,0.8756,1.0,
S0924,1,S0924,2,positive,0.9133,1.0,
S0924,2,S0924,7,positive,0.7328,5.0,
S0924,2,S0924,8,positive,0.6515,6.0,
S0924,3,S0924,4,positive,0.95,1.0,
S0924,3,S0924,5,positive,0.9207,2.0,
S0924,3,S0924,6,positive,0.8745,3.0,
S0924,4,S0924,6,positive,0.8344,2.0,
S0925,1,S0925,3,positive,0.8814,2.0,
S0925,1,S0925,8,positive,0.6717,7.0,
S0925,3,S0925,4,positive,0.861,1.0,
S0925,4,S0925,6,positive,0.95,2.0,
S0925,4,S0925,8,positive,0.7493,4.0,
S0926,1,S0926,2,positive,0.9071,1.0,
S0926,1,S0926,3,positive,0.95,2.0,
S0926,1,S0926,8,positive,0.7975,7.0,
S0926,3,S0926,4,positive,0.8679,1.0,
S0926,3,S0926,8,positive,0.7293,5.0,
S0926,4,S0926,5,positive,0.95,1.0,
S0926,4,S0926,6,positive,0.8222,2.0,
S0926,4,S0926,7,positive,0.891,3.0,
S0926,5,S0926,7,positive,0.9222,2.0,
S0926,6,S0926,7,positive,0.9409,1.0,
S0926,7,S0926,8,positive,0.9067,1.0,
S0927,2,S0927,4,positive,0.95,2.0,
S0927,2,S0927,7,positive,0.8345,5.0,
S0927,3,S0927,4,positive,0.9154,1.0,
S0927,3,S0927,5,positive,0.9135,2.0,
S0927,3,S0927,6,positive,0.8158,3.0,
S0927,4,S0927,5,positive,0.9031,1.0,
S0927,5,S0927,6,positive,0.95,1.0,
S0927,5,S0927,7,positive,0.95,2.0,
S0928,1,S0928,6,positive,0.7086,5.0,
S0928,1,S0928,7,positive,0.7436,6.0,
S0928,2,S0928,5,positive,0.878,3.0,
S0928,3,S0928,4,positive,0.9301,1.0,
S0928,3,S0928,5,positive,0.95,2.0,
S0928,3,S0928,8,positive,0.7893,5.0,
S0928,5,S0928,7,positive,0.8949,2.0,
S0928,5,S0928,8,positive,0.7635,3.0,
S0929,1,S0929,2,positive,0.95,1.0,
S0929,2,S0929,3,positive,0.8507,1.0,
S0929,2,S0929,4,positive,0.9162,2.0,
S0929,2,S0929,5,positive,0.9054,3.0,
S0929,2,S0929,8,positive,0.7985,6.0,
S0929,3,S0929,7,positive,0.8675,4.0,
S0929,4,S0929,7,positive,0.8936,3.0,
S0929,5,S0929,6,positive,0.95,1.0,
S0929,5,S0929,7,positive,0.8717,2.0,
S0929,6,S0929,7,positive,0.8943,1.0,
S0930,1,S0930,4,positive,0.9281,3.0,
S0930,1,S0930,5,positive,0.7298,4.0,
S0930,1,S0930,6,positive,0.6815,5.0,
S0930,2,S0930,5,positive,0.7647,3.0,
S0930,2,S0930,6,positive,0.7898,4.0,
S0930,2,S0930,7,positive,0.6588,5.0,
S0930,2,S0930,8,positive,0.7746,6.0,
S0930,3,S0930,8,positive,0.7384,5.0,
S0930,5,S0930,6,positive,0.95,1.0,
S0930,6,S0930,8,positive,0.8003,2.0,
S0931,1,S0931,3,positive,0.8101,2.0,
S0931,1,S0931,4,positive,0.8454,3.0,
S0931,1,S0931,5,positive,0.8182,4.0,
S0931,1,S0931,7,positive,0.7941,6.0,
S0931,2,S0931,3,positive,0.95,1.0,
S0931,2,S0931,7,positive,0.6902,5.0,
S0931,3,S0931,6,positive,0.8451,3.0,
S0931,3,S0931,8,positive,0.7771,5.0,
S0931,4,S0931,6,positive,0.95,2.0,
S0931,5,S0931,8,positive,0.8197,3.0,
S0931,7,S0931,8,positive,0.8778,1.0,
S0932,1,S0932,8,positive,0.716,7.0,
S0932,3,S0932,5,positive,0.826,2.0,
S0932,3,S0932,6,positive,0.8405,3.0,
S0932,3,S0932,8,positive,0.8355,5.0,
S0932,4,S0932,8,positive,0.7014,4.0,
S0933,1,S0933,3,positive,0.893,2.0,
S0933,1,S0933,4,positive,0.8077,3.0,
S0933,1,S0933,5,positive,0.7187,4.0,
S0933,1,S0933,6,positive,0.68,5.0,
S0933,2,S0933,4,positive,0.95,2.0,
S0933,3,S0933,6,positive,0.778,3.0,
S0933,3,S0933,8,positive,0.7461,5.0,
S0933,5,S0933,8,positive,0.8785,3.0,
S0934,2,S0934,7,positive,0.7863,5.0,
S0934,3,S0934,6,positive,0.8813,3.0,
S0934,4,S0934,5,positive,0.8689,1.0,
S0934,4,S0934,7,positive,0.7612,3.0,
S0934,5,S0934,6,positive,0.95,1.0,
S0934,5,S0934,8,positive,0.8047,3.0,
S0934,6,S0934,7,positive,0.95,1.0,
S0934,6,S0934,8,positive,0.8124,2.0,
S0935,1,S0935,5,positive,0.7794,4.0,
S0935,2,S0935,4,positive,0.8808,2.0,
S0935,2,S0935,7,positive,0.706,5.0,
S0935,3,S0935,5,positive,0.8371,2.0,
S0935,4,S0935,6,positive,0.9086,2.0,
S0935,4,S0935,8,positive,0.7003,4.0,
S0935,5,S0935,7,positive,0.893,2.0,
S0935,5,S0935,8,positive,0.9388,3.0,
S0936,1,S0936,7,positive,0.7845,6.0,
S0936,2,S0936,6,positive,0.74,4.0,
S0936,2,S0936,7,positive,0.7012,5.0,
S0936,3,S0936,4,positive,0.95,1.0,
S0936,3,S0936,5,positive,0.9008,2.0,
S0936,4,S0936,5,positive,0.95,1.0,
S0936,5,S0936,6,positive,0.8562,1.0,
S0936,5,S0936,7,positive,0.904,2.0,
S0936,7,S0936,8,positive,0.95,1.0,
S0937,1,S0937,3,positive,0.8343,2.0,
S0937,1,S0937,7,positive,0.6414,6.0,
S0937,2,S0937,4,positive,0.8869,2.0,
S0937,2,S0937,5,positive,0.932,3.0,
S0937,3,S0937,7,positive,0.8002,4.0,
S0937,4,S0937,6,positive,0.8732,2.0,
S0938,1,S0938,3,positive,0.8342,2.0,
S0938,1,S0938,7,positive,0.6838,6.0,
S0938,2,S0938,4,positive,0.9107,2.0,
S0938,3,S0938,7,positive,0.7404,4.0,
S0938,4,S0938,5,positive,0.92,1.0,
S0938,5,S0938,6,positive,0.95,1.0,
S0938,5,S0938,7,positive,0.9467,2.0,
S0938,5,S0938,8,positive,0.867,3.0,
S0939,1,S0939,3,positive,0.9381,2.0,
S0939,1,S0939,5,positive,0.7643,4.0,
S0939,1,S0939,8,positive,0.7985,7.0,
S0939,2,S0939,5,positive,0.8869,3.0,
S0939,2,S0939,7,positive,0.8098,5.0,
S0939,3,S0939,4,positive,0.8979,1.0,
S0939,4,S0939,8,positive,0.8442,4.0,
S0940,1,S0940,2,positive,0.8769,1.0,
S0940,1,S0940,4,positive,0.917,3.0,
S0940,1,S0940,6,positive,0.7183,5.0,
S0940,1,S0940,7,positive,0.7801,6.0,
S0940,2,S0940,3,positive,0.9452,1.0,
S0940,2,S0940,6,positive,0.8137,4.0,
S0940,3,S0940,5,positive,0.8861,2.0,
S0940,3,S0940,6,positive,0.8218,3.0,
S0940,3,S0940,8,positive,0.7084,5.0,
S0940,4,S0940,5,positive,0.9365,1.0,
S0940,4,S0940,6,positive,0.95,2.0,
S0940,4,S0940,7,positive,0.9134,3.0,
S0940,5,S0940,6,positive,0.9052,1.0,
S0940,5,S0940,7,positive,0.95,2.0,
S0940,7,S0940,8,positive,0.95,1.0,
S0941,1,S0941,2,positive,0.9358,1.0,
S0941,2,S0941,5,positive,0.836,3.0,
S0941,2,S0941,7,positive,0.7898,5.0,
S0941,2,S0941,8,positive,0.7621,6.0,
S0941,3,S0941,4,positive,0.9106,1.0,
S0941,3,S0941,5,positive,0.8485,2.0,
S0941,4,S0941,5,positive,0.9005,1.0,
S0941,4,S0941,6,positive,0.9108,2.0,
S0941,4,S0941,8,positive,0.7307,4.0,
S0941,5,S0941,6,positive,0.95,1.0,
S0941,5,S0941,7,positive,0.95,2.0,
S0941,5,S0941,8,positive,0.9203,3.0,
S0941,6,S0941,8,positive,0.8393,2.0,
S0942,1,S0942,4,positive,0.9271,3.0,
S0942,1,S0942,8,positive,0.6745,7.0,
S0942,2,S0942,7,positive,0.7187,5.0,
S0942,3,S0942,8,positive,0.762,5.0,
S0942,7,S0942,8,positive,0.95,1.0,
S0943,2,S0943,4,positive,0.9398,2.0,
S0943,4,S0943,5,positive,0.8747,1.0,
S0943,6,S0943,7,positive,0.9387,1.0,
S0944,1,S0944,3,positive,0.8899,2.0,
S0944,1,S0944,5,positive,0.8699,4.0,
S0944,2,S0944,6,positive,0.8173,4.0,
S0944,2,S0944,8,positive,0.7499,6.0,
S0944,3,S0944,4,positive,0.9447,1.0,
S0944,3,S0944,5,positive,0.8324,2.0,
S0944,3,S0944,6,positive,0.7624,3.0,
S0944,5,S0944,6,positive,0.95,1.0,
S0944,5,S0944,8,positive,0.7634,3.0,
S0944,6,S0944,7,positive,0.95,1.0,
S0944,7,S0944,8,positive,0.9071,1.0,
S0945,1,S0945,3,positive,0.907,2.0,
S0945,1,S0945,8,positive,0.677,7.0,
S0945,2,S0945,4,positive,0.95,2.0,
S0945,2,S0945,8,positive,0.735,6.0,
S0945,3,S0945,7,positive,0.73,4.0,
S0945,3,S0945,8,positive,0.8121,5.0,
S0945,5,S0945,8,positive,0.8495,3.0,
S0946,1,S0946,5,positive,0.8231,4.0,
S0946,2,S0946,4,positive,0.95,2.0,
S0946,3,S0946,4,positive,0.9493,1.0,
S0946,3,S0946,6,positive,0.8664,3.0,
S0946,3,S0946,7,positive,0.7095,4.0,
S0946,7,S0946,8,positive,0.9193,1.0,
S0947,1,S0947,3,positive,0.8053,2.0,
S0947,1,S0947,5,positive,0.7393,4.0,
S0947,1,S0947,7,positive,0.6969,6.0,
S0947,2,S0947,6,positive,0.8282,4.0,
S0947,3,S0947,7,positive,0.7365,4.0,
S0947,4,S0947,5,positive,0.95,1.0,
S0947,6,S0947,7,positive,0.8985,1.0,
S0947,7,S0947,8,positive,0.933,1.0,
S0948,1,S0948,5,positive,0.84,4.0,
S0948,1,S0948,6,positive,0.6577,5.0,
S0948,1,S0948,8,positive,0.6149,7.0,
S0948,3,S0948,4,positive,0.9051,1.0,
S0948,3,S0948,5,positive,0.95,2.0,
S0948,3,S0948,6,positive,0.7793,3.0,
S0948,3,S0948,7,positive,0.8941,4.0,
S0948,4,S0948,5,positive,0.95,1.0,
S0948,4,S0948,7,positive,0.8821,3.0,
S0948,4,S0948,8,positive,0.7105,4.0,
S0948,5,S0948,7,positive,0.8776,2.0,
S0949,1,S0949,4,positive,0.7721,3.0,
S0949,1,S0949,5,positive,0.7687,4.0,
S0949,1,S0949,8,positive,0.7098,7.0,
S0949,2,S0949,6,positive,0.8246,4.0,
S0949,3,S0949,4,positive,0.95,1.0,
S0949,4,S0949,5,positive,0.95,1.0,
S0949,4,S0949,6,positive,0.8254,2.0,
S0949,4,S0949,8,positive,0.7566,4.0,
S0949,6,S0949,7,positive,0.95,1.0,
S0950,1,S0950,4,positive,0.9021,3.0,
S0950,1,S0950,7,positive,0.6989,6.0,
S0950,1,S0950,8,positive,0.7289,7.0,
S0950,2,S0950,4,positive,0.8817,2.0,
S0950,2,S0950,5,positive,0.7786,3.0,
S0950,2,S0950,6,positive,0.8521,4.0,
S0950,2,S0950,7,positive,0.7512,5.0,
S0950,3,S0950,4,positive,0.8758,1.0,
S0950,4,S0950,6,positive,0.95,2.0,
S0950,5,S0950,8,positive,0.8476,3.0,
S0950,6,S0950,8,positive,0.9119,2.0,
S0950,7,S0950,8,positive,0.95,1.0,
S0951,1,S0951,6,positive,0.6998,5.0,
S0951,2,S0951,8,positive,0.6706,6.0,
S0951,3,S0951,4,positive,0.876,1.0,
S0951,5,S0951,7,positive,0.8004,2.0,
S0951,7,S0951,8,positive,0.95,1.0,
S0952,1,S0952,7,positive,0.7506,6.0,
S0952,1,S0952,8,positive,0.7537,7.0,
S0952,3,S0952,8,positive,0.7697,5.0,
S0952,4,S0952,6,positive,0.8207,2.0,
S0952,5,S0952,6,positive,0.95,1.0,
S0952,6,S0952,7,positive,0.95,1.0,
S0952,6,S0952,8,positive,0.9324,2.0,
S0953,1,S0953,6,positive,0.6572,5.0,
S0953,2,S0953,6,positive,0.733,4.0,
S0953,2,S0953,8,positive,0.7077,6.0,
S0953,3,S0953,5,positive,0.8851,2.0,
S0953,3,S0953,7,positive,0.8818,4.0,
S0953,3,S0953,8,positive,0.8352,5.0,
S0953,4,S0953,7,positive,0.7842,3.0,
S0953,5,S0953,6,positive,0.95,1.0,
S0953,6,S0953,7,positive,0.8799,1.0,
S0954,1,S0954,2,positive,0.8951,1.0,
S0954,1,S0954,4,positive,0.8422,3.0,
S0954,1,S0954,6,positive,0.6869,5.0,
S0954,2,S0954,3,positive,0.95,1.0,
S0954,2,S0954,5,positive,0.9089,3.0,
S0954,2,S0954,8,positive,0.7049,6.0,
S0954,3,S0954,4,positive,0.8978,1.0,
S0954,3,S0954,8,positive,0.6943,5.0,
S0954,4,S0954,7,positive,0.806,3.0,
S0955,1,S0955,3,positive,0.8375,2.0,
S0955,1,S0955,4,positive,0.8933,3.0,
S0955,1,S0955,6,positive,0.7694,5.0,
S0955,2,S0955,4,positive,0.95,2.0,
S0955,3,S0955,8,positive,0.6757,5.0,
S0955,4,S0955,7,positive,0.7871,3.0,
S0955,6,S0955,8,positive,0.8143,2.0,
S0956,1,S0956,3,positive,0.9219,2.0,
S0956,1,S0956,4,positive,0.7535,3.0,
S0956,1,S0956,5,positive,0.869,4.0,
S0956,1,S0956,6,positive,0.8338,5.0,
S0956,2,S0956,4,positive,0.9059,2.0,
S0956,2,S0956,5,positive,0.8029,3.0,
S0956,3,S0956,6,positive,0.7626,3.0,
S0956,4,S0956,5,positive,0.8855,1.0,
S0956,4,S0956,6,positive,0.8077,2.0,
S0956,4,S0956,7,positive,0.8822,3.0,
S0956,5,S0956,6,positive,0.95,1.0,
S0956,6,S0956,7,positive,0.95,1.0,
S0957,1,S0957,5,positive,0.8709,4.0,
S0957,1,S0957,7,positive,0.6904,6.0,
S0957,3,S0957,4,positive,0.95,1.0,
S0957,3,S0957,8,positive,0.7145,5.0,
S0957,6,S0957,7,positive,0.8935,1.0,
S0958,2,S0958,3,positive,0.9385,1.0,
S0958,2,S0958,6,positive,0.7611,4.0,
S0958,2,S0958,7,positive,0.6696,5.0,
S0958,2,S0958,8,positive,0.6813,6.0,
S0958,4,S0958,7,positive,0.8748,3.0,
S0958,6,S0958,7,positive,0.95,1.0,
S0959,1,S0959,3,positive,0.8395,2.0,
S0959,1,S0959,5,positive,0.758,4.0,
S0959,1,S0959,7,positive,0.6444,6.0,
S0959,1,S0959,8,positive,0.7628,7.0,
S0959,2,S0959,4,positive,0.8058,2.0,
S0959,2,S0959,7,positive,0.6703,5.0,
S0959,4,S0959,5,positive,0.9406,1.0,
S0959,4,S0959,7,positive,0.9474,3.0,
S0959,6,S0959,7,positive,0.95,1.0,
S0960,1,S0960,2,positive,0.8991,1.0,
S0960,1,S0960,6,positive,0.7524,5.0,
S0960,2,S0960,4,positive,0.9274,2.0,
S0960,3,S0960,4,positive,0.8869,1.0,
S0960,3,S0960,5,positive,0.8501,2.0,
S0960,3,S0960,6,positive,0.8389,3.0,
S0960,5,S0960,6,positive,0.95,1.0,
S0961,1,S0961,6,positive,0.7777,5.0,
S0961,1,S0961,8,positive,0.673,7.0,
S0961,2,S0961,4,positive,0.95,2.0,
S0961,2,S0961,8,positive,0.7668,6.0,
S0961,3,S0961,5,positive,0.8151,2.0,
S0961,4,S0961,6,positive,0.8873,2.0,
S0961,4,S0961,8,positive,0.7251,4.0,
S0961,6,S0961,7,positive,0.8869,1.0,
S0961,7,S0961,8,positive,0.95,1.0,
S0962,1,S0962,2,positive,0.95,1.0,
S0962,2,S0962,5,positive,0.8371,3.0,
S0962,3,S0962,5,positive,0.8208,2.0,
S0962,3,S0962,8,positive,0.6764,5.0,
S0962,5,S0962,6,positive,0.95,1.0,
S0962,5,S0962,8,positive,0.7851,3.0,
S0962,6,S0962,8,positive,0.9069,2.0,
S0963,1,S0963,3,positive,0.8961,2.0,
S0963,1,S0963,7,positive,0.6238,6.0,
S0963,1,S0963,8,positive,0.7485,7.0,
S0963,2,S0963,5,positive,0.8721,3.0,
S0963,2,S0963,6,positive,0.7109,4.0,
S0963,3,S0963,5,positive,0.8241,2.0,
S0963,3,S0963,6,positive,0.9121,3.0,
S0963,4,S0963,6,positive,0.95,2.0,
S0964,1,S0964,2,positive,0.95,1.0,
S0964,1,S0964,3,positive,0.9475,2.0,
S0964,1,S0964,6,positive,0.7171,5.0,
S0964,2,S0964,3,positive,0.9409,1.0,
S0964,4,S0964,5,positive,0.95,1.0,
S0964,4,S0964,7,positive,0.7642,3.0,
S0964,5,S0964,6,positive,0.9342,1.0,
S0964,6,S0964,7,positive,0.95,1.0,
S0965,1,S0965,2,positive,0.95,1.0,
S0965,1,S0965,3,positive,0.95,2.0,
S0965,1,S0965,4,positive,0.805,3.0,
S0965,1,S0965,5,positive,0.8566,4.0,
S0965,3,S0965,8,positive,0.782,5.0,
S0965,4,S0965,6,positive,0.95,2.0,
S0965,5,S0965,6,positive,0.95,1.0,
S0965,6,S0965,7,positive,0.8793,1.0,
S0966,1,S0966,5,positive,0.8299,4.0,
S0966,2,S0966,4,positive,0.95,2.0,
S0966,2,S0966,6,positive,0.7536,4.0,
S0966,3,S0966,8,positive,0.7812,5.0,
S0966,4,S0966,7,positive,0.8995,3.0,
S0966,5,S0966,7,positive,0.831,2.0,
S0967,1,S0967,4,positive,0.7686,3.0,
S0967,1,S0967,5,positive,0.8584,4.0,
S0967,1,S0967,8,positive,0.7942,7.0,
S0967,2,S0967,4,positive,0.935,2.0,
S0967,2,S0967,7,positive,0.7587,5.0,
S0967,3,S0967,4,positive,0.95,1.0,
S0967,3,S0967,8,positive,0.7386,5.0,
S0967,5,S0967,8,positive,0.9443,3.0,
S0967,7,S0967,8,positive,0.95,1.0,
S0968,1,S0968,2,positive,0.9032,1.0,
S0968,1,S0968,6,positive,0.6538,5.0,
S0968,2,S0968,3,positive,0.95,1.0,
S0968,2,S0968,6,positive,0.811,4.0,
S0968,2,S0968,7,positive,0.6627,5.0,
S0968,3,S0968,4,positive,0.8955,1.0,
S0968,3,S0968,5,positive,0.8737,2.0,
S0968,3,S0968,8,positive,0.686,5.0,
S0968,4,S0968,6,positive,0.8832,2.0,
S0968,4,S0968,8,positive,0.858,4.0,
S0968,5,S0968,6,positive,0.9183,1.0,
S0968,5,S0968,7,positive,0.9037,2.0,
S0968,5,S0968,8,positive,0.8835,3.0,
S0969,3,S0969,4,positive,0.95,1.0,
S0969,5,S0969,6,positive,0.9158,1.0,
S0969,5,S0969,8,positive,0.7561,3.0,
S0969,6,S0969,7,positive,0.9216,1.0,
S0969,7,S0969,8,positive,0.95,1.0,
S0970,1,S0970,2,positive,0.95,1.0,
S0970,1,S0970,8,positive,0.6718,7.0,
S0970,2,S0970,3,positive,0.8599,1.0,
S0970,2,S0970,8,positive,0.6335,6.0,
S0970,3,S0970,7,positive,0.729,4.0,
S0970,5,S0970,6,positive,0.95,1.0,
S0970,5,S0970,8,positive,0.8386,3.0,
S0970,6,S0970,8,positive,0.9042,2.0,
S0970,7,S0970,8,positive,0.8568,1.0,
S0971,1,S0971,5,positive,0.8799,4.0,
S0971,1,S0971,7,positive,0.7435,6.0,
S0971,1,S0971,8,positive,0.6777,7.0,
S0971,3,S0971,5,positive,0.9109,2.0,
S0971,3,S0971,7,positive,0.8758,4.0,
S0971,5,S0971,7,positive,0.95,2.0,
S0972,1,S0972,4,positive,0.933,3.0,
S0972,1,S0972,5,positive,0.8235,4.0,
S0972,2,S0972,3,positive,0.9321,1.0,
S0972,2,S0972,7,positive,0.7802,5.0,
S0972,4,S0972,5,positive,0.8897,1.0,
S0972,4,S0972,6,positive,0.9385,2.0,
S0972,4,S0972,8,positive,0.8601,4.0,
S0972,5,S0972,7,positive,0.95,2.0,
S0972,5,S0972,8,positive,0.7967,3.0,
S0972,6,S0972,7,positive,0.95,1.0,
S0972,6,S0972,8,positive,0.8651,2.0,
S0973,1,S0973,6,positive,0.6741,5.0,
S0973,1,S0973,8,positive,0.7446,7.0,
S0973,2,S0973,6,positive,0.8768,4.0,
S0973,2,S0973,8,positive,0.6428,6.0,
S0973,3,S0973,6,positive,0.7597,3.0,
S0973,4,S0973,5,positive,0.95,1.0,
S0973,4,S0973,7,positive,0.8198,3.0,
S0973,5,S0973,6,positive,0.95,1.0,
S0973,5,S0973,7,positive,0.8591,2.0,
S0974,1,S0974,3,positive,0.95,2.0,
S0974,1,S0974,5,positive,0.8408,4.0,
S0974,1,S0974,6,positive,0.826,5.0,
S0974,2,S0974,8,positive,0.6038,6.0,
S0974,3,S0974,4,positive,0.8793,1.0,
S0974,4,S0974,5,positive,0.9276,1.0,
S0974,5,S0974,6,positive,0.95,1.0,
S0974,5,S0974,7,positive,0.9453,2.0,
S0974,5,S0974,8,positive,0.848,3.0,
S0974,6,S0974,8,positive,0.9292,2.0,
S0975,1,S0975,2,positive,0.8959,1.0,
S0975,1,S0975,3,positive,0.9203,2.0,
S0975,1,S0975,7,positive,0.7979,6.0,
S0975,2,S0975,3,positive,0.8558,1.0,
S0975,2,S0975,4,positive,0.8764,2.0,
S0975,2,S0975,5,positive,0.9124,3.0,
S0975,2,S0975,6,positive,0.7505,4.0,
S0975,2,S0975,7,positive,0.7932,5.0,
S0975,3,S0975,6,positive,0.819,3.0,
S0975,3,S0975,7,positive,0.8232,4.0,
S0975,5,S0975,6,positive,0.9285,1.0,
S0976,1,S0976,2,positive,0.8657,1.0,
S0976,2,S0976,5,positive,0.8871,3.0,
S0976,3,S0976,6,positive,0.7967,3.0,
S0976,3,S0976,8,positive,0.6513,5.0,
S0976,4,S0976,5,positive,0.95,1.0,
S0976,7,S0976,8,positive,0.95,1.0,
S0977,1,S0977,4,positive,0.8283,3.0,
S0977,1,S0977,5,positive,0.8903,4.0,
S0977,1,S0977,6,positive,0.7244,5.0,
S0977,2,S0977,5,positive,0.8007,3.0,
S0977,3,S0977,4,positive,0.95,1.0,
S0977,3,S0977,5,positive,0.9489,2.0,
S0977,3,S0977,8,positive,0.7846,5.0,
S0977,4,S0977,5,positive,0.9352,1.0,
S0977,5,S0977,8,positive,0.9321,3.0,
S0978,1,S0978,2,positive,0.95,1.0,
S0978,2,S0978,3,positive,0.9279,1.0,
S0978,2,S0978,4,positive,0.8803,2.0,
S0978,2,S0978,6,positive,0.878,4.0,
S0978,2,S0978,7,positive,0.7425,5.0,
S0978,3,S0978,4,positive,0.95,1.0,
S0978,3,S0978,6,positive,0.8751,3.0,
S0978,3,S0978,7,positive,0.8625,4.0,
S0978,3,S0978,8,positive,0.7393,5.0,
S0978,4,S0978,5,positive,0.95,1.0,
S0978,4,S0978,8,positive,0.7527,4.0,
S0978,5,S0978,6,positive,0.95,1.0,
S0978,5,S0978,7,positive,0.9191,2.0,
S0978,5,S0978,8,positive,0.8737,3.0,
S0979,1,S0979,2,positive,0.95,1.0,
S0979,1,S0979,7,positive,0.697,6.0,
S0979,2,S0979,4,positive,0.95,2.0,
S0979,2,S0979,6,positive,0.8955,4.0,
S0979,4,S0979,8,positive,0.8917,4.0,
S0979,5,S0979,7,positive,0.95,2.0,
S0979,5,S0979,8,positive,0.7609,3.0,
S0979,6,S0979,8,positive,0.9157,2.0,
S0980,1,S0980,3,positive,0.9304,2.0,
S0980,2,S0980,6,positive,0.7362,4.0,
S0980,2,S0980,7,positive,0.7775,5.0,
S0980,3,S0980,7,positive,0.7325,4.0,
S0980,4,S0980,8,positive,0.7912,4.0,
S0980,5,S0980,6,positive,0.95,1.0,
S0980,6,S0980,8,positive,0.8103,2.0,
S0980,7,S0980,8,positive,0.8869,1.0,
S0981,1,S0981,2,positive,0.95,1.0,
S0981,1,S0981,6,positive,0.6809,5.0,
S0981,1,S0981,7,positive,0.6133,6.0,
S0981,2,S0981,5,positive,0.8793,3.0,
S0981,2,S0981,6,positive,0.796,4.0,
S0981,2,S0981,8,positive,0.7509,6.0,
S0981,3,S0981,6,positive,0.8228,3.0,
S0981,3,S0981,8,positive,0.709,5.0,
S0981,4,S0981,7,positive,0.8725,3.0,
S0981,5,S0981,7,positive,0.86,2.0,
S0982,1,S0982,3,positive,0.9292,2.0,
S0982,1,S0982,7,positive,0.6957,6.0,
S0982,1,S0982,8,positive,0.6905,7.0,
S0982,2,S0982,5,positive,0.8595,3.0,
S0982,5,S0982,8,positive,0.8161,3.0,
S0983,1,S0983,4,positive,0.7803,3.0,
S0983,1,S0983,6,positive,0.7065,5.0,
S0983,2,S0983,6,positive,0.7838,4.0,
S0983,3,S0983,4,positive,0.95,1.0,
S0983,3,S0983,5,positive,0.892,2.0,
S0983,4,S0983,7,positive,0.8258,3.0,
S0983,4,S0983,8,positive,0.7138,4.0,
S0984,1,S0984,2,positive,0.9342,1.0,
S0984,1,S0984,4,positive,0.8593,3.0,
S0984,2,S0984,6,positive,0.736,4.0,
S0984,2,S0984,8,positive,0.6387,6.0,
S0984,3,S0984,5,positive,0.95,2.0,
S0984,3,S0984,8,positive,0.8256,5.0,
S0984,5,S0984,8,positive,0.822,3.0,
S0984,6,S0984,7,positive,0.8812,1.0,
S0984,6,S0984,8,positive,0.9411,2.0,
S0985,1,S0985,3,positive,0.95,2.0,
S0985,1,S0985,4,positive,0.8723,3.0,
S0985,1,S0985,6,positive,0.7505,5.0,
S0985,2,S0985,7,positive,0.8108,5.0,
S0985,3,S0985,6,positive,0.84,3.0,
S0985,3,S0985,8,positive,0.6575,5.0,
S0985,4,S0985,8,positive,0.7609,4.0,
S0985,5,S0985,6,positive,0.95,1.0,
S0985,5,S0985,8,positive,0.7663,3.0,
S0985,6,S0985,7,positive,0.9033,1.0,
S0986,1,S0986,3,positive,0.8966,2.0,
S0986,2,S0986,3,positive,0.8964,1.0,
S0986,2,S0986,7,positive,0.7828,5.0,
S0986,3,S0986,4,positive,0.8634,1.0,
S0986,3,S0986,5,positive,0.95,2.0,
S0986,5,S0986,8,positive,0.8508,3.0,
S0986,6,S0986,7,positive,0.8621,1.0,
S0987,1,S0987,3,positive,0.8169,2.0,
S0987,2,S0987,6,positive,0.8903,4.0,
S0987,3,S0987,7,positive,0.7891,4.0,
S0987,4,S0987,8,positive,0.7127,4.0,
S0987,5,S0987,6,positive,0.95,1.0,
S0987,6,S0987,7,positive,0.9285,1.0,
S0987,6,S0987,8,positive,0.8494,2.0,
S0988,1,S0988,2,positive,0.95,1.0,
S0988,1,S0988,6,positive,0.7696,5.0,
S0988,2,S0988,4,positive,0.837,2.0,
S0988,2,S0988,6,positive,0.8728,4.0,
S0988,3,S0988,4,positive,0.95,1.0,
S0988,3,S0988,5,positive,0.95,2.0,
S0988,3,S0988,6,positive,0.8729,3.0,
S0988,4,S0988,6,positive,0.8396,2.0,
S0988,4,S0988,7,positive,0.9133,3.0,
S0988,5,S0988,7,positive,0.8591,2.0,
S0988,6,S0988,7,positive,0.9294,1.0,
S0988,7,S0988,8,positive,0.8502,1.0,
S0989,1,S0989,2,positive,0.95,1.0,
S0989,1,S0989,3,positive,0.939,2.0,
S0989,2,S0989,3,positive,0.8762,1.0,
S0989,2,S0989,5,positive,0.8568,3.0,
S0989,2,S0989,6,positive,0.7539,4.0,
S0989,2,S0989,7,positive,0.6946,5.0,
S0989,3,S0989,5,positive,0.8392,2.0,
S0989,3,S0989,7,positive,0.82,4.0,
S0989,4,S0989,7,positive,0.8609,3.0,
S0989,4,S0989,8,positive,0.7287,4.0,
S0989,6,S0989,8,positive,0.888,2.0,
S0990,1,S0990,8,positive,0.7123,7.0,
S0990,2,S0990,3,positive,0.95,1.0,
S0990,2,S0990,4,positive,0.95,2.0,
S0990,3,S0990,4,positive,0.95,1.0,
S0990,3,S0990,6,positive,0.896,3.0,
S0990,3,S0990,8,positive,0.6962,5.0,
S0990,4,S0990,5,positive,0.8541,1.0,
S0990,4,S0990,6,positive,0.9118,2.0,
S0990,5,S0990,7,positive,0.8065,2.0,
S0990,5,S0990,8,positive,0.7806,3.0,
S0990,6,S0990,7,positive,0.9499,1.0,
S0990,6,S0990,8,positive,0.8788,2.0,
S0990,7,S0990,8,positive,0.95,1.0,
S0991,1,S0991,3,positive,0.8558,2.0,
S0991,1,S0991,7,positive,0.7514,6.0,
S0991,1,S0991,8,positive,0.7655,7.0,
S0991,2,S0991,7,positive,0.8481,5.0,
S0991,5,S0991,6,positive,0.883,1.0,
S0991,6,S0991,7,positive,0.95,1.0,
S0992,2,S0992,5,positive,0.8487,3.0,
S0992,3,S0992,6,positive,0.8403,3.0,
S0992,3,S0992,8,positive,0.837,5.0,
S0992,7,S0992,8,positive,0.95,1.0,
S0993,2,S0993,3,positive,0.8875,1.0,
S0993,2,S0993,7,positive,0.7856,5.0,
S0993,3,S0993,7,positive,0.8499,4.0,
S0993,4,S0993,5,positive,0.95,1.0,
S0993,5,S0993,6,positive,0.95,1.0,
S0994,1,S0994,5,positive,0.7233,4.0,
S0994,2,S0994,8,positive,0.6065,6.0,
S0994,3,S0994,4,positive,0.8504,1.0,
S0994,3,S0994,6,positive,0.7583,3.0,
S0994,3,S0994,7,positive,0.8909,4.0,
S0994,5,S0994,6,positive,0.8575,1.0,
S0995,1,S0995,2,positive,0.95,1.0,
S0995,1,S0995,4,positive,0.7743,3.0,
S0995,1,S0995,6,positive,0.752,5.0,
S0995,1,S0995,8,positive,0.6996,7.0,
S0995,2,S0995,5,positive,0.9121,3.0,
S0995,2,S0995,7,positive,0.7155,5.0,
S0995,3,S0995,7,positive,0.8914,4.0,
S0995,3,S0995,8,positive,0.7802,5.0,
S0995,4,S0995,6,positive,0.8862,2.0,
S0995,4,S0995,7,positive,0.7741,3.0,
S0995,5,S0995,8,positive,0.7885,3.0,
S0995,6,S0995,8,positive,0.9359,2.0,
S0996,1,S0996,4,positive,0.8596,3.0,
S0996,1,S0996,6,positive,0.8115,5.0,
S0996,2,S0996,4,positive,0.9138,2.0,
S0996,2,S0996,5,positive,0.9189,3.0,
S0996,2,S0996,8,positive,0.6899,6.0,
S0996,3,S0996,4,positive,0.95,1.0,
S0996,3,S0996,7,positive,0.8451,4.0,
S0996,3,S0996,8,positive,0.6729,5.0,
S0996,4,S0996,5,positive,0.8796,1.0,
S0996,5,S0996,6,positive,0.95,1.0,
S0996,5,S0996,7,positive,0.9403,2.0,
S0996,6,S0996,7,positive,0.95,1.0,
S0997,1,S0997,4,positive,0.8142,3.0,
S0997,2,S0997,3,positive,0.8841,1.0,
S0997,2,S0997,5,positive,0.8162,3.0,
S0997,2,S0997,8,positive,0.6413,6.0,
S0997,3,S0997,4,positive,0.95,1.0,
S0997,3,S0997,8,positive,0.8232,5.0,
S0997,4,S0997,6,positive,0.839,2.0,
S0997,4,S0997,8,positive,0.7502,4.0,
S0997,6,S0997,7,positive,0.95,1.0,
S0997,6,S0997,8,positive,0.8048,2.0,
S0998,1,S0998,3,positive,0.95,2.0,
S0998,1,S0998,5,positive,0.7808,4.0,
S0998,1,S0998,6,positive,0.678,5.0,
S0998,1,S0998,7,positive,0.78,6.0,
S0998,2,S0998,5,positive,0.9162,3.0,
S0998,3,S0998,5,positive,0.8091,2.0,
S0998,3,S0998,6,positive,0.9001,3.0,
S0998,4,S0998,5,positive,0.95,1.0,
S0998,4,S0998,6,positive,0.95,2.0,
S0998,4,S0998,8,positive,0.7962,4.0,
S0998,5,S0998,7,positive,0.8777,2.0,
S0998,7,S0998,8,positive,0.95,1.0,
S0999,1,S0999,2,positive,0.95,1.0,
S0999,1,S0999,6,positive,0.6724,5.0,
S0999,1,S0999,8,positive,0.7424,7.0,
S0999,2,S0999,4,positive,0.95,2.0,
S0999,2,S0999,6,positive,0.7982,4.0,
S0999,2,S0999,8,positive,0.6505,6.0,
S0999,3,S0999,5,positive,0.8531,2.0,
S0999,3,S0999,6,positive,0.7776,3.0,
S0999,4,S0999,6,positive,0.95,2.0,
S0999,4,S0999,8,positive,0.8274,4.0,
S0999,5,S0999,6,positive,0.8669,1.0,
S0999,6,S0999,8,positive,0.8957,2.0,
S1000,1,S1000,3,positive,0.95,2.0,
S1000,2,S1000,3,positive,0.9099,1.0,
S1000,2,S1000,5,positive,0.8883,3.0,
S1000,3,S1000,4,positive,0.9443,1.0,
S1000,3,S1000,5,positive,0.95,2.0,
S1000,6,S1000,8,positive,0.9287,2.0,
S1000,7,S1000,8,positive,0.9383,1.0,
S0035,2,S0057,3,negative,0.1,,1.531
S0029,2,S0033,4,negative,0.1309,,1.3383
S0040,6,S0062,3,negative,0.1177,,1.3647
S0029,5,S0061,2,negative,0.1,,1.6676
S0021,1,S0087,3,negative,0.1,,4.9785
S0062,8,S0078,5,negative,0.1,,2.344
S0006,2,S0087,1,negative,0.3117,,0.9766
S0044,6,S0058,4,negative,0.2605,,1.0789
S0081,5,S0084,2,negative,0.1,,2.7374
S0043,3,S0084,1,negative,0.1,,1.4441
S0030,7,S0096,4,negative,0.1,,3.2602
S0043,2,S0078,2,negative,0.1,,2.4115
S0006,4,S0042,7,negative,0.207,,1.1861
S0007,8,S0088,5,negative,0.2022,,1.1957
S0031,3,S0035,3,negative,0.3806,,0.8389
S0013,7,S0094,2,negative,0.4404,,0.7192
S0057,1,S0078,2,negative,0.3531,,0.8938
S0015,3,S0049,5,negative,0.1,,3.1431
S0018,8,S0060,3,negative,0.3865,,0.8271
S0019,7,S0080,5,negative,0.1,,2.98
S0008,2,S0035,7,negative,0.2606,,1.0788
S0078,2,S0080,8,negative,0.4007,,0.7986
S0052,7,S0054,5,negative,0.1,,1.6358
S0006,2,S0076,1,negative,0.1,,1.6596
S0076,1,S0086,7,negative,0.2373,,1.1253
S0029,8,S0058,8,negative,0.2266,,1.1469
S0042,6,S0090,5,negative,0.1,,1.4329
S0011,6,S0075,4,negative,0.158,,1.284
S0041,4,S0095,6,negative,0.1,,2.5103
S0026,5,S0084,1,negative,0.1,,1.5807
S0075,2,S0089,7,negative,0.2264,,1.1473
S0082,4,S0099,2,negative,0.1,,3.1564
S0026,7,S0077,6,negative,0.1,,1.4061
S0042,7,S0064,7,negative,0.3701,,0.8598
S0018,3,S0022,4,negative,0.1,,2.1085
S0025,1,S0047,4,negative,0.1,,3.8005
S0076,3,S0092,1,negative,0.208,,1.1839
S0010,7,S0095,8,negative,0.4459,,0.7081
S0064,8,S0068,2,negative,0.1,,4.126
S0054,1,S0084,5,negative,0.1,,1.546
S0021,7,S0022,7,negative,0.1,,5.0732
S0005,8,S0086,4,negative,0.1,,1.4458
S0025,8,S0094,8,negative,0.14,,1.32
S0009,5,S0058,6,negative,0.3433,,0.9133
S0043,3,S0074,2,negative,0.1425,,1.315
S0019,8,S0066,1,negative,0.2786,,1.0429
S0016,2,S0028,1,negative,0.1,,3.0684
S0065,1,S0081,8,negative,0.2746,,1.0508
S0023,1,S0024,8,negative,0.1,,2.4163
S0062,1,S0073,4,negative,0.2072,,1.1856
S0006,5,S0068,3,negative,0.1,,3.3246
S0022,4,S0070,1,negative,0.1,,3.2387
S0044,6,S0052,1,negative,0.1,,2.9108
S0030,8,S0063,1,negative,0.1,,1.4907
S0016,6,S0024,8,negative,0.1,,2.6642
S0044,3,S0099,2,negative,0.2375,,1.1251
S0030,1,S0040,5,negative,0.2573,,1.0854
S0044,8,S0067,5,negative,0.1,,1.5019
S0063,2,S0099,4,negative,0.1686,,1.2627
S0016,5,S0086,6,negative,0.3123,,0.9754
S0033,8,S0098,4,negative,0.1,,2.2947
S0073,6,S0097,3,negative,0.1,,1.8081
S0002,6,S0093,3,negative,0.1,,1.7966
S0029,4,S0063,1,negative,0.3378,,0.9243
S0079,3,S0080,5,negative,0.3807,,0.8385
S0039,3,S0052,5,negative,0.1,,2.4751
S0016,6,S0033,8,negative,0.1,,1.5945
S0042,3,S0066,1,negative,0.1,,3.3015
S0027,8,S0072,8,negative,0.291,,1.0179
S0025,3,S0096,2,negative,0.1,,3.8934
S0021,8,S0027,1,negative,0.1,,2.9471
S0069,7,S0096,5,negative,0.1,,2.0932
S0007,8,S0022,4,negative,0.1,,1.7585
S0011,2,S0035,2,negative,0.1,,1.7504
S0063,6,S0096,3,negative,0.1,,2.0495
S0028,2,S0046,6,negative,0.1,,3.5523
S0001,6,S0075,8,negative,0.3699,,0.8603
S0009,5,S0081,7,negative,0.2083,,1.1833
S0068,2,S0078,7,negative,0.1,,3.0838
S0027,2,S0077,5,negative,0.1,,2.31
S0069,8,S0082,5,negative,0.1,,2.2019
S0013,6,S0034,1,negative,0.2069,,1.1861
S0029,2,S0082,7,negative,0.1,,2.3459
S0010,7,S0027,8,negative,0.1415,,1.317
S0045,8,S0097,8,negative,0.1351,,1.3299
S0040,3,S0059,3,negative,0.1,,2.3762
S0004,7,S0074,7,negative,0.1,,1.8134
S0002,3,S0079,6,negative,0.1,,1.8076
S0016,6,S0095,4,negative,0.11,,1.3801
S0037,4,S0054,2,negative,0.1809,,1.2382
S0088,2,S0096,5,negative,0.1,,2.7774
S0064,8,S0087,2,negative,0.4428,,0.7144
S0016,6,S0066,4,negative,0.1,,1.4199
S0074,4,S0077,1,negative,0.1,,2.0933
S0042,1,S0075,6,negative,0.1,,4.4564
S0075,5,S0080,8,negative,0.1,,3.6017
S0002,5,S0056,8,negative,0.2447,,1.1107
S0053,6,S0079,3,negative,0.1,,1.8944
S0022,1,S0055,2,negative,0.1,,2.6546
S0052,2,S0083,7,negative,0.1,,1.4077
S0037,2,S0055,7,negative,0.413,,0.7739
S0031,1,S0067,6,negative,0.1,,1.4265
S0033,7,S0049,5,negative,0.1,,3.2679
S0067,6,S0096,4,negative,0.1,,1.5246
S0010,8,S0034,5,negative,0.387,,0.8261
S0094,6,S0100,4,negative,0.1,,2.5636
S0055,3,S0082,2,negative,0.1,,3.2389
S0012,1,S0061,7,negative,0.1,,2.4028
S0052,1,S0066,3,negative,0.1,,1.8343
S0074,6,S0087,3,negative,0.1,,2.4516
S0015,7,S0093,3,negative,0.1,,3.2368
S0036,3,S0046,4,negative,0.1361,,1.3278
S0003,3,S0030,8,negative,0.1,,2.2496
S0055,7,S0060,1,negative,0.3693,,0.8615
S0052,5,S0063,2,negative,0.1,,3.451
S0001,4,S0088,8,negative,0.1,,2.4389
S0008,8,S0081,7,negative,0.2231,,1.1539
S0012,1,S0057,1,negative,0.1,,4.616
S0033,2,S0097,2,negative,0.1,,1.8387
S0037,3,S0067,2,negative,0.1,,2.0228
S0029,2,S0034,8,negative,0.3055,,0.9889
S0050,8,S0080,7,negative,0.1972,,1.2055
S0013,1,S0020,8,negative,0.445,,0.71
S0027,6,S0079,8,negative,0.1,,1.6184
S0016,6,S0042,6,negative,0.1,,2.1857
S0017,3,S0087,3,negative,0.1,,2.0038
S0013,5,S0017,3,negative,0.1369,,1.3261
S0011,4,S0083,4,negative,0.3387,,0.9227
S0073,5,S0078,2,negative,0.1,,3.0735
S0038,5,S0082,3,negative,0.1,,2.5971
S0022,2,S0048,2,negative,0.1,,1.6191
S0085,8,S0091,3,negative,0.1,,1.6679
S0009,8,S0012,5,negative,0.1,,4.0959
S0040,1,S0067,3,negative,0.1,,1.9664
S0018,1,S0019,4,negative,0.1,,1.916
S0071,5,S0081,8,negative,0.1,,2.3022
S0017,8,S0043,3,negative,0.1,,1.7374
S0027,2,S0093,2,negative,0.1,,1.7897
S0077,1,S0082,8,negative,0.1,,4.9816
S0095,6,S0096,3,negative,0.1,,1.6775
S0030,2,S0076,5,negative,0.2204,,1.1593
S0031,3,S0095,4,negative,0.2645,,1.0711
S0002,1,S0058,6,negative,0.1,,1.4021
S0034,4,S0044,8,negative,0.2727,,1.0547
S0062,6,S0070,3,negative,0.4343,,0.7313
S0008,7,S0067,8,negative,0.1495,,1.3009
S0011,6,S0074,3,negative,0.144,,1.312
S0082,5,S0094,3,negative,0.1,,3.124
S0053,6,S0075,8,negative,0.1,,2.1867
S0039,3,S0053,2,negative,0.4489,,0.7022
S0040,6,S0043,7,negative,0.1,,1.5433
S0033,4,S0052,5,negative,0.1,,4.0789
S0004,4,S0085,7,negative,0.4218,,0.7565
S0054,1,S0077,1,negative,0.1615,,1.277
S0006,3,S0028,4,negative,0.1,,4.14
S0065,1,S0090,3,negative,0.1,,1.5062
S0008,3,S0087,1,negative,0.1,,1.6295
S0008,2,S0085,3,negative,0.1,,2.7563
S0087,1,S0093,4,negative,0.1,,3.8912
S0050,1,S0071,2,negative,0.2635,,1.073
S0010,8,S0073,1,negative,0.1,,3.0221
S0018,7,S0083,6,negative,0.1,,1.9458
S0066,4,S0081,3,negative,0.1,,1.5315
S0045,3,S0096,7,negative,0.1,,3.8781
S0049,8,S0072,1,negative,0.1016,,1.3968
S0010,3,S0051,1,negative,0.1,,3.1463
S0018,8,S0080,2,negative,0.1,,1.4548
S0001,4,S0045,5,negative,0.1,,1.4457
S0058,1,S0087,1,negative,0.1,,1.4106
S0023,7,S0043,2,negative,0.1,,1.805
S0040,2,S0061,2,negative,0.2403,,1.1193
S0042,7,S0094,3,negative,0.1,,2.6073
S0021,8,S0085,5,negative,0.1068,,1.3865
S0030,5,S0046,4,negative,0.1,,1.6403
S0023,5,S0090,5,negative,0.2705,,1.0591
S0032,1,S0088,4,negative,0.1,,3.0202
S0047,2,S0099,5,negative,0.1,,2.9058
S0061,7,S0082,3,negative,0.1,,3.5348
S0014,2,S0079,5,negative,0.1,,2.4293
S0040,3,S0092,2,negative,0.2131,,1.1738
S0069,3,S0084,4,negative,0.1,,3.2053
S0032,6,S0057,5,negative,0.1119,,1.3762
S0040,6,S0095,2,negative,0.1,,1.6639
S0051,4,S0072,3,negative,0.1,,1.6447
S0031,7,S0045,3,negative,0.1,,1.8925
S0019,2,S0095,7,negative,0.1,,2.9705
S0007,3,S0046,4,negative,0.4336,,0.7328
S0079,1,S0085,2,negative,0.1,,3.3287
S0005,4,S0041,5,negative,0.2512,,1.0977
S0045,2,S0091,8,negative,0.3159,,0.9683
S0006,8,S0093,7,negative,0.1,,3.1871
S0038,7,S0044,7,negative,0.4131,,0.7738
S0012,1,S0062,5,negative,0.1,,1.8939
S0089,1,S0093,2,negative,0.3749,,0.8502
S0022,5,S0028,2,negative,0.1,,4.9403
S0068,7,S0072,3,negative,0.1,,1.5558
S0093,8,S0100,6,negative,0.2239,,1.1522
S0010,4,S0094,5,negative,0.1,,1.6245
S0042,2,S0081,6,negative,0.1,,2.3373
S0034,8,S0053,3,negative,0.1,,1.5323
S0083,6,S0098,2,negative,0.2809,,1.0381
S0045,8,S0075,8,negative,0.1403,,1.3194
S0049,6,S0065,8,negative,0.1,,1.845
S0058,2,S0067,1,negative,0.2223,,1.1554
S0053,4,S0063,1,negative,0.1,,1.5659
S0057,6,S0065,8,negative,0.1,,1.9373
S0012,2,S0024,7,negative,0.1,,5.7366
S0017,2,S0060,4,negative,0.2541,,1.0919
S0038,6,S0073,1,negative,0.1,,2.4473
S0021,7,S0063,4,negative,0.1,,3.7569
S0016,7,S0037,7,negative,0.3377,,0.9245
S0046,2,S0051,2,negative,0.1,,2.8385
S0033,4,S0090,7,negative,0.3247,,0.9505
S0033,6,S0084,3,negative,0.1,,3.9319
S0016,8,S0097,3,negative,0.2591,,1.0819
S0019,8,S0098,2,negative,0.233,,1.134
S0038,3,S0088,2,negative,0.306,,0.988
S0032,6,S0047,2,negative,0.2824,,1.0351
S0006,5,S0015,4,negative,0.4357,,0.7286
S0015,6,S0021,1,negative,0.1,,4.3141
S0073,8,S0086,2,negative,0.1,,2.7954
S0010,3,S0038,8,negative,0.2752,,1.0496
S0023,7,S0069,8,negative,0.3742,,0.8516
S0010,4,S0033,2,negative,0.3423,,0.9154
S0070,4,S0073,5,negative,0.1,,1.4136
S0093,1,S0098,5,negative,0.139,,1.322
S0047,3,S0075,5,negative,0.1,,4.7958
S0031,8,S0032,5,negative,0.1,,2.408
S0001,4,S0062,2,negative,0.1751,,1.2497
S0036,7,S0079,2,negative,0.1,,1.9636
S0049,6,S0052,8,negative,0.17,,1.2601
S0039,3,S0042,5,negative,0.1,,2.586
S0002,6,S0016,2,negative,0.258,,1.084
S0008,5,S0080,2,negative,0.3012,,0.9975
S0008,4,S0042,1,negative,0.1,,1.8428
S0028,5,S0092,1,negative,0.1,,3.5734
S0016,8,S0021,7,negative,0.1,,3.2074
S0016,7,S0068,2,negative,0.1,,2.2674
S0006,1,S0062,6,negative,0.1,,2.6229
S0072,4,S0094,2,negative,0.259,,1.082
S0060,1,S0082,5,negative,0.1,,2.8029
S0011,8,S0069,5,negative,0.1,,2.1264
S0031,2,S0050,3,negative,0.1,,1.7926
S0003,3,S0074,5,negative,0.1,,2.1122
S0034,3,S0051,4,negative,0.1,,3.0296
S0046,4,S0087,5,negative,0.1,,1.5494
S0028,5,S0091,6,negative,0.1,,2.2952
S0087,8,S0098,7,negative,0.1,,2.8284
S0013,6,S0031,6,negative,0.2695,,1.061
S0002,6,S0024,2,negative,0.1,,3.0562
S0032,8,S0086,2,negative,0.1,,2.1143
S0003,6,S0055,6,negative,0.1,,2.1331
S0059,5,S0072,4,negative,0.1,,1.8083
S0018,4,S0047,8,negative,0.1,,2.5949
S0034,2,S0079,8,negative,0.2731,,1.0539
S0005,6,S0047,8,negative,0.1,,3.0625
S0005,2,S0018,3,negative,0.3667,,0.8665
S0025,7,S0067,8,negative,0.1,,2.8523
S0057,7,S0085,3,negative,0.1,,3.6344
S0059,4,S0070,5,negative,0.1,,1.4811
S0009,1,S0065,2,negative,0.1,,1.4995
S0013,7,S0083,3,negative,0.1,,1.821
S0022,6,S0092,7,negative,0.1,,1.6621
S0023,5,S0025,3,negative,0.1,,1.851
S0031,2,S0092,6,negative,0.5218,,0.5563
S0015,1,S0026,5,negative,0.1,,2.4147
S0016,7,S0071,3,negative,0.1,,2.1945
S0093,2,S0094,1,negative,0.1,,1.7661
S0009,3,S0018,1,negative,0.1343,,1.3315
S0073,4,S0081,8,negative,0.1,,2.198
S0053,5,S0100,1,negative,0.1,,2.475
S0030,4,S0043,6,negative,0.2529,,1.0943
S0014,8,S0029,5,negative,0.1,,1.877
S0003,8,S0044,2,negative,0.1,,1.6761
S0008,6,S0075,7,negative,0.1,,2.9925
S0009,6,S0072,4,negative,0.1,,2.0311
S0063,5,S0084,6,negative,0.1,,3.286
S0063,4,S0089,3,negative,0.1,,2.3704
S0001,1,S0031,1,negative,0.1,,2.8757
S0015,6,S0055,6,negative,0.1,,1.8028
S0052,2,S0058,4,negative,0.1,,3.4923
S0023,5,S0054,8,negative,0.1,,1.9933
S0044,2,S0055,8,negative,0.3222,,0.9557
S0012,7,S0038,4,negative,0.1,,3.2683
S0038,4,S0046,2,negative,0.3817,,0.8366
S0013,5,S0025,8,negative,0.1,,1.5062
S0032,7,S0064,6,negative,0.2977,,1.0046
S0004,5,S0046,7,negative,0.1,,2.7049
S0041,8,S0089,7,negative,0.4467,,0.7066
S0019,3,S0031,4,negative,0.1,,2.2933
S0039,1,S0051,5,negative,0.1,,2.0102
S0037,4,S0071,1,negative,0.1,,2.6211
S0009,4,S0017,5,negative,0.1688,,1.2624
S0011,3,S0022,7,negative,0.1,,3.4641
S0021,2,S0097,8,negative,0.1,,2.8622
S0084,3,S0099,3,negative,0.1,,2.3097
S0056,4,S0080,1,negative,0.1582,,1.2835
S0045,6,S0047,8,negative,0.1,,3.8016
S0096,5,S0100,7,negative,0.1,,5.3209
S0084,7,S0087,3,negative,0.1,,4.4521
S0003,2,S0027,7,negative,0.1,,1.8097
S0024,4,S0047,8,negative,0.385,,0.8301
S0007,8,S0020,1,negative,0.2524,,1.0952
S0049,7,S0061,5,negative,0.1353,,1.3294
S0060,4,S0064,3,negative,0.1,,2.1179
S0085,2,S0099,7,negative,0.1,,2.0217
S0012,3,S0017,6,negative,0.1,,3.4278
S0028,3,S0039,6,negative,0.1,,2.6648
S0019,3,S0065,1,negative,0.1,,1.6368
S0007,5,S0034,1,negative,0.4016,,0.7969
S0011,7,S0044,2,negative,0.1,,1.6653
S0047,4,S0093,2,negative,0.1,,4.399
S0023,1,S0028,5,negative,0.1,,3.3254
S0069,2,S0095,4,negative,0.3214,,0.9571
S0019,7,S0048,5,negative,0.1,,2.4852
S0011,2,S0052,6,negative,0.1,,1.6567
S0046,6,S0064,4,negative,0.1,,1.6769
S0031,8,S0054,5,negative,0.1,,1.8687
S0057,2,S0072,8,negative,0.1,,2.4944
S0013,7,S0027,5,negative,0.3203,,0.9594
S0091,1,S0094,3,negative,0.2659,,1.0681
S0016,5,S0022,1,negative,0.1,,2.0737
S0057,3,S0100,1,negative,0.1,,4.3534
S0035,3,S0065,2,negative,0.266,,1.068
S0013,4,S0070,4,negative,0.2169,,1.1663
S0005,1,S0069,8,negative,0.126,,1.348
S0072,6,S0095,1,negative,0.1,,2.1522
S0036,5,S0049,7,negative,0.1,,1.5507
S0005,6,S0088,5,negative,0.283,,1.0341
S0005,5,S0015,8,negative,0.1,,1.9458
S0058,5,S0092,7,negative,0.4013,,0.7975
S0014,3,S0076,6,negative,0.2059,,1.1881
S0003,6,S0094,3,negative,0.1,,2.0656
S0049,7,S0068,1,negative,0.4138,,0.7725
S0063,3,S0067,2,negative,0.3064,,0.9872
S0006,6,S0064,4,negative,0.2854,,1.0292
S0089,5,S0092,3,negative,0.1,,2.2516
S0004,2,S0075,5,negative,0.1814,,1.2372
S0057,7,S0063,6,negative,0.2063,,1.1874
S0008,4,S0044,2,negative,0.3262,,0.9476
S0020,8,S0043,6,negative,0.1,,1.7801
S0055,6,S0088,3,negative,0.3685,,0.863
S0007,7,S0042,8,negative,0.1,,1.7168
S0038,2,S0095,1,negative,0.1358,,1.3284
S0037,7,S0092,3,negative,0.1615,,1.277
S0058,6,S0088,4,negative,0.2528,,1.0945
S0001,7,S0082,1,negative,0.1,,5.0709
S0026,2,S0067,2,negative,0.1,,2.7109
S0029,2,S0032,7,negative,0.1,,2.3016
S0044,8,S0095,3,negative,0.1454,,1.3092
S0019,5,S0091,4,negative,0.2161,,1.1678
S0011,4,S0043,6,negative,0.3979,,0.8042
S0013,8,S0049,6,negative,0.1,,1.8399
S0088,8,S0097,7,negative,0.2924,,1.0151
S0040,3,S0072,8,negative,0.2318,,1.1363
S0019,1,S0049,7,negative,0.2625,,1.0749
S0049,1,S0087,3,negative,0.1,,3.797
S0005,1,S0057,7,negative,0.1,,2.1695
S0047,6,S0081,7,negative,0.1,,2.5534
S0072,3,S0098,4,negative,0.4092,,0.7816
S0034,1,S0070,5,negative,0.1,,2.1315
S0065,1,S0093,1,negative,0.1,,1.7856
S0058,5,S0063,4,negative,0.3948,,0.8103
S0024,2,S0042,5,negative,0.2693,,1.0614
S0090,5,S0091,6,negative,0.1,,1.82
S0087,4,S0100,4,negative,0.1,,4.7727
S0012,6,S0064,6,negative,0.1,,5.1131
S0067,3,S0086,4,negative,0.1617,,1.2767
S0050,6,S0083,7,negative,0.1,,3.7654
S0043,7,S0072,3,negative,0.2884,,1.0233
S0010,5,S0093,2,negative,0.1,,2.9024
S0013,5,S0099,7,negative,0.3064,,0.9873
S0022,6,S0024,8,negative,0.208,,1.1839
S0046,6,S0091,1,negative,0.1,,1.6438
S0043,5,S0086,3,negative,0.1,,2.1178
S0040,3,S0057,1,negative,0.1,,1.9498
S0086,7,S0087,3,negative,0.1,,1.485
S0025,5,S0028,7,negative,0.1,,1.8674
S0062,5,S0091,8,negative,0.3429,,0.9142
S0046,4,S0095,3,negative,0.2679,,1.0641
S0029,8,S0039,5,negative,0.2618,,1.0764
S0032,6,S0085,3,negative,0.1,,4.7807
S0041,1,S0051,6,negative,0.2949,,1.0102
S0013,2,S0024,3,negative,0.1,,3.0164
S0007,8,S0053,8,negative,0.1,,1.4983
S0071,2,S0096,6,negative,0.2907,,1.0185
S0053,5,S0085,4,negative,0.1,,1.6751
S0005,2,S0070,6,negative,0.3028,,0.9945
S0050,6,S0077,6,negative,0.1,,4.3588
S0019,4,S0071,5,negative,0.1,,3.8769
S0011,8,S0012,8,negative,0.1,,2.0249
S0012,2,S0055,6,negative,0.1,,2.6428
S0059,2,S0095,4,negative,0.1,,3.4796
S0004,8,S0026,3,negative,0.1798,,1.2405
S0026,5,S0037,1,negative,0.2073,,1.1853
S0043,4,S0049,4,negative,0.2893,,1.0215
S0016,7,S0075,8,negative,0.1,,2.5928
S0011,7,S0092,2,negative,0.1,,2.1127
S0010,3,S0096,6,negative,0.1,,1.8118
S0072,1,S0081,7,negative,0.2005,,1.199
S0039,8,S0063,6,negative,0.1831,,1.2338
S0004,7,S0078,2,negative,0.1,,3.0944
S0026,1,S0072,1,negative,0.3827,,0.8345
S0031,6,S0099,5,negative,0.2635,,1.073
S0030,1,S0035,2,negative,0.1858,,1.2283
S0019,4,S0025,4,negative,0.2745,,1.0511
S0009,1,S0077,7,negative,0.1,,3.3431
S0007,5,S0074,1,negative,0.1342,,1.3315
S0039,5,S0090,2,negative,0.1,,1.4373
S0020,6,S0056,7,negative,0.3111,,0.9777
S0074,6,S0081,7,negative,0.2573,,1.0854
S0011,7,S0099,6,negative,0.1232,,1.3536
S0019,7,S0046,1,negative,0.1,,2.4547
S0029,4,S0086,7,negative,0.3109,,0.9783
S0061,4,S0073,8,negative,0.1,,1.6792
S0021,5,S0038,3,negative,0.1,,3.3184
S0046,5,S0070,6,negative,0.1,,1.9076
S0027,3,S0081,3,negative,0.45,,0.7
S0020,2,S0071,6,negative,0.1,,2.164
S0072,1,S0086,2,negative,0.1,,1.5906
S0024,5,S0045,2,negative,0.1,,4.021
S0041,4,S0079,5,negative,0.1,,2.647
S0036,5,S0096,5,negative,0.1,,3.195
S0006,1,S0058,2,negative,0.3277,,0.9446
S0011,3,S0097,2,negative,0.2379,,1.1242
S0039,6,S0098,1,negative,0.3063,,0.9874
S0014,5,S0065,2,negative,0.1246,,1.3509
S0001,4,S0063,7,negative,0.1,,3.1292
S0001,6,S0057,4,negative,0.1,,3.9155
S0035,2,S0039,1,negative,0.2585,,1.0831
S0029,8,S0066,6,negative,0.1,,1.857
S0004,2,S0025,5,negative,0.2076,,1.1847
S0061,2,S0093,5,negative,0.1,,1.5632
S0067,8,S0100,2,negative,0.1,,4.3528
S0004,5,S0053,7,negative,0.1,,1.6864
S0029,5,S0084,1,negative,0.1,,3.0919
S0027,6,S0065,3,negative,0.3581,,0.8838
S0002,7,S0013,1,negative,0.3925,,0.815
S0028,3,S0064,6,negative,0.1,,4.9709
S0004,5,S0019,8,negative,0.2356,,1.1288
S0002,2,S0050,4,negative,0.1,,2.4865
S0005,5,S0065,4,negative,0.2607,,1.0785
S0001,7,S0011,4,negative,0.2108,,1.1784
S0043,1,S0095,6,negative,0.1,,2.5828
S0028,4,S0063,1,negative,0.1,,3.6014
S0062,7,S0063,6,negative,0.1,,2.1354
S0009,4,S0073,8,negative,0.1,,3.1023
S0018,8,S0054,6,negative,0.1,,1.5676
S0042,6,S0061,7,negative,0.1,,3.0333
S0017,1,S0058,7,negative,0.204,,1.1919
S0039,2,S0078,8,negative,0.1,,1.4116
S0048,1,S0051,7,negative,0.1,,2.8977
S0008,1,S0056,8,negative,0.3093,,0.9814
S0001,1,S0096,1,negative,0.1,,4.9498
S0005,4,S0028,3,negative,0.1,,2.4959
S0022,1,S0040,6,negative,0.1,,2.3368
S0054,6,S0089,7,negative,0.3007,,0.9986
S0021,8,S0064,4,negative,0.1,,5.0959
S0014,1,S0090,6,negative,0.1,,1.9965
S0086,5,S0097,8,negative,0.1163,,1.3674
S0010,3,S0013,4,negative,0.1,,1.4667
S0026,3,S0043,6,negative,0.3364,,0.9272
S0010,1,S0022,2,negative,0.1,,1.4898
S0003,7,S0011,6,negative,0.1,,2.8378
S0097,8,S0100,8,negative,0.1,,2.5471
S0042,4,S0055,2,negative,0.1,,2.7165
S0088,2,S0094,8,negative,0.3785,,0.843
S0005,4,S0084,1,negative,0.1,,2.0812
S0047,8,S0055,2,negative,0.1,,3.0417
S0001,5,S0097,6,negative,0.1,,2.09
S0004,6,S0083,6,negative,0.1568,,1.2864
S0047,7,S0098,5,negative,0.1,,3.3989
S0079,8,S0082,3,negative,0.1,,1.7279
S0060,3,S0065,2,negative,0.3112,,0.9777
S0002,1,S0081,2,negative,0.2783,,1.0433
S0021,7,S0077,8,negative,0.2883,,1.0234
S0033,1,S0044,4,negative,0.1,,1.4714
S0045,2,S0046,8,negative,0.1,,2.0842
S0043,2,S0054,7,negative,0.3424,,0.9153
S0020,3,S0053,4,negative,0.3009,,0.9983
S0092,8,S0099,7,negative,0.1876,,1.2248
S0039,5,S0056,6,negative,0.1622,,1.2757
S0007,1,S0018,2,negative,0.2293,,1.1415
S0020,1,S0040,7,negative,0.3337,,0.9326
S0055,5,S0074,6,negative,0.3956,,0.8088
S0015,7,S0034,1,negative,0.4732,,0.6536
S0003,1,S0063,8,negative,0.206,,1.188
S0037,6,S0043,8,negative,0.1301,,1.3399
S0061,3,S0097,7,negative,0.2107,,1.1786
S0020,5,S0032,1,negative,0.1,,2.6531
S0009,1,S0026,3,negative,0.1,,2.2475
S0006,5,S0031,1,negative,0.2639,,1.0722
S0056,6,S0066,4,negative,0.1,,1.7111
S0013,8,S0038,8,negative,0.3803,,0.8395
S0043,6,S0076,5,negative,0.1,,1.4208
S0001,4,S0040,2,negative,0.1,,2.3512
S0025,5,S0054,7,negative,0.3547,,0.8905
S0028,5,S0074,4,negative,0.1,,2.5727
S0010,4,S0031,1,negative,0.3205,,0.9591
S0008,2,S0053,2,negative,0.1,,1.4802
S0060,6,S0085,2,negative,0.1,,2.2042
S0019,6,S0020,4,negative,0.1,,2.1522
S0049,7,S0091,1,negative,0.1207,,1.3585
S0042,2,S0059,6,negative,0.1,,4.4896
S0048,5,S0098,3,negative,0.1,,1.6445
S0047,2,S0091,5,negative,0.1,,3.2739
S0052,6,S0086,3,negative,0.1,,3.3679
S0018,1,S0099,6,negative,0.2421,,1.1158
S0029,2,S0055,5,negative,0.1368,,1.3264
S0085,8,S0097,7,negative,0.1,,1.9693
S0008,3,S0017,7,negative,0.2583,,1.0834
S0001,3,S0066,2,negative,0.1,,1.5365
S0052,4,S0077,1,negative,0.2842,,1.0316
S0010,6,S0019,6,negative,0.1,,2.739
S0073,1,S0079,6,negative,0.1,,3.3766
S0022,8,S0054,7,negative,0.1,,3.3985
S0071,5,S0093,6,negative,0.1,,4.0524
S0001,7,S0060,2,negative,0.1,,2.5544
S0085,4,S0093,5,negative,0.318,,0.964
S0043,3,S0050,1,negative,0.1,,3.5009
S0078,3,S0096,1,negative,0.1,,1.8531
S0060,5,S0099,4,negative,0.3932,,0.8136
S0060,2,S0091,6,negative,0.2117,,1.1766
S0064,2,S0073,4,negative,0.1,,4.0968
S0021,3,S0034,5,negative,0.1,,3.8593
S0032,6,S0099,2,negative,0.1,,3.0732
S0044,8,S0064,6,negative,0.1,,2.0407
S0009,4,S0054,4,negative,0.1,,2.37
S0057,4,S0093,6,negative,0.1,,3.4564
S0058,2,S0065,4,negative,0.1,,1.4432
S0056,6,S0068,8,negative,0.1,,2.5804
S0027,2,S0074,5,negative,0.3692,,0.8616
S0028,6,S0047,7,negative,0.1,,5.3947
S0046,7,S0050,6,negative,0.1,,1.6945
S0002,5,S0047,4,negative,0.1,,2.9583
S0039,7,S0074,4,negative,0.2975,,1.005
S0041,7,S0084,7,negative,0.1,,1.4879
S0024,7,S0088,3,negative,0.1,,2.9203
S0005,6,S0038,8,negative,0.3146,,0.9707
S0006,7,S0038,8,negative,0.1362,,1.3275
S0037,5,S0057,1,negative,0.1,,2.0322
S0080,8,S0096,6,negative,0.1,,1.6397
S0022,2,S0099,8,negative,0.1,,2.5703
S0034,6,S0058,6,negative,0.3663,,0.8675
S0024,7,S0035,3,negative,0.1,,2.4851
S0036,1,S0040,6,negative,0.315,,0.9699
S0017,7,S0024,1,negative,0.1,,2.6068
S0047,6,S0097,2,negative,0.1,,2.9615
S0026,6,S0056,6,negative,0.1,,1.6623
S0040,7,S0065,7,negative,0.1637,,1.2726
S0019,4,S0096,5,negative,0.1,,4.3014
S0049,3,S0080,1,negative,0.1,,3.1436
S0042,4,S0077,2,negative,0.1,,4.4254
S0066,2,S0080,2,negative,0.1,,2.4511
S0065,8,S0087,4,negative,0.1,,2.3938
S0017,1,S0076,1,negative,0.1989,,1.2022
S0038,8,S0093,6,negative,0.1,,2.2392
S0030,6,S0089,2,negative,0.1672,,1.2657
S0005,7,S0100,8,negative,0.1,,2.3664
S0003,8,S0061,3,negative,0.1,,2.4936
S0015,7,S0087,3,negative,0.2814,,1.0372
S0075,1,S0083,3,negative,0.3049,,0.9901
S0006,2,S0078,1,negative,0.4656,,0.6688
S0003,3,S0016,7,negative,0.1,,1.7186
S0005,5,S0090,2,negative,0.1,,1.6143
S0025,6,S0032,8,negative,0.1,,4.0402
S0014,4,S0045,1,negative,0.3203,,0.9593
S0032,6,S0066,3,negative,0.1,,3.8814
S0021,4,S0070,7,negative,0.1,,2.0264
S0027,6,S0029,5,negative,0.1596,,1.2809
S0002,2,S0090,7,negative,0.1,,1.4594
S0037,5,S0068,8,negative,0.1,,1.9059
S0051,3,S0087,6,negative,0.1,,4.0785
S0067,3,S0080,4,negative,0.4231,,0.7538
S0010,8,S0036,6,negative,0.1,,1.716
S0038,3,S0075,1,negative,0.1,,2.6558
S0045,4,S0063,8,negative,0.1,,2.0819
S0011,5,S0040,7,negative,0.1,,1.4071
S0012,4,S0037,2,negative,0.1,,2.8274
S0065,3,S0089,6,negative,0.1,,1.6133
S0001,3,S0053,8,negative,0.1,,2.0874
S0002,6,S0031,7,negative,0.2608,,1.0785
S0050,1,S0058,8,negative,0.1,,1.5598
S0003,4,S0071,5,negative,0.2246,,1.1508
S0032,6,S0068,2,negative,0.1,,4.8034
S0009,8,S0063,4,negative,0.3447,,0.9106
S0039,4,S0094,4,negative,0.3926,,0.8147
S0072,1,S0089,5,negative,0.3066,,0.9868
S0007,2,S0098,4,negative,0.1,,1.5654
S0065,3,S0097,1,negative,0.3259,,0.9483
S0023,4,S0092,7,negative,0.3841,,0.8317
S0034,2,S0073,4,negative,0.1,,2.9881
S0022,2,S0036,5,negative,0.1,,2.7147
S0032,5,S0058,1,negative,0.1,,2.1028
S0010,5,S0081,6,negative,0.2107,,1.1787
S0013,4,S0073,3,negative,0.1,,2.1257
S0052,6,S0092,4,negative,0.1,,3.3682
S0018,7,S0050,2,negative,0.1,,2.3124
S0062,1,S0093,6,negative,0.3294,,0.9413
S0040,1,S0066,4,negative,0.2473,,1.1053
S0029,8,S0077,8,negative,0.1,,2.8369
S0054,1,S0098,8,negative,0.3507,,0.8986
S0013,8,S0014,7,negative,0.1861,,1.2278
S0070,6,S0099,2,negative,0.1268,,1.3465
S0016,6,S0081,1,negative,0.3224,,0.9552
S0016,8,S0074,1,negative,0.2814,,1.0372
S0022,3,S0065,3,negative,0.1,,2.5588
S0049,3,S0062,8,negative,0.2737,,1.0526
S0045,6,S0072,2,negative,0.2822,,1.0356
S0081,2,S0083,7,negative,0.1,,1.8957
S0007,3,S0077,5,negative,0.1,,2.9725
S0054,4,S0085,2,negative,0.1749,,1.2502
S0007,6,S0016,4,negative,0.199,,1.202
S0002,3,S0078,8,negative,0.1,,1.4079
S0008,3,S0095,4,negative,0.2871,,1.0259
S0055,5,S0056,6,negative,0.1603,,1.2794
S0082,8,S0091,7,negative,0.1,,3.5382
S0052,4,S0100,8,negative,0.3449,,0.9102
S0066,6,S0100,5,negative,0.1,,1.8242
S0006,3,S0061,6,negative,0.1,,2.1399
S0002,7,S0004,7,negative,0.1,,1.8699
S0013,2,S0064,8,negative,0.1,,2.3547
S0083,3,S0095,6,negative,0.1,,2.8771
S0023,3,S0099,7,negative,0.2058,,1.1885
S0001,5,S0022,4,negative,0.1,,4.4508
S0033,8,S0069,7,negative,0.2657,,1.0686
S0039,3,S0046,8,negative,0.2101,,1.1798
S0014,4,S0032,6,negative,0.1,,3.8018
S0063,7,S0083,7,negative,0.1,,2.3872
S0013,8,S0051,2,negative,0.1,,2.1484
S0036,6,S0050,6,negative,0.1,,2.7433
S0036,6,S0085,1,negative,0.1,,1.5607
S0062,3,S0082,2,negative,0.1,,4.0449
S0008,3,S0072,4,negative,0.1,,1.7235
S0074,8,S0084,7,negative,0.1,,2.2858
S0018,8,S0062,1,negative,0.1,,1.402
S0002,3,S0035,4,negative,0.213,,1.1739
S0014,5,S0039,5,negative,0.2799,,1.0401
S0002,7,S0088,2,negative,0.2976,,1.0048
S0002,3,S0100,6,negative,0.1,,2.6377
S0026,8,S0091,2,negative,0.348,,0.904
S0044,5,S0080,4,negative,0.2178,,1.1643
S0018,3,S0081,5,negative,0.3131,,0.9738
S0018,2,S0070,8,negative,0.1,,1.431
S0068,1,S0089,7,negative,0.2897,,1.0206
S0046,1,S0075,7,negative,0.1,,3.0568
S0016,2,S0057,4,negative,0.1,,1.6592
S0016,7,S0026,8,negative,0.1,,1.4044
S0036,2,S0043,6,negative,0.21,,1.1799
S0021,4,S0047,6,negative,0.1,,5.5263
S0035,8,S0055,3,negative,0.2288,,1.1424
S0006,4,S0073,8,negative,0.1,,3.3255
S0027,8,S0100,4,negative,0.1,,2.7187
S0013,5,S0035,4,negative,0.1647,,1.2707
S0001,5,S0044,1,negative,0.1,,2.5621
S0021,5,S0095,3,negative,0.1,,4.1937
S0022,2,S0081,1,negative,0.1,,2.1862
S0005,2,S0080,8,negative,0.1,,1.872
S0016,3,S0043,8,negative,0.1,,1.6722
S0036,6,S0038,1,negative,0.2755,,1.0489
S0014,4,S0070,3,negative,0.3669,,0.8663
S0028,5,S0083,1,negative,0.1,,1.6232
S0020,3,S0082,2,negative,0.1,,2.6455
S0010,1,S0099,8,negative,0.1,,1.4422
S0059,5,S0078,3,negative,0.1,,3.3038
S0021,4,S0071,1,negative,0.1,,5.176
S0038,5,S0097,4,negative,0.2365,,1.1269
S0023,4,S0031,2,negative,0.3692,,0.8616
S0028,5,S0065,2,negative,0.1,,2.7811
S0006,2,S0094,3,negative,0.1,,1.8084
S0059,1,S0098,8,negative,0.1,,1.6365
S0010,8,S0068,1,negative,0.1,,3.0719
S0026,5,S0059,2,negative,0.1,,1.4836
S0010,6,S0085,7,negative,0.1,,3.0961
S0030,3,S0045,8,negative,0.1821,,1.2358
S0024,2,S0068,6,negative,0.1,,4.7626
S0058,2,S0064,4,negative,0.1,,1.5465
S0078,5,S0086,1,negative,0.3514,,0.8972
S0076,4,S0094,3,negative,0.4888,,0.6224
S0011,5,S0015,8,negative,0.1,,2.7069
S0031,6,S0077,1,negative,0.1,,2.766
S0084,1,S0088,4,negative,0.1,,2.4891
S0009,1,S0019,8,negative,0.1,,2.7709
S0005,4,S0024,7,negative,0.1,,3.2501
S0054,2,S0091,2,negative,0.2603,,1.0795
S0068,4,S0084,4,negative,0.2829,,1.0341
S0074,4,S0098,4,negative,0.4036,,0.7927
S0079,2,S0083,4,negative,0.1,,3.0331
S0029,2,S0083,5,negative,0.1,,2.4203
S0019,2,S0093,8,negative,0.382,,0.836
S0003,6,S0037,6,negative,0.1,,2.0361
S0022,8,S0043,1,negative,0.1,,3.4358
S0029,3,S0085,2,negative,0.1,,2.6736
S0062,3,S0065,7,negative,0.1,,1.4041
S0038,6,S0051,2,negative,0.1,,2.4098
S0025,5,S0057,8,negative,0.1,,2.8841
S0077,7,S0089,5,negative,0.1777,,1.2446
S0087,2,S0096,5,negative,0.1751,,1.2497
S0051,7,S0052,3,negative,0.2219,,1.1563
S0018,4,S0033,4,negative,0.1,,1.6198
S0095,5,S0100,4,negative,0.1,,3.965
S0069,4,S0070,8,negative,0.1,,2.0063
S0044,1,S0057,7,negative,0.1,,1.5749
S0008,6,S0041,2,negative,0.1,,2.0546
S0023,1,S0053,7,negative,0.1346,,1.3308
S0010,6,S0011,8,negative,0.1,,2.3391
S0018,3,S0069,2,negative,0.219,,1.162
S0006,3,S0047,6,negative,0.1,,1.4562
S0019,7,S0037,8,negative,0.1,,1.7074
S0067,6,S0075,4,negative,0.1,,3.7896
S0021,5,S0061,5,negative,0.1,,2.4862
S0037,6,S0044,1,negative,0.3761,,0.8479
S0016,4,S0096,4,negative,0.1,,2.5279
S0022,3,S0049,6,negative,0.1,,3.9676
S0010,6,S0024,7,negative,0.1,,1.8573
S0044,6,S0082,6,negative,0.1,,2.6558
S0015,4,S0025,6,negative,0.1,,2.7024
S0038,4,S0065,8,negative,0.1593,,1.2814
S0042,8,S0099,3,negative,0.1,,2.6143
S0018,1,S0073,8,negative,0.1,,2.2558
S0009,1,S0098,7,negative,0.1,,2.0008
S0044,5,S0048,8,negative,0.418,,0.7641
S0055,6,S0057,3,negative,0.1,,2.1894
S0060,8,S0088,2,negative,0.4328,,0.7343
S0068,3,S0070,3,negative,0.1624,,1.2752
S0052,4,S0072,4,negative,0.1,,2.0927
S0020,5,S0084,1,negative,0.1,,2.6743
S0001,7,S0006,5,negative,0.1,,3.6348
S0072,3,S0091,5,negative,0.3491,,0.9019
S0028,6,S0084,5,negative,0.3417,,0.9166
S0060,3,S0081,3,negative,0.2805,,1.0389
S0080,8,S0081,4,negative,0.1015,,1.397
S0069,7,S0097,1,negative,0.1475,,1.3051
S0008,1,S0009,5,negative,0.3243,,0.9514
S0078,4,S0081,5,negative,0.1167,,1.3666
S0051,2,S0100,4,negative,0.1653,,1.2695
S0011,5,S0100,5,negative,0.1,,1.6855
S0012,8,S0087,8,negative,0.1,,5.0209
S0077,5,S0079,1,negative,0.1,,3.601
S0056,6,S0087,7,negative,0.1,,1.8131
S0007,5,S0070,5,negative,0.1,,2.0235
S0025,7,S0087,7,negative,0.1,,3.2589
S0043,7,S0055,3,negative,0.2201,,1.1599
S0018,4,S0072,7,negative,0.1859,,1.2281
S0003,5,S0032,3,negative,0.1,,1.4487
S0033,1,S0067,1,negative,0.3523,,0.8954
S0071,1,S0076,1,negative,0.1,,2.5026
S0050,3,S0061,6,negative,0.1,,2.9426
S0007,4,S0055,3,negative,0.1841,,1.2318
S0056,8,S0084,1,negative,0.1,,2.9457
S0019,1,S0060,1,negative,0.1,,1.9071
S0059,5,S0100,7,negative,0.1385,,1.323
S0002,7,S0094,7,negative,0.3043,,0.9914
S0021,1,S0032,7,negative,0.1,,5.7319
S0004,3,S0055,1,negative,0.1,,1.7613
S0027,5,S0030,4,negative,0.2898,,1.0204
S0005,2,S0050,2,negative,0.1,,2.7047
S0083,2,S0097,2,negative,0.1,,1.5617
S0050,2,S0093,1,negative,0.1,,3.9827
S0007,8,S0084,2,negative,0.1,,3.2606
S0028,2,S0059,4,negative,0.2327,,1.1346
S0010,8,S0028,3,negative,0.1,,3.9019
S0028,3,S0078,5,negative,0.1,,3.9231
S0076,8,S0099,6,negative,0.3921,,0.8159
S0017,6,S0098,4,negative,0.1043,,1.3914
S0042,8,S0089,8,negative,0.1,,3.7598
S0007,6,S0030,7,negative,0.1,,1.5222
S0097,7,S0098,2,negative,0.3876,,0.8248
S0020,4,S0080,2,negative,0.1391,,1.3218
S0059,8,S0075,7,negative,0.3162,,0.9676
S0034,6,S0097,1,negative,0.1,,1.6264
S0041,1,S0094,8,negative,0.1108,,1.3784
S0031,8,S0058,5,negative,0.36,,0.88
S0046,6,S0096,8,negative,0.1,,2.1156
S0001,6,S0021,2,negative,0.1523,,1.2954
S0001,2,S0002,5,negative,0.1,,2.1974
S0014,5,S0038,6,negative,0.1,,1.6281
S0020,1,S0037,5,negative,0.3081,,0.9838
S0074,2,S0092,4,negative,0.1602,,1.2796
S0014,1,S0056,6,negative,0.1,,1.839
S0017,4,S0084,7,negative,0.1,,2.9336
S0037,1,S0065,6,negative,0.3087,,0.9826
S0001,7,S0054,1,negative,0.1,,1.4658
S0033,2,S0065,8,negative,0.1,,1.7951
S0047,7,S0072,1,negative,0.1,,3.3572
S0033,5,S0042,3,negative,0.2389,,1.1223
S0060,2,S0071,5,negative,0.1,,2.1876
S0015,2,S0072,8,negative,0.1,,2.1686
S0036,2,S0071,5,negative,0.1,,2.7651
S0040,6,S0097,4,negative,0.2959,,1.0081
S0028,3,S0089,2,negative,0.1,,1.5719
S0004,3,S0092,4,negative,0.1,,2.7514
S0004,6,S0044,6,negative,0.1,,2.2934
S0078,5,S0083,6,negative,0.1,,2.6674
S0048,8,S0050,7,negative,0.1,,1.7676
S0008,3,S0051,3,negative,0.1,,2.8313
S0018,4,S0071,7,negative,0.1,,2.3088
S0051,1,S0054,5,negative,0.1,,1.4294
S0062,1,S0080,3,negative,0.1,,2.6161
S0041,8,S0048,4,negative,0.1,,2.0706
S0001,6,S0072,8,negative,0.1,,1.7661
S0008,6,S0045,4,negative,0.1,,2.0027
S0010,6,S0090,1,negative,0.3614,,0.8771
S0016,6,S0045,7,negative,0.1,,1.6487
S0054,7,S0073,2,negative,0.1746,,1.2509
S0007,2,S0040,6,negative,0.1863,,1.2274
S0015,3,S0022,4,negative,0.1441,,1.3117
S0005,5,S0083,1,negative,0.1,,1.5274
S0008,1,S0058,7,negative,0.3227,,0.9547
S0056,2,S0078,4,negative,0.2091,,1.1817
S0017,3,S0019,5,negative,0.1,,2.1106
S0025,5,S0078,2,negative,0.1,,2.4156
S0026,5,S0051,3,negative,0.1,,1.4001
S0074,8,S0086,5,negative,0.1272,,1.3455
S0003,3,S0031,5,negative,0.1478,,1.3043
S0019,8,S0021,6,negative,0.1,,1.5945
S0029,2,S0036,2,negative,0.1329,,1.3341
S0052,8,S0080,1,negative,0.1,,3.8756
S0010,6,S0071,1,negative,0.1,,1.4825
S0089,5,S0095,5,negative,0.1,,2.7507
S0034,5,S0084,3,negative,0.1,,3.3528
S0003,8,S0009,3,negative,0.3926,,0.8147
S0084,4,S0093,4,negative,0.2932,,1.0136
S0071,8,S0098,3,negative,0.1,,3.0444
S0055,6,S0100,3,negative,0.1,,2.4495
S0006,6,S0072,1,negative,0.1,,2.189
S0001,5,S0016,1,negative,0.1,,2.6219
S0048,7,S0095,2,negative,0.2556,,1.0888
S0026,1,S0029,3,negative,0.1,,1.8928
S0066,1,S0074,1,negative,0.3241,,0.9519
S0009,2,S0100,8,negative,0.1,,3.8616
S0006,1,S0032,8,negative,0.1,,1.683
S0007,3,S0072,1,negative,0.1,,1.6889
S0003,5,S0086,7,negative,0.1829,,1.2343
S0009,7,S0037,5,negative,0.1,,1.57
S0041,6,S0046,1,negative,0.1,,2.0622
S0033,7,S0060,8,negative,0.1,,1.5547
S0002,3,S0054,5,negative,0.1241,,1.3517
S0025,5,S0029,1,negative,0.1,,2.095
S0055,3,S0090,4,negative,0.1,,1.5803
S0022,1,S0031,3,negative,0.1,,1.8942
S0049,6,S0096,2,negative,0.1,,4.4235
S0055,4,S0099,5,negative,0.4058,,0.7884
S0032,3,S0091,8,negative,0.1,,3.5303
S0091,8,S0097,6,negative,0.3644,,0.8713
S0078,5,S0094,2,negative,0.1,,1.4817
S0075,3,S0081,8,negative,0.1,,2.4827
S0033,1,S0054,6,negative,0.1,,2.7521
S0026,1,S0061,1,negative,0.2918,,1.0164
S0008,4,S0078,8,negative,0.3232,,0.9537
S0059,6,S0064,4,negative,0.1,,4.3346
S0038,4,S0042,5,negative,0.1,,2.2048
S0014,8,S0033,3,negative,0.1,,2.525
S0063,8,S0077,1,negative,0.1,,3.0206
S0074,5,S0096,5,negative,0.1,,3.0726
S0013,7,S0087,2,negative,0.1,,2.298
S0002,4,S0036,6,negative,0.3822,,0.8355
S0059,1,S0082,5,negative,0.1,,5.0311
S0004,6,S0080,5,negative,0.1,,3.2833
S0002,2,S0072,3,negative,0.213,,1.174
S0012,4,S0044,6,negative,0.1,,3.2744
S0012,5,S0052,7,negative,0.3027,,0.9945
S0027,4,S0034,6,negative,0.1141,,1.3718
S0055,6,S0070,4,negative,0.2557,,1.0886
S0020,1,S0083,5,negative,0.1,,2.1025
S0027,4,S0043,8,negative,0.1117,,1.3767
S0039,6,S0065,7,negative,0.3651,,0.8698
S0021,4,S0037,7,negative,0.1,,2.8326
S0039,1,S0071,7,negative,0.1,,2.6067
S0084,5,S0090,3,negative,0.1,,3.4043
S0060,5,S0067,2,negative,0.1,,1.6893
S0015,6,S0078,4,negative,0.4058,,0.7884
S0021,1,S0099,2,negative,0.1,,2.7981
S0030,3,S0031,2,negative,0.1593,,1.2814
S0090,3,S0095,6,negative,0.2706,,1.0587
S0068,2,S0069,7,negative,0.1,,2.7879
S0040,5,S0077,1,negative,0.1,,2.2804
S0005,1,S0056,4,negative,0.1499,,1.3003
S0004,7,S0088,2,negative,0.1,,2.0805
S0025,7,S0075,8,negative,0.1,,1.4206
S0021,5,S0069,5,negative,0.1,,3.7237
S0020,7,S0035,7,negative,0.2348,,1.1304
S0018,6,S0095,2,negative,0.1,,1.482
S0076,6,S0083,4,negative,0.1,,1.671
S0028,4,S0075,1,negative,0.2509,,1.0982
S0002,7,S0087,6,negative,0.1,,2.2957
S0004,4,S0068,3,negative,0.3567,,0.8867
S0057,5,S0082,4,negative,0.1,,1.4636
S0045,3,S0098,4,negative,0.328,,0.9439
S0046,4,S0089,1,negative,0.1,,2.3909
S0058,5,S0090,8,negative,0.4187,,0.7626
S0006,4,S0048,8,negative,0.3186,,0.9628
S0014,7,S0017,8,negative,0.1,,1.739
S0055,1,S0089,1,negative,0.1075,,1.385
S0070,1,S0089,4,negative,0.2524,,1.0953
S0029,6,S0047,4,negative,0.1,,2.1888
S0091,1,S0098,5,negative,0.3904,,0.8191
S0003,5,S0097,5,negative,0.1,,1.9109
S0032,1,S0046,2,negative,0.1,,2.3478
S0052,5,S0081,2,negative,0.1,,2.8271
S0062,6,S0086,8,negative,0.1,,2.0683
S0025,1,S0061,4,negative,0.2195,,1.161
S0032,1,S0033,1,negative,0.1,,1.5497
S0036,6,S0037,8,negative,0.3877,,0.8246
S0002,2,S0084,7,negative,0.1,,2.3113
S0077,7,S0086,8,negative,0.1,,2.9647
S0002,7,S0091,2,negative,0.312,,0.9761
S0066,2,S0088,5,negative,0.1949,,1.2102
S0008,7,S0012,2,negative,0.1,,3.7077
S0013,5,S0018,2,negative,0.3782,,0.8436
S0053,2,S0096,4,negative,0.1,,3.1581
S0054,5,S0056,6,negative,0.1,,1.909
S0067,2,S0085,3,negative,0.1,,3.6405
S0042,7,S0073,5,negative,0.1,,4.189
S0087,1,S0092,8,negative,0.1,,1.5659
S0083,7,S0093,2,negative,0.2989,,1.0022
S0031,1,S0069,7,negative,0.328,,0.944
S0009,2,S0091,1,negative,0.1,,1.7817
S0027,5,S0046,8,negative,0.176,,1.2479
S0036,5,S0098,1,negative,0.371,,0.858
S0068,4,S0085,4,negative,0.3458,,0.9084
S0060,6,S0069,2,negative,0.3077,,0.9845
S0040,1,S0041,5,negative,0.1,,1.504
S0001,6,S0048,2,negative,0.1,,2.9954
S0040,3,S0073,5,negative,0.1,,2.0783
S0027,2,S0069,4,negative,0.2701,,1.0598
S0030,3,S0052,1,negative,0.1,,2.3503
S0061,7,S0076,5,negative,0.2632,,1.0736
S0048,5,S0073,4,negative,0.1,,2.7319
S0011,6,S0051,6,negative,0.1967,,1.2066
S0028,4,S0067,1,negative,0.1,,4.4075
S0052,3,S0093,2,negative,0.2335,,1.133
S0002,3,S0020,7,negative,0.2932,,1.0136
S0031,4,S0051,8,negative,0.1,,2.6426
S0041,3,S0063,4,negative,0.1,,2.0886
S0067,5,S0072,6,negative,0.1,,2.4703
S0036,8,S0070,5,negative,0.2554,,1.0892
S0032,5,S0072,8,negative,0.1,,3.5341
S0030,2,S0041,2,negative,0.2288,,1.1425
S0016,1,S0023,1,negative,0.3111,,0.9778
S0049,6,S0093,5,negative,0.3532,,0.8936
S0038,7,S0078,3,negative,0.2052,,1.1895
S0041,8,S0077,3,negative,0.1571,,1.2857
S0001,6,S0099,2,negative,0.1,,2.2861
S0072,7,S0074,7,negative,0.3618,,0.8763
S0042,1,S0057,5,negative,0.2648,,1.0703
S0003,3,S0065,1,negative,0.1,,1.9673
S0017,2,S0061,3,negative,0.1,,1.4977
S0047,3,S0071,3,negative,0.3369,,0.9261
S0054,6,S0062,4,negative,0.4341,,0.7317
S0014,3,S0064,7,negative,0.1,,3.1699
S0034,4,S0081,8,negative,0.1212,,1.3576
S0013,6,S0067,3,negative,0.1,,1.9269
S0065,2,S0078,6,negative,0.1,,1.4871
S0009,5,S0031,1,negative,0.2673,,1.0654
S0068,3,S0082,8,negative,0.1,,4.7816
S0045,2,S0100,5,negative,0.1,,1.7474
S0013,6,S0082,3,negative,0.1,,3.0339
S0028,1,S0086,8,negative,0.1,,3.6124
S0033,8,S0082,1,negative,0.1,,1.6623
S0048,7,S0088,2,negative,0.1733,,1.2534
S0029,6,S0073,4,negative,0.1,,2.7562
S0003,8,S0059,7,negative,0.1,,3.768
S0037,7,S0093,7,negative,0.1,,1.7528
S0025,3,S0058,7,negative,0.1,,2.2499
S0010,8,S0032,7,negative,0.1,,1.9082
S0010,1,S0087,2,negative,0.1976,,1.2049
S0044,8,S0053,8,negative,0.2772,,1.0455
S0015,4,S0098,2,negative,0.1,,2.1633
S0014,2,S0040,8,negative,0.1323,,1.3354
S0008,3,S0054,3,negative,0.1,,2.0224
S0054,1,S0061,2,negative,0.1699,,1.2603
S0039,8,S0089,6,negative,0.1,,1.5763
S0007,6,S0093,8,negative,0.1,,2.6236
S0048,5,S0091,4,negative,0.1,,1.616
S0059,6,S0083,3,negative,0.2858,,1.0284
S0032,1,S0045,3,negative,0.1,,4.0344
S0014,8,S0082,7,negative,0.1,,3.8511
S0049,2,S0098,2,negative,0.2229,,1.1543
S0011,4,S0013,7,negative,0.1,,1.5224
S0024,1,S0064,8,negative,0.2955,,1.009
S0010,2,S0042,5,negative,0.1,,1.5198
S0022,1,S0090,5,negative,0.1,,1.4349
S0042,2,S0085,8,negative,0.1,,4.2133
S0047,6,S0088,7,negative,0.1,,2.7259
S0058,8,S0077,1,negative,0.1,,3.1445
S0021,5,S0054,5,negative,0.1,,1.9424
S0002,1,S0032,2,negative,0.1,,3.0966
S0040,8,S0055,1,negative,0.3659,,0.8683
S0005,2,S0008,8,negative,0.1571,,1.2858
S0035,3,S0068,6,negative,0.1,,2.4935
S0001,2,S0089,2,negative,0.1482,,1.3035
S0067,2,S0081,8,negative,0.1,,1.6515
S0075,2,S0100,6,negative,0.2671,,1.0657
S0045,8,S0093,8,negative,0.4302,,0.7396
S0016,3,S0035,1,negative,0.3146,,0.9707
S0011,3,S0060,1,negative,0.1,,1.6765
S0050,5,S0065,2,negative,0.1,,2.5945
S0026,4,S0027,8,negative,0.2407,,1.1186
S0043,6,S0083,7,negative,0.3802,,0.8397
S0002,7,S0021,1,negative,0.1,,2.8321
S0022,1,S0086,8,negative,0.1,,1.6226
S0019,6,S0047,6,negative,0.1,,4.2281
S0063,2,S0087,4,negative,0.1,,1.4236
S0007,6,S0099,4,negative,0.1807,,1.2387
S0051,5,S0070,7,negative,0.1283,,1.3434
S0006,8,S0085,6,negative,0.1,,3.3
S0001,3,S0013,8,negative,0.1,,2.3053
S0025,2,S0080,8,negative,0.1,,2.5862
S0023,2,S0038,8,negative,0.2501,,1.0999
S0070,6,S0083,8,negative,0.229,,1.1419
S0059,4,S0099,5,negative,0.1,,2.1661
S0083,4,S0089,3,negative,0.3553,,0.8895
S0024,3,S0061,2,negative,0.1,,3.4898
S0070,1,S0092,2,negative,0.1,,2.0558
S0055,8,S0059,8,negative,0.1,,2.0139
S0062,3,S0077,4,negative,0.2465,,1.1071
S0011,2,S0079,3,negative,0.1,,2.7327
S0061,5,S0062,8,negative,0.2291,,1.1418
S0067,2,S0077,1,negative,0.1,,3.8265
S0037,2,S0070,7,negative,0.1929,,1.2143
S0038,3,S0043,6,negative,0.1,,1.7866
S0071,4,S0088,7,negative,0.1,,2.4275
S0042,2,S0044,1,negative,0.1,,2.1887
S0001,2,S0005,5,negative,0.1,,1.9735
S0077,8,S0080,6,negative,0.1,,3.5781
S0042,3,S0050,2,negative,0.2986,,1.0027
S0015,4,S0041,7,negative,0.1,,2.6639
S0027,5,S0098,8,negative,0.3005,,0.999
S0028,4,S0054,5,negative,0.1,,1.8128
S0009,5,S0025,3,negative,0.1,,2.3018
S0036,2,S0044,4,negative,0.2895,,1.0209
S0062,3,S0098,7,negative,0.3536,,0.8928
S0071,2,S0089,3,negative,0.1,,3.6936
S0038,3,S0052,2,negative,0.1,,2.9446
S0007,5,S0027,5,negative,0.2713,,1.0573
S0033,4,S0040,2,negative,0.1,,1.8697
S0007,3,S0091,7,negative,0.1,,1.5745
S0039,7,S0076,3,negative,0.3987,,0.8026
S0084,8,S0089,1,negative,0.1495,,1.301
S0018,1,S0087,6,negative,0.1,,2.1524
S0014,5,S0094,3,negative,0.2502,,1.0996
S0011,5,S0091,4,negative,0.3298,,0.9404
S0021,2,S0029,3,negative,0.1,,3.6069
S0042,3,S0080,6,negative,0.1,,1.4285
S0041,1,S0052,5,negative,0.1,,1.5714
S0068,7,S0099,4,negative,0.1,,1.9597
S0011,3,S0037,8,negative,0.119,,1.362
S0002,8,S0080,6,negative,0.1,,1.5709
S0019,3,S0090,4,negative,0.1,,2.6563
S0029,7,S0075,5,negative,0.1,,2.9582
S0003,4,S0038,2,negative,0.1,,1.6724
S0042,5,S0063,4,negative,0.1,,1.6691
S0038,6,S0081,2,negative,0.3382,,0.9237
S0017,6,S0032,3,negative,0.1,,2.6638
S0053,2,S0055,1,negative,0.3905,,0.819
S0007,2,S0054,6,negative,0.1,,2.0045
S0006,7,S0017,2,negative,0.1,,1.4271
S0071,4,S0082,8,negative,0.2726,,1.0547
S0002,5,S0062,6,negative,0.1705,,1.259
S0002,1,S0025,7,negative,0.1,,1.4093
S0038,3,S0069,4,negative,0.3555,,0.889
S0023,4,S0047,5,negative,0.1,,2.3099
S0081,3,S0097,3,negative,0.3365,,0.927
S0020,4,S0092,2,negative,0.3499,,0.9001
S0028,5,S0043,2,negative,0.1,,1.7052
S0080,8,S0095,1,negative,0.3451,,0.9098
S0056,5,S0067,8,negative,0.1,,1.4388
S0001,3,S0025,6,negative,0.1,,1.4993
S0086,5,S0091,1,negative,0.1,,1.6786
S0060,6,S0093,3,negative,0.1,,2.0411
S0030,8,S0077,8,negative,0.1,,1.8899
S0040,2,S0100,5,negative,0.1,,2.6878
S0011,1,S0014,2,negative,0.202,,1.1961
S0051,4,S0082,8,negative,0.1,,4.869
S0011,6,S0087,2,negative,0.1,,3.3318
S0061,8,S0072,4,negative,0.3611,,0.8778
S0009,7,S0024,8,negative,0.1,,1.8927
S0079,7,S0094,3,negative,0.1,,1.6665
S0006,6,S0013,8,negative,0.1,,1.6462
S0005,5,S0034,8,negative,0.1,,1.5529
S0043,7,S0062,2,negative,0.3762,,0.8475
S0018,7,S0077,3,negative,0.1,,2.3347
S0038,2,S0096,8,negative,0.1,,2.5028
S0003,6,S0020,1,negative,0.1,,1.608
S0045,6,S0070,1,negative,0.3822,,0.8356
S0018,3,S0041,6,negative,0.1,,1.5856
S0025,2,S0068,3,negative,0.1663,,1.2673
S0010,7,S0044,5,negative,0.27,,1.06
S0069,4,S0072,3,negative,0.1,,1.678
S0039,7,S0083,7,negative,0.1,,1.6246
S0010,1,S0015,1,negative,0.3569,,0.8863
S0021,4,S0083,6,negative,0.1,,1.6897
S0068,1,S0092,5,negative,0.1,,2.7863
S0045,1,S0076,2,negative,0.1756,,1.2488
S0018,6,S0059,4,negative,0.1,,2.414
S0071,1,S0086,8,negative,0.1,,1.7496
S0067,7,S0095,3,negative,0.3747,,0.8507
S0002,2,S0003,8,negative,0.1,,1.9736
S0040,5,S0082,8,negative,0.1,,2.9681
S0015,7,S0040,8,negative,0.1,,1.5797
S0015,3,S0067,4,negative,0.3366,,0.9268
S0049,5,S0073,5,negative,0.3609,,0.8782
S0024,8,S0025,6,negative,0.1,,3.9917
S0011,5,S0094,6,negative,0.1,,1.4835
S0066,3,S0071,5,negative,0.1,,3.2903
S0025,7,S0051,6,negative,0.1,,1.4822
S0019,5,S0078,6,negative,0.1,,2.7459
S0071,3,S0084,1,negative,0.1,,4.6253
S0012,7,S0042,6,negative,0.1,,5.2218
S0055,1,S0077,4,negative,0.1,,1.8965
S0045,7,S0065,2,negative,0.1387,,1.3227
S0003,4,S0068,8,negative,0.1,,3.6485
S0005,7,S0037,5,negative,0.4725,,0.655
S0055,4,S0072,4,negative,0.3432,,0.9137
S0030,3,S0090,1,negative,0.1,,1.7095
S0018,1,S0029,7,negative,0.3083,,0.9833
S0050,2,S0072,2,negative,0.1,,2.9755
S0008,4,S0064,5,negative,0.1,,1.6122
S0012,5,S0058,4,negative,0.1,,3.8735
S0021,5,S0094,2,negative,0.1,,2.8621
S0082,2,S0087,7,negative,0.2333,,1.1334
S0072,8,S0077,6,negative,0.1,,1.6746
S0035,8,S0087,2,negative,0.1,,1.8747
S0052,4,S0064,8,negative,0.1,,4.6793
S0025,3,S0098,1,negative,0.3322,,0.9355
S0007,3,S0100,2,negative,0.1,,3.5099
S0037,6,S0090,4,negative,0.1042,,1.3915
S0057,7,S0061,3,negative,0.1,,2.4498
S0057,8,S0098,6,negative,0.1,,2.4694
S0022,3,S0045,8,negative,0.1,,3.3676
S0053,4,S0054,3,negative,0.1231,,1.3539
S0044,8,S0062,5,negative,0.1,,1.6318
S0008,8,S0079,7,negative,0.206,,1.1879
S0057,5,S0062,4,negative,0.1,,2.9101
S0034,2,S0036,1,negative,0.1,,1.6501
S0020,3,S0078,5,negative,0.202,,1.1959
S0005,7,S0068,5,negative,0.1,,1.702
S0015,4,S0070,4,negative,0.1,,2.5462
S0022,2,S0051,5,negative,0.1,,4.271
S0032,3,S0038,2,negative,0.1,,2.6408
S0081,5,S0091,4,negative,0.288,,1.024
S0007,6,S0009,5,negative,0.3632,,0.8737
S0027,1,S0094,5,negative,0.3688,,0.8624
S0014,4,S0075,8,negative,0.1,,1.6878
S0010,3,S0020,8,negative,0.2135,,1.1729
S0057,5,S0075,3,negative,0.1,,3.8514
S0014,5,S0069,6,negative,0.1,,1.8927
S0080,4,S0092,3,negative,0.2924,,1.0151
S0021,7,S0046,1,negative,0.1,,3.7002
S0039,3,S0064,3,negative,0.1,,2.414
S0007,4,S0062,5,negative,0.1,,2.0671
S0017,2,S0056,5,negative,0.2371,,1.1257
S0058,7,S0096,2,negative,0.1,,1.9104
S0061,8,S0067,8,negative,0.1,,2.5063
S0045,7,S0068,3,negative,0.2212,,1.1576
S0030,4,S0072,2,negative,0.3958,,0.8083
S0024,5,S0078,2,negative,0.1,,1.8559
S0045,6,S0062,4,negative,0.4398,,0.7204
S0009,5,S0050,4,negative,0.1,,1.5625
S0087,7,S0088,1,negative,0.1,,2.2462
S0082,5,S0083,5,negative,0.1,,4.3892
S0073,5,S0096,4,negative,0.1,,4.6381
S0022,8,S0091,4,negative,0.1,,2.9122
S0032,8,S0098,2,negative,0.1,,3.6037
S0017,7,S0073,1,negative,0.1,,2.3258
S0048,6,S0076,4,negative,0.2606,,1.0787
S0080,4,S0085,4,negative,0.1,,3.3195
S0022,3,S0073,6,negative,0.1,,4.1332
S0057,7,S0097,7,negative,0.1,,2.0029
S0051,5,S0092,8,negative,0.1,,2.8942
S0002,3,S0075,2,negative,0.1,,2.2019
S0009,1,S0015,1,negative,0.2555,,1.089
S0012,2,S0068,3,negative,0.2085,,1.1831
S0069,5,S0091,3,negative,0.1,,1.5836
S0031,2,S0041,6,negative,0.1,,1.805
S0001,5,S0068,2,negative,0.3507,,0.8985
S0050,5,S0095,1,negative,0.1792,,1.2417
S0064,3,S0099,7,negative,0.1,,2.5245
S0012,2,S0094,1,negative,0.1,,2.8291
S0035,8,S0056,3,negative,0.2848,,1.0303
S0046,2,S0067,5,negative,0.1694,,1.2612
S0009,3,S0027,4,negative,0.1127,,1.3747
S0022,3,S0085,1,negative,0.1,,4.0821
S0003,2,S0062,5,negative,0.1,,2.8568
S0056,4,S0091,4,negative,0.1511,,1.2977
S0007,5,S0035,6,negative,0.3864,,0.8272
S0019,8,S0039,1,negative,0.1,,1.6717
S0055,5,S0092,5,negative,0.1472,,1.3055
S0001,7,S0064,2,negative,0.1,,4.398
S0015,6,S0089,6,negative,0.1,,2.9124
S0062,8,S0094,6,negative,0.1945,,1.211
S0017,7,S0046,6,negative,0.1538,,1.2925
S0022,8,S0027,1,negative,0.1,,2.3153
S0062,2,S0072,7,negative,0.3221,,0.9557
S0026,3,S0099,6,negative,0.2521,,1.0959
S0010,4,S0045,6,negative,0.1,,2.3516
S0024,6,S0067,8,negative,0.1,,1.4563
S0011,8,S0028,5,negative,0.1,,1.8491
S0018,1,S0098,7,negative,0.2127,,1.1746
S0014,6,S0048,5,negative,0.1,,1.9415
S0057,1,S0096,5,negative,0.1294,,1.3413
S0018,3,S0049,1,negative,0.1,,2.09
S0082,2,S0084,3,negative,0.1,,5.2045
S0027,4,S0040,1,negative,0.3231,,0.9538
S0076,7,S0088,7,negative,0.3711,,0.8578
S0050,7,S0088,3,negative,0.1,,2.4134
S0029,7,S0078,2,negative,0.314,,0.9721
S0003,1,S0089,7,negative,0.1,,3.0843
S0028,1,S0062,3,negative,0.1,,1.7934
S0009,8,S0021,2,negative,0.1,,4.0555
S0046,7,S0054,4,negative,0.1,,2.0445
S0042,7,S0043,2,negative,0.1,,3.5274
S0049,6,S0094,5,negative,0.1,,1.8203
S0034,1,S0094,4,negative,0.1,,1.5086
S0090,7,S0099,3,negative,0.1,,1.4936
S0042,3,S0082,3,negative,0.2368,,1.1265
S0015,5,S0027,4,negative,0.1,,1.6798
S0027,4,S0042,6,negative,0.1,,2.4233
S0021,4,S0062,7,negative,0.1,,1.8859
S0024,8,S0083,1,negative,0.1,,4.3223
S0011,1,S0025,3,negative,0.3174,,0.9652
S0006,7,S0054,6,negative,0.1,,2.614
S0048,1,S0094,6,negative,0.1411,,1.3178
S0008,5,S0031,6,negative,0.3572,,0.8855
S0012,6,S0093,6,negative,0.1,,1.4181
S0036,1,S0097,5,negative,0.3438,,0.9123
S0005,7,S0051,5,negative,0.1,,1.8488
S0032,6,S0100,7,negative,0.1,,5.4753
S0072,3,S0085,6,negative,0.1,,1.4737
S0007,3,S0048,1,negative,0.306,,0.9879
S0020,7,S0036,8,negative,0.2798,,1.0405
S0023,4,S0067,7,negative,0.1,,1.4714
S0017,2,S0033,8,negative,0.1,,1.477
S0019,2,S0033,4,negative,0.1,,3.1455
S0033,6,S0064,3,negative,0.2454,,1.1091
S0009,3,S0061,1,negative,0.1,,2.0499
S0007,8,S0059,2,negative,0.1,,2.9487
S0034,5,S0037,7,negative,0.1314,,1.3373
S0027,4,S0047,3,negative,0.1,,2.7362
S0042,1,S0070,8,negative,0.1,,3.415
S0039,1,S0079,7,negative,0.1,,1.7765
S0035,3,S0091,7,negative,0.1777,,1.2446
S0084,3,S0095,1,negative,0.1,,3.6747
S0020,6,S0063,2,negative,0.2613,,1.0774
S0039,2,S0085,1,negative,0.1,,1.8765
S0016,3,S0054,2,negative,0.1,,1.7229
S0094,4,S0099,3,negative,0.2926,,1.0147
S0023,6,S0044,6,negative,0.3203,,0.9593
S0048,3,S0082,3,negative,0.1,,2.2503
S0058,1,S0061,3,negative,0.1,,1.7956
S0032,2,S0096,4,negative,0.3194,,0.9613
S0017,3,S0018,1,negative,0.2225,,1.155
S0037,4,S0079,6,negative,0.1,,1.7896
S0020,8,S0085,2,negative,0.1,,2.3426
S0017,1,S0082,6,negative,0.1,,2.5806
S0044,4,S0070,7,negative,0.1,,1.619
S0036,4,S0056,4,negative,0.1,,1.4224
S0044,8,S0084,7,negative,0.1,,2.8047
S0014,6,S0077,2,negative,0.1,,1.4914
S0020,5,S0100,3,negative,0.1,,3.0184
S0045,1,S0087,4,negative,0.1,,3.2865
S0034,4,S0050,5,negative,0.1,,1.5273
S0054,8,S0095,6,negative,0.1,,2.4676
S0011,5,S0032,1,negative,0.1,,4.042
S0071,5,S0087,2,negative,0.2903,,1.0194
S0043,1,S0079,3,negative,0.1,,2.7766
S0070,8,S0079,3,negative,0.1,,2.5025
S0025,8,S0081,4,negative,0.1,,1.5036
S0034,4,S0048,6,negative,0.3272,,0.9457
S0067,4,S0089,3,negative,0.1,,3.1357
S0005,7,S0074,4,negative,0.3566,,0.8868
S0026,6,S0094,7,negative,0.2722,,1.0556
S0003,2,S0046,5,negative,0.1303,,1.3395
S0036,2,S0064,6,negative,0.1,,2.6909
S0072,4,S0097,7,negative,0.2582,,1.0835
S0031,1,S0061,5,negative,0.1522,,1.2955
S0039,2,S0084,2,negative,0.1,,2.2785
S0026,4,S0081,4,negative,0.1,,1.4104
S0004,8,S0100,5,negative,0.2533,,1.0934
S0029,7,S0067,1,negative,0.1469,,1.3061
S0004,4,S0024,6,negative,0.1,,4.7432
S0009,4,S0055,7,negative,0.1,,1.6942
S0061,2,S0085,1,negative,0.1,,1.4417
S0077,3,S0081,7,negative,0.1,,2.5608
S0056,3,S0074,1,negative,0.212,,1.1759
S0090,8,S0100,3,negative,0.1,,3.6748
S0019,4,S0092,3,negative,0.1,,2.4907
S0014,8,S0089,1,negative,0.2913,,1.0174
S0065,4,S0077,8,negative,0.1,,2.1913
S0003,5,S0017,6,negative,0.1,,1.6233
S0042,2,S0053,6,negative,0.1,,2.7657
S0030,5,S0057,8,negative,0.1,,2.3202
S0027,8,S0049,7,negative,0.1,,1.8485
S0059,1,S0097,7,negative,0.1,,2.0799
S0009,3,S0059,6,negative,0.1,,3.2535
S0027,6,S0060,8,negative,0.3763,,0.8475
S0015,2,S0052,2,negative,0.1,,3.9592
S0003,4,S0069,3,negative,0.1715,,1.257
S0034,8,S0100,5,negative,0.1,,3.6587
S0068,6,S0074,2,negative,0.1,,1.8764
S0045,3,S0051,7,negative,0.1051,,1.3899
S0041,1,S0085,7,negative,0.2057,,1.1886
S0077,4,S0078,2,negative,0.1,,3.3051
S0024,7,S0053,1,negative,0.1,,3.2787
S0035,1,S0045,5,negative,0.1,,1.8119
S0013,6,S0060,1,negative,0.4587,,0.6826
S0055,4,S0069,8,negative,0.1082,,1.3836
S0039,6,S0050,3,negative,0.1,,2.5033
S0007,7,S0019,6,negative,0.1,,2.46
S0063,7,S0069,3,negative,0.4299,,0.7403
S0020,3,S0050,2,negative,0.1,,2.0204
S0026,1,S0065,7,negative,0.1425,,1.315
S0040,4,S0071,7,negative,0.1,,2.4975
S0075,5,S0087,4,negative,0.1,,4.2546
S0078,1,S0099,3,negative,0.1,,1.575
S0064,1,S0074,5,negative,0.1,,2.5592
S0002,2,S0065,2,negative,0.2976,,1.0049
S0049,5,S0058,2,negative,0.1,,2.7666
S0002,8,S0022,6,negative,0.1,,2.5045
S0035,7,S0044,8,negative,0.3566,,0.8868
S0088,3,S0090,8,negative,0.14,,1.32
S0026,6,S0083,8,negative,0.2969,,1.0061
S0018,4,S0074,2,negative,0.3032,,0.9937
S0001,5,S0076,6,negative,0.1,,2.2745
S0006,2,S0055,6,negative,0.1,,1.8144
S0012,5,S0030,7,negative,0.1,,2.7007
S0023,8,S0082,2,negative,0.1,,2.4827
S0004,2,S0098,2,negative,0.1,,1.4316
S0035,7,S0067,6,negative,0.1,,1.4427
S0058,8,S0093,5,negative,0.1,,2.7604
S0010,4,S0076,2,negative,0.1,,1.4064
S0069,4,S0087,5,negative,0.1,,1.4689
S0047,3,S0069,3,negative,0.1,,2.0251
S0002,3,S0028,6,negative,0.1,,2.7046
S0083,5,S0084,3,negative,0.1,,1.4494
S0028,5,S0100,4,negative,0.4076,,0.7848
S0039,2,S0054,6,negative,0.1718,,1.2565
S0005,3,S0049,2,negative,0.1,,1.5341
S0070,1,S0096,6,negative,0.1,,3.8012
S0014,8,S0061,4,negative,0.3712,,0.8576
S0053,5,S0066,1,negative,0.2368,,1.1265
S0002,2,S0029,3,negative,0.2376,,1.1247
S0072,2,S0076,4,negative,0.2455,,1.1091
S0079,3,S0099,1,negative,0.1,,1.7983
S0066,4,S0083,4,negative,0.2746,,1.0507
S0004,8,S0066,6,negative,0.1941,,1.2117
S0007,5,S0085,2,negative,0.1,,2.8031
S0059,7,S0090,1,negative,0.1,,3.2206
S0021,6,S0090,7,negative,0.1,,3.9294
S0019,2,S0064,7,negative,0.1,,3.8472
S0040,8,S0089,6,negative,0.1,,1.7587
S0025,7,S0083,5,negative,0.2829,,1.0342
S0027,7,S0057,5,negative,0.1,,1.8438
S0076,3,S0093,4,negative,0.1,,1.7303
S0017,1,S0034,1,negative,0.1774,,1.2451
S0023,8,S0070,5,negative,0.1,,1.8636
S0025,7,S0045,1,negative,0.4785,,0.643
S0024,2,S0031,3,negative,0.1,,2.3102
S0019,4,S0050,8,negative,0.1,,3.8748
S0017,4,S0099,6,negative,0.2874,,1.0251
S0077,3,S0098,6,negative,0.1,,1.5736
S0020,3,S0093,6,negative,0.1,,2.1723
S0033,4,S0095,2,negative,0.4515,,0.697
S0022,7,S0093,6,negative,0.1,,3.9413
S0019,5,S0057,5,negative,0.1,,3.2918
S0047,3,S0073,5,negative,0.1,,4.5481
S0021,1,S0079,6,negative,0.1,,4.3413
S0079,1,S0090,2,negative,0.2466,,1.1068
S0036,2,S0090,2,negative,0.1,,1.6493
S0060,2,S0094,8,negative,0.3903,,0.8194
S0025,5,S0093,3,negative,0.3058,,0.9885
S0068,6,S0094,6,negative,0.1,,1.9401
S0024,6,S0074,4,negative,0.1,,3.1473
S0080,1,S0097,2,negative,0.1,,1.7544
S0005,1,S0033,7,negative,0.1,,2.0817
S0014,6,S0055,7,negative,0.2766,,1.0468
S0070,5,S0095,4,negative,0.1,,2.5226
S0014,8,S0026,8,negative,0.3677,,0.8647
S0011,8,S0047,4,negative,0.1,,3.8536
S0059,6,S0073,6,negative,0.318,,0.9641
S0024,2,S0039,8,negative,0.1,,3.0863
S0028,1,S0050,4,negative,0.1,,4.9771
S0016,5,S0067,7,negative,0.1,,1.7646
S0060,3,S0095,1,negative,0.1297,,1.3407
S0028,5,S0029,4,negative,0.1,,3.4821
S0055,3,S0093,2,negative,0.1,,1.6437
S0058,6,S0062,3,negative,0.1,,2.1886
S0053,7,S0078,5,negative,0.1,,1.6792
S0013,8,S0040,4,negative,0.3992,,0.8016
S0053,5,S0072,7,negative,0.2721,,1.0558
S0063,1,S0081,4,negative,0.2551,,1.0898
S0017,8,S0036,7,negative,0.1452,,1.3096
S0015,5,S0024,8,negative,0.1,,1.6617
S0021,8,S0076,3,negative,0.1,,2.8981
S0040,1,S0068,7,negative,0.1,,2.0533
S0049,6,S0086,8,negative,0.1,,2.6551
S0013,5,S0074,6,negative,0.2713,,1.0573
S0081,7,S0093,6,negative,0.1,,2.0438
S0027,5,S0084,3,negative,0.1,,2.4707
S0042,8,S0062,6,negative,0.1,,3.4846
S0038,1,S0074,5,negative,0.2544,,1.0912
S0056,8,S0073,3,negative,0.1,,2.5181
S0044,7,S0079,1,negative,0.1012,,1.3976
S0019,3,S0024,6,negative,0.1,,4.3846
S0017,7,S0031,7,negative,0.2997,,1.0007
S0020,3,S0086,3,negative,0.3303,,0.9393
S0010,4,S0037,1,negative,0.1,,1.4487
S0041,6,S0086,7,negative,0.1,,2.0598
S0049,3,S0081,8,negative,0.1,,2.0979
S0017,5,S0049,7,negative,0.1,,2.1939
S0029,6,S0096,2,negative,0.1,,2.318
S0017,6,S0028,7,negative,0.1,,3.258
S0057,2,S0067,4,negative,0.331,,0.9381
S0014,1,S0063,7,negative,0.1,,1.9844
S0006,8,S0090,5,negative,0.3234,,0.9532
S0034,1,S0039,4,negative,0.1674,,1.2652
S0006,5,S0026,8,negative,0.1,,2.4754
S0065,3,S0072,1,negative,0.1588,,1.2825
S0002,2,S0070,2,negative,0.2533,,1.0935
S0008,7,S0018,7,negative,0.2714,,1.0573
S0047,4,S0095,3,negative,0.1,,1.5244
S0014,5,S0047,3,negative,0.1,,3.6235
S0091,6,S0100,7,negative,0.1,,2.2423
S0009,8,S0097,8,negative,0.1,,1.5498
S0033,7,S0041,2,negative,0.1,,2.7403
S0032,4,S0059,3,negative,0.1,,5.042
S0017,8,S0070,2,negative,0.1,,1.9445
S0013,4,S0048,1,negative,0.2423,,1.1154
S0005,3,S0076,8,negative,0.4973,,0.6054
S0035,7,S0094,3,negative,0.1449,,1.3102
S0027,1,S0041,4,negative,0.118,,1.3639
S0019,7,S0070,4,negative,0.2845,,1.031
S0058,7,S0069,3,negative,0.3201,,0.9597
S0024,7,S0094,8,negative,0.1,,3.1174
S0001,5,S0034,1,negative,0.1,,3.2594
S0082,3,S0095,2,negative,0.1,,1.8369
S0004,4,S0011,8,negative,0.192,,1.216
S0043,3,S0070,2,negative,0.2878,,1.0244
S0004,4,S0017,4,negative,0.1,,2.5221
S0041,1,S0093,5,negative,0.2741,,1.0517
S0011,2,S0042,8,negative,0.1,,3.5278
S0048,8,S0086,7,negative,0.316,,0.9681
S0033,2,S0100,8,negative,0.1,,4.2066
S0033,4,S0035,2,negative,0.1419,,1.3161
S0067,8,S0087,1,negative,0.4137,,0.7727
S0066,7,S0076,6,negative,0.1881,,1.2239
S0025,4,S0042,4,negative,0.1,,3.5032
S0015,7,S0065,7,negative,0.1,,1.8456
S0053,4,S0091,6,negative,0.2984,,1.0033
S0026,5,S0096,3,negative,0.1,,3.7375
S0058,2,S0095,4,negative,0.3364,,0.9273
S0025,8,S0052,2,negative,0.1,,1.6294
S0080,4,S0089,7,negative,0.1,,2.8763
S0011,2,S0030,6,negative,0.2218,,1.1563
S0059,4,S0091,1,negative,0.1,,1.6555
S0069,8,S0100,2,negative,0.1,,3.4881
S0037,7,S0058,1,negative,0.1046,,1.3908
S0037,8,S0069,4,negative,0.1559,,1.2882
S0069,5,S0077,4,negative,0.1,,3.0134
S0012,7,S0075,1,negative,0.1243,,1.3514
S0035,3,S0036,3,negative,0.1598,,1.2805
S0020,7,S0069,8,negative,0.3525,,0.8949
S0069,7,S0080,2,negative,0.3898,,0.8203
S0014,2,S0059,8,negative,0.1,,1.6722
S0016,6,S0088,2,negative,0.4139,,0.7723
S0055,5,S0071,1,negative,0.1,,2.7368
S0023,8,S0064,4,negative,0.1,,1.955
S0055,7,S0098,1,negative,0.4691,,0.6619
S0067,1,S0078,4,negative,0.3274,,0.9451
S0005,1,S0039,1,negative,0.4322,,0.7355
S0026,5,S0052,8,negative,0.1,,1.6957
S0078,7,S0084,5,negative,0.1,,3.5044
S0067,8,S0099,5,negative,0.1,,1.9792
S0032,6,S0092,7,negative,0.1,,2.1516
S0037,5,S0100,7,negative,0.1,,2.6008
S0085,3,S0098,7,negative,0.1,,1.4158
S0035,1,S0096,7,negative,0.1,,2.4143
S0003,6,S0087,7,negative,0.3849,,0.8302
S0044,5,S0098,1,negative,0.1781,,1.2437
S0010,3,S0091,5,negative,0.1,,1.7836
S0020,4,S0051,3,negative,0.1,,2.4444
S0009,8,S0028,5,negative,0.1,,3.9349
S0045,7,S0071,3,negative,0.1,,3.482
S0007,1,S0068,3,negative,0.1,,2.7766
S0053,2,S0061,4,negative,0.3442,,0.9116
S0054,7,S0081,4,negative,0.1,,1.7105
S0039,7,S0040,2,negative,0.2882,,1.0236
S0075,4,S0084,4,negative,0.1667,,1.2666
S0044,3,S0051,6,negative,0.1,,2.4946
S0073,5,S0083,6,negative,0.3862,,0.8276
S0057,5,S0068,8,negative,0.1,,3.6049
S0068,5,S0079,5,negative,0.1,,3.3748
S0009,2,S0066,7,negative,0.1,,2.3042
S0045,1,S0099,2,negative,0.2,,1.2
S0034,2,S0087,3,negative,0.1024,,1.3951
S0005,2,S0020,3,negative,0.3079,,0.9842
S0002,7,S0009,3,negative,0.1,,1.519
S0092,1,S0098,1,negative,0.1,,1.6051
S0054,4,S0097,4,negative,0.1553,,1.2894
S0060,7,S0100,3,negative,0.1,,2.9105
S0014,5,S0018,3,negative,0.1,,1.4517
S0030,7,S0033,3,negative,0.1,,2.1474
S0018,8,S0089,6,negative,0.1,,1.8545
S0042,6,S0069,3,negative,0.1,,1.8109
S0056,3,S0076,3,negative,0.2324,,1.1352
S0047,4,S0078,8,negative,0.1,,1.736
S0014,7,S0100,5,negative,0.1,,1.9862
S0022,8,S0089,7,negative,0.1,,3.6848
S0029,2,S0031,4,negative,0.2971,,1.0058
S0044,6,S0100,3,negative,0.1,,3.0346
S0045,4,S0079,2,negative,0.1,,2.6385
S0030,5,S0049,1,negative,0.1,,1.4905
S0032,7,S0097,6,negative,0.1,,3.1351
S0060,7,S0079,4,negative,0.108,,1.3839
S0059,1,S0087,5,negative,0.1,,4.2363
S0062,3,S0089,5,negative,0.2959,,1.0082
S0048,3,S0085,6,negative,0.1,,2.671
S0046,6,S0062,6,negative,0.1,,2.0321
S0010,3,S0077,5,negative,0.1,,3.2692
S0054,5,S0094,2,negative,0.1,,1.4201
S0078,2,S0100,7,negative,0.1,,3.8261
S0069,5,S0083,6,negative,0.1,,2.4315
S0049,1,S0057,8,negative,0.1,,3.4039
S0005,2,S0095,4,negative,0.1,,1.8294
S0070,1,S0097,1,negative,0.1063,,1.3874
S0003,8,S0077,4,negative,0.1,,3.8099
S0015,1,S0030,5,negative,0.1,,1.995
S0057,2,S0095,4,negative,0.3181,,0.9637
S0004,7,S0081,2,negative,0.1,,2.2879
S0011,1,S0031,2,negative,0.1,,1.9165
S0036,8,S0053,8,negative,0.3949,,0.8102
S0026,7,S0039,4,negative,0.2573,,1.0854
S0009,6,S0064,4,negative,0.1282,,1.3435
S0004,4,S0012,4,negative,0.1806,,1.2388
S0078,2,S0091,8,negative,0.1,,1.8953
S0020,5,S0042,1,negative,0.1,,2.199
S0008,7,S0026,1,negative,0.1,,1.971
S0048,6,S0067,1,negative,0.1518,,1.2965
S0013,4,S0045,5,negative,0.1402,,1.3197
S0023,8,S0087,5,negative,0.1,,1.8296
S0026,8,S0068,8,negative,0.1863,,1.2275
S0002,3,S0046,6,negative,0.2621,,1.0757
S0013,6,S0069,5,negative,0.2127,,1.1747
S0019,7,S0099,6,negative,0.1,,1.5829
S0001,3,S0009,6,negative,0.1,,3.3795
S0050,2,S0066,5,negative,0.1,,3.2508
S0027,3,S0032,5,negative,0.1,,2.9739
S0081,7,S0092,2,negative,0.2194,,1.1613
S0008,8,S0010,6,negative,0.3606,,0.8788
S0025,3,S0037,5,negative,0.1279,,1.3441
S0002,5,S0034,3,negative,0.1,,1.4235
S0045,5,S0084,2,negative,0.1,,1.4747
S0061,2,S0092,7,negative,0.1,,1.5618
S0007,5,S0045,7,negative,0.1,,2.0229
S0017,2,S0093,7,negative,0.1,,2.3214
S0082,8,S0100,2,negative,0.1,,5.4837
S0074,4,S0083,7,negative,0.1,,1.5605
S0005,3,S0032,3,negative,0.1,,3.2808
S0060,6,S0076,4,negative,0.4133,,0.7734
S0004,2,S0036,2,negative,0.1,,1.6124
S0050,1,S0067,8,negative,0.23,,1.1399
S0001,5,S0037,4,negative,0.1,,2.1992
S0087,3,S0094,1,negative,0.1,,2.4023
S0012,7,S0063,4,negative,0.1,,3.8087
S0042,5,S0091,8,negative,0.1,,3.0477
S0007,2,S0033,4,negative,0.271,,1.0581
S0022,8,S0038,2,negative,0.1,,2.051
S0053,2,S0060,2,negative,0.3652,,0.8695
S0021,4,S0040,6,negative,0.1,,3.027
S0040,6,S0052,3,negative,0.1,,2.6119
S0033,4,S0081,7,negative,0.1,,1.5896
S0060,2,S0077,5,negative,0.1,,2.3932
S0019,6,S0032,2,negative,0.1,,4.4626
S0066,5,S0073,5,negative,0.1957,,1.2085
S0028,8,S0070,6,negative,0.1,,1.8859
S0002,7,S0053,4,negative,0.3126,,0.9748
S0015,2,S0028,2,negative,0.1,,4.1724
S0036,5,S0052,8,negative,0.1,,2.3091
S0070,1,S0086,8,negative,0.1,,2.0352
S0073,8,S0087,7,negative,0.1,,4.0157
S0024,6,S0058,5,negative,0.1,,2.0263
S0011,2,S0077,6,negative,0.1567,,1.2866
S0010,6,S0041,5,negative,0.1,,2.3122
S0026,5,S0082,1,negative,0.1,,3.8801
S0071,1,S0077,7,negative,0.1,,4.4223
S0049,2,S0085,4,negative,0.2744,,1.0513
S0012,7,S0049,2,negative,0.1,,1.5031
S0063,6,S0079,4,negative,0.2223,,1.1554
S0078,2,S0092,1,negative,0.2866,,1.0268
S0004,4,S0059,5,negative,0.2735,,1.053
S0039,2,S0086,4,negative,0.1494,,1.3011
S0076,6,S0096,6,negative,0.1,,2.8559
S0004,4,S0042,7,negative,0.1,,4.2434
S0017,8,S0088,7,negative,0.2079,,1.1841
S0028,6,S0096,4,negative,0.1,,5.4604
S0078,8,S0098,6,negative,0.1,,1.9261
S0001,3,S0047,4,negative,0.1,,4.8662
S0006,2,S0059,6,negative,0.1,,3.5678
S0030,4,S0097,2,negative,0.2795,,1.0409
S0002,2,S0040,1,negative,0.3897,,0.8206
S0004,1,S0093,8,negative,0.4125,,0.775
S0019,1,S0040,5,negative,0.1,,1.8761
S0056,8,S0099,3,negative,0.212,,1.1759
S0075,6,S0095,4,negative,0.1,,3.4662
S0039,6,S0080,8,negative,0.1,,1.7568
S0048,8,S0077,1,negative,0.1,,2.9227
S0074,5,S0091,3,negative,0.2759,,1.0483
S0092,7,S0094,8,negative,0.1348,,1.3303
S0038,3,S0049,1,negative,0.1,,2.1966
S0022,3,S0063,4,negative,0.1,,1.6396
S0056,2,S0100,5,negative,0.1,,3.2059
S0027,1,S0097,1,negative,0.3794,,0.8412
S0017,4,S0055,8,negative,0.1795,,1.241
S0034,7,S0065,5,negative,0.1,,1.4522
S0036,1,S0100,4,negative,0.1,,2.4206
S0012,6,S0041,4,negative,0.1,,1.9752
S0028,8,S0045,5,negative,0.1,,1.7472
S0066,8,S0098,8,negative,0.5572,,0.4855
S0008,7,S0086,6,negative,0.3484,,0.9031
S0031,1,S0076,8,negative,0.2931,,1.0138
S0023,8,S0089,4,negative,0.1,,2.0847
S0056,1,S0070,8,negative,0.1,,1.7882
S0031,5,S0063,7,negative,0.3818,,0.8364
S0072,4,S0090,6,negative,0.1,,1.8338
S0005,2,S0040,5,negative,0.3196,,0.9608
S0011,1,S0046,4,negative,0.1,,2.0706
S0001,7,S0033,5,negative,0.1,,3.7964
S0070,4,S0087,2,negative,0.1,,3.1784
S0050,5,S0078,2,negative,0.1,,1.4081
S0040,4,S0069,7,negative,0.1461,,1.3079
S0085,7,S0087,6,negative,0.1,,4.0473
S0060,5,S0061,2,negative,0.2611,,1.0777
S0055,8,S0083,1,negative,0.1,,1.4135
S0021,8,S0052,3,negative,0.2832,,1.0335
S0013,7,S0036,8,negative,0.3386,,0.9229
S0015,5,S0056,8,negative,0.1267,,1.3467
S0040,8,S0049,8,negative,0.1,,1.9034
S0024,3,S0066,7,negative,0.1,,3.8147
S0010,1,S0014,1,negative,0.1,,2.224
S0036,1,S0092,5,negative,0.1288,,1.3424
S0008,2,S0063,6,negative,0.3573,,0.8854
S0013,6,S0061,2,negative,0.2677,,1.0646
S0009,8,S0010,5,negative,0.4344,,0.7311
S0025,1,S0034,2,negative,0.1,,2.3278
S0053,3,S0077,4,negative,0.1,,1.9163
S0069,3,S0098,1,negative,0.1,,1.6815
S0057,3,S0083,8,negative,0.1,,3.2477
S0047,8,S0087,7,negative,0.2762,,1.0475
S0048,6,S0084,8,negative,0.1,,3.1616
S0065,7,S0073,8,negative,0.1,,1.9119
S0036,3,S0078,3,negative,0.1,,1.7404
S0003,3,S0088,7,negative,0.1,,1.9367
S0038,1,S0098,4,negative,0.1489,,1.3022
S0035,5,S0062,1,negative,0.1,,1.7708
S0024,6,S0086,3,negative,0.1,,2.1402
S0002,6,S0095,3,negative,0.1,,1.7112
S0003,2,S0043,7,negative,0.1,,2.8924
S0079,1,S0095,2,negative,0.3153,,0.9694
S0040,1,S0091,1,negative,0.1781,,1.2439
S0051,7,S0071,1,negative,0.1,,4.2908
S0016,5,S0059,5,negative,0.1,,2.6066
S0029,5,S0094,4,negative,0.1759,,1.2482
S0003,8,S0050,3,negative,0.2128,,1.1743
S0010,5,S0082,4,negative,0.1,,1.8416
S0028,3,S0035,4,negative,0.1,,3.2662
S0044,5,S0081,7,negative,0.351,,0.898
S0036,8,S0089,8,negative,0.1,,1.4169
S0067,1,S0094,6,negative,0.1,,2.119
S0005,4,S0058,5,negative,0.1,,1.5322
S0079,3,S0086,8,negative,0.298,,1.004
S0006,2,S0051,4,negative,0.1,,3.4479
S0065,6,S0091,6,negative,0.354,,0.8921
S0025,4,S0055,6,negative,0.1585,,1.2831
S0025,8,S0063,3,negative,0.1,,2.1079
S0070,2,S0074,8,negative,0.2142,,1.1716
S0017,8,S0051,4,negative,0.1,,2.5279
S0036,6,S0048,3,negative,0.1187,,1.3626
S0066,8,S0089,4,negative,0.2899,,1.0201
S0010,4,S0080,3,negative,0.3695,,0.861
S0065,3,S0066,1,negative,0.1503,,1.2994
S0026,6,S0045,7,negative,0.4077,,0.7846
S0011,4,S0019,5,negative,0.2401,,1.1197
S0084,4,S0094,5,negative,0.1,,2.2391
S0006,5,S0067,1,negative,0.4342,,0.7317
S0023,3,S0058,5,negative,0.2342,,1.1317
S0040,8,S0047,8,negative,0.1,,2.7914
S0067,1,S0068,6,negative,0.1,,3.6113
S0017,2,S0065,7,negative,0.2848,,1.0303
S0027,5,S0064,2,negative,0.1,,2.3479
S0032,2,S0053,6,negative,0.1,,3.3576
S0011,8,S0081,3,negative,0.1,,1.5487
S0042,1,S0056,7,negative,0.1,,2.1128
S0008,8,S0048,6,negative,0.431,,0.7379
S0060,3,S0070,4,negative,0.1,,1.4094
S0042,6,S0093,2,negative,0.1,,4.0901
S0047,4,S0079,8,negative,0.1,,1.5476
S0012,7,S0036,5,negative,0.1,,2.5882
S0020,1,S0079,4,negative,0.172,,1.2559
S0012,4,S0067,7,negative,0.1,,4.5919
S0022,4,S0079,4,negative,0.2018,,1.1965
S0020,6,S0094,3,negative,0.4002,,0.7996
S0008,5,S0020,7,negative,0.3661,,0.8677
S0029,8,S0069,2,negative,0.4225,,0.755
S0031,7,S0065,8,negative,0.169,,1.2619
S0037,4,S0051,5,negative,0.1,,2.0926
S0007,5,S0079,6,negative,0.2246,,1.1509
S0004,6,S0069,8,negative,0.1,,2.748
S0007,2,S0031,6,negative,0.3874,,0.8252
S0061,8,S0080,5,negative,0.1,,2.2237
S0035,1,S0083,2,negative,0.1,,2.1001
S0023,8,S0097,2,negative,0.1614,,1.2772
S0009,1,S0046,4,negative,0.2535,,1.0929
S0037,3,S0087,2,negative,0.1,,2.4174
S0002,7,S0012,5,negative,0.1,,2.8357
S0061,3,S0063,7,negative,0.1,,1.7498
S0019,4,S0094,7,negative,0.1,,1.682
S0054,1,S0078,6,negative,0.1,,2.4008
S0070,3,S0082,1,negative,0.1,,3.9647
S0063,8,S0076,7,negative,0.1708,,1.2585
S0004,3,S0029,3,negative,0.1,,2.6179
S0072,5,S0083,4,negative,0.1853,,1.2293
S0048,2,S0074,1,negative,0.1834,,1.2333
S0012,1,S0019,1,negative,0.1,,1.6136
S0050,2,S0082,2,negative,0.2095,,1.1809
S0012,8,S0026,3,negative,0.1,,2.0732
S0037,1,S0077,1,negative,0.1,,2.0342
S0042,6,S0045,3,negative,0.1,,3.5005
S0024,6,S0085,6,negative,0.1,,4.7479
S0024,5,S0030,5,negative,0.1,,3.3303
S0011,2,S0036,6,negative,0.1552,,1.2896
S0024,6,S0049,3,negative,0.1,,4.5174
S0002,6,S0073,5,negative,0.1,,1.9868
S0027,3,S0088,8,negative,0.3155,,0.969
S0027,3,S0070,6,negative,0.1331,,1.3337
S0032,2,S0062,1,negative,0.1,,4.0186
S0017,8,S0052,7,negative,0.1,,3.1041
S0078,5,S0087,2,negative,0.2247,,1.1507
S0034,5,S0091,1,negative,0.1,,1.8003
S0011,5,S0076,8,negative,0.1,,1.4393
S0030,8,S0087,4,negative,0.1,,2.6725
S0004,1,S0090,7,negative,0.1,,3.0111
S0066,8,S0094,5,negative,0.1595,,1.2809
S0080,1,S0087,7,negative,0.3044,,0.9912
S0056,7,S0064,6,negative,0.1,,1.9592
S0006,2,S0053,4,negative,0.1,,1.9208
S0041,6,S0045,8,negative,0.3747,,0.8505
S0017,1,S0064,8,negative,0.1,,2.0691
S0004,8,S0089,7,negative,0.2498,,1.1004
S0056,3,S0071,5,negative,0.1,,1.9674
S0064,1,S0089,4,negative,0.1,,3.6749
S0029,8,S0095,4,negative,0.2215,,1.157
S0035,8,S0037,8,negative,0.3205,,0.959
S0014,7,S0084,3,negative,0.1,,1.581
S0081,5,S0096,2,negative,0.1,,2.6574
S0019,4,S0075,3,negative,0.226,,1.1479
S0053,6,S0097,3,negative,0.2895,,1.021
S0050,8,S0062,7,negative,0.1,,3.444
S0034,5,S0086,4,negative,0.3144,,0.9712
S0075,6,S0093,5,negative,0.3126,,0.9748
S0033,7,S0099,3,negative,0.1,,1.8221
S0001,6,S0003,6,negative,0.1,,3.8835
S0054,4,S0092,3,negative,0.1,,2.1074
S0019,5,S0035,2,negative,0.1,,2.1482
S0023,5,S0049,5,negative,0.1,,2.3743
S0008,5,S0068,4,negative,0.1,,2.7614
S0002,6,S0099,6,negative,0.2861,,1.0277
S0026,6,S0098,7,negative,0.4725,,0.6551
S0036,1,S0060,8,negative,0.2944,,1.0111
S0023,2,S0077,4,negative,0.1,,2.768
S0006,5,S0066,8,negative,0.1,,2.3873
S0059,8,S0086,3,negative,0.1,,3.1031
S0026,7,S0087,7,negative,0.1,,3.0815
S0085,5,S0090,5,negative,0.1,,2.9706
S0017,5,S0022,4,negative,0.1,,2.1885
S0002,5,S0007,5,negative,0.1932,,1.2135
S0060,5,S0078,3,negative,0.2443,,1.1115
S0017,3,S0025,5,negative,0.1,,1.7749
S0021,1,S0039,3,negative,0.1,,2.7576
S0035,4,S0084,5,negative,0.1,,2.9874
S0009,5,S0078,6,negative,0.3463,,0.9074
S0063,1,S0082,2,negative,0.1,,2.1316
S0048,4,S0078,3,negative,0.2795,,1.0409
S0065,6,S0092,1,negative,0.1,,1.4129
S0045,5,S0066,6,negative,0.3176,,0.9649
S0009,8,S0090,4,negative,0.248,,1.1041
S0068,5,S0097,6,negative,0.1,,1.9324
S0048,4,S0054,4,negative,0.1,,1.9701
S0032,6,S0052,3,negative,0.1,,5.3474
S0023,6,S0060,3,negative,0.3185,,0.9629
S0075,8,S0097,2,negative,0.1,,2.1302
S0005,1,S0052,7,negative,0.1,,2.2108
S0009,6,S0089,6,negative,0.1,,2.6115
S0017,5,S0085,5,negative,0.1,,2.5156
S0075,7,S0076,5,negative,0.1,,2.2449
S0002,7,S0043,1,negative,0.1337,,1.3326
S0014,8,S0098,6,negative,0.4046,,0.7908
S0078,2,S0095,1,negative,0.3424,,0.9151
S0083,6,S0094,3,negative,0.1,,1.7437
S0046,1,S0081,4,negative,0.1923,,1.2155
S0083,1,S0088,6,negative,0.1,,1.8566
S0054,2,S0074,7,negative,0.1976,,1.2047
S0001,8,S0069,6,negative,0.1,,3.0478
S0064,4,S0079,1,negative,0.2049,,1.1902
S0001,4,S0026,7,negative,0.1,,1.5489
S0020,7,S0076,3,negative,0.4305,,0.7391
S0027,5,S0073,7,negative,0.1,,1.9515
S0009,2,S0092,1,negative,0.2496,,1.1009
S0038,2,S0086,7,negative,0.3353,,0.9294
S0011,3,S0098,2,negative,0.4027,,0.7946
S0006,7,S0021,2,negative,0.1,,4.308
S0008,5,S0015,7,negative,0.1713,,1.2573
S0021,2,S0024,5,negative,0.1,,5.7112
S0026,3,S0079,5,negative,0.1,,2.4242
S0025,5,S0069,6,negative,0.1,,2.0551
S0021,5,S0053,7,negative,0.1,,2.6487
S0027,7,S0067,1,negative,0.1,,1.8369
S0053,7,S0092,7,negative,0.1024,,1.3951
S0065,5,S0088,1,negative,0.2563,,1.0874
S0035,3,S0064,2,negative,0.1,,1.9355
S0034,4,S0085,7,negative,0.1,,2.9548
S0007,8,S0023,1,negative,0.24,,1.1199
S0079,4,S0093,4,negative,0.1,,3.2217
S0030,4,S0062,7,negative,0.1574,,1.2851
S0033,5,S0070,4,negative,0.1,,2.761
S0048,8,S0053,4,negative,0.1,,1.4312
S0033,6,S0096,4,negative,0.1,,1.4007
S0077,1,S0088,1,negative,0.1,,2.3603
S0060,2,S0066,4,negative,0.1281,,1.3438
S0063,4,S0086,2,negative,0.4415,,0.717
S0037,5,S0048,7,negative,0.2954,,1.0092
S0010,8,S0075,7,negative,0.1,,3.2466
S0027,1,S0033,1,negative,0.1,,1.6727
S0010,3,S0035,8,negative,0.3129,,0.9742
S0027,6,S0068,1,negative,0.1,,2.0593
S0035,6,S0074,4,negative,0.2828,,1.0344
S0004,6,S0006,8,negative,0.1,,3.3039
S0035,8,S0081,1,negative,0.3522,,0.8957
S0004,2,S0079,7,negative,0.1,,3.3242
S0085,5,S0092,1,negative,0.1,,2.7184
S0003,3,S0054,4,negative,0.1,,2.8152
S0035,2,S0090,4,negative,0.3302,,0.9397
S0049,6,S0075,2,negative,0.3199,,0.9602
S0045,4,S0081,2,negative,0.1,,1.5722
S0009,2,S0047,5,negative,0.1,,1.6866
S0065,6,S0084,7,negative,0.1,,2.482
S0044,6,S0049,1,negative,0.1,,2.1671
S0009,1,S0068,7,negative,0.1,,3.128
S0030,1,S0054,8,negative,0.2404,,1.1192
S0006,1,S0044,1,negative,0.1975,,1.2049
S0028,8,S0099,6,negative,0.1,,2.7018
S0003,7,S0095,7,negative,0.4379,,0.7241
S0029,7,S0098,4,negative,0.1,,1.6445
S0074,4,S0085,7,negative,0.1,,1.8011
S0070,2,S0081,3,negative,0.1,,1.5387
S0083,4,S0092,8,negative,0.1,,2.4644
S0030,3,S0084,2,negative,0.1,,2.2049
S0032,5,S0041,3,negative,0.1,,3.9964
S0067,1,S0083,2,negative,0.1,,3.1813
S0061,2,S0066,4,negative,0.39,,0.8199
S0047,7,S0080,6,negative,0.1,,1.6083
S0051,7,S0073,4,negative,0.2937,,1.0126
S0011,5,S0018,7,negative,0.1,,1.5483
S0041,3,S0074,1,negative,0.1705,,1.259
S0004,2,S0073,1,negative,0.2359,,1.1281
S0006,8,S0007,7,negative,0.3191,,0.9617
S0062,2,S0097,8,negative,0.1723,,1.2553
S0015,5,S0083,4,negative,0.1,,3.012
S0030,4,S0047,1,negative,0.1,,3.1819
S0014,5,S0051,6,negative,0.1,,1.411
S0020,6,S0064,6,negative,0.1,,2.03
S0081,4,S0094,6,negative,0.2808,,1.0384
S0085,7,S0094,7,negative,0.1,,1.9622
S0016,5,S0053,6,negative,0.3183,,0.9634
S0032,2,S0063,2,negative,0.1,,2.1828
S0054,1,S0082,6,negative,0.1,,4.0472
S0003,2,S0076,2,negative,0.1,,1.9558
S0002,7,S0008,7,negative,0.192,,1.216
S0064,4,S0082,1,negative,0.3037,,0.9925
S0020,8,S0024,2,negative,0.1,,2.66
S0054,3,S0086,4,negative,0.1,,2.0564
S0061,2,S0064,1,negative,0.1,,2.9389
S0035,7,S0095,8,negative,0.1712,,1.2576
S0035,4,S0100,2,negative,0.1,,3.2193
S0015,4,S0035,2,negative,0.1622,,1.2756
S0045,5,S0049,8,negative,0.3088,,0.9825
S0017,8,S0062,7,negative,0.1,,1.8638
S0018,4,S0039,8,negative,0.3933,,0.8134
S0006,6,S0084,3,negative,0.1,,3.7819
S0012,3,S0039,2,negative,0.1,,2.8028
S0081,6,S0082,4,negative,0.1,,2.8371
S0003,8,S0073,4,negative,0.1,,3.5705
S0034,7,S0089,4,negative,0.1,,2.5203
S0012,7,S0043,1,negative,0.1,,1.9228
S0024,4,S0038,1,negative,0.1,,2.6217
S0022,3,S0053,8,negative,0.1,,2.5998
S0048,3,S0096,2,negative,0.1,,2.1011
S0006,2,S0088,6,negative,0.1,,1.5697
S0043,7,S0071,4,negative,0.1,,3.4669
S0018,2,S0035,8,negative,0.3551,,0.8898
S0018,6,S0053,5,negative,0.4597,,0.6806
S0008,6,S0029,7,negative,0.4125,,0.775
S0002,4,S0039,5,negative,0.3782,,0.8435
S0005,5,S0063,4,negative,0.1,,1.4895
S0086,1,S0099,8,negative,0.2123,,1.1754
S0038,5,S0040,7,negative,0.385,,0.83
S0032,1,S0061,5,negative,0.1,,3.5868
S0028,4,S0082,4,negative,0.1,,5.6182
S0006,1,S0046,4,negative,0.3367,,0.9266
S0048,8,S0049,4,negative,0.1,,2.5016
S0049,4,S0071,3,negative,0.1,,3.9732
S0036,4,S0094,2,negative,0.3097,,0.9807
S0043,7,S0048,6,negative,0.1,,2.0989
S0009,4,S0056,8,negative,0.2187,,1.1626
S0030,6,S0082,1,negative,0.1,,3.3882
S0015,6,S0100,6,negative,0.1,,4.0693
S0019,1,S0074,5,negative,0.1,,1.6463
S0014,4,S0024,8,negative,0.1,,3.745
S0081,2,S0098,3,negative,0.1774,,1.2453
S0041,8,S0091,4,negative,0.3903,,0.8194
S0004,5,S0005,7,negative,0.1,,1.6236
S0040,6,S0090,7,negative,0.1562,,1.2876
S0067,7,S0088,1,negative,0.1,,1.9413
S0018,2,S0064,8,negative,0.1,,2.2018
S0081,1,S0095,2,negative,0.1,,1.4321
S0029,2,S0062,2,negative,0.1,,1.9256
S0089,2,S0090,1,negative,0.1,,2.5596
S0067,1,S0079,2,negative,0.2448,,1.1104
S0014,3,S0095,5,negative,0.1,,2.3316
S0016,2,S0040,3,negative,0.3628,,0.8745
S0004,7,S0082,5,negative,0.1,,4.7486
S0046,5,S0082,2,negative,0.1,,2.2646
S0008,5,S0011,1,negative,0.1,,2.0765
S0003,2,S0008,6,negative,0.1931,,1.2138
S0043,3,S0047,1,negative,0.1,,3.8626
S0010,4,S0074,5,negative,0.1,,1.5829
S0044,3,S0066,2,negative,0.1,,1.4811
S0010,3,S0047,5,negative,0.1,,1.7059
S0075,5,S0086,2,negative,0.1,,3.0452
S0019,5,S0055,5,negative,0.1,,1.5113
S0061,7,S0086,2,negative,0.1,,1.7515
S0038,8,S0048,1,negative,0.3333,,0.9333
S0020,4,S0026,1,negative,0.1,,1.4442
S0044,3,S0091,3,negative,0.1674,,1.2652
S0051,2,S0069,6,negative,0.1,,2.8674
S0031,8,S0068,2,negative,0.1,,2.5509
S0063,6,S0073,3,negative,0.1,,2.7864
S0059,1,S0084,1,negative,0.2367,,1.1266
S0008,2,S0057,2,negative,0.2701,,1.0598
S0017,7,S0021,1,negative,0.1,,3.429
S0022,3,S0050,6,negative,0.2606,,1.0787
S0031,5,S0046,6,negative,0.4153,,0.7693
S0027,8,S0091,8,negative,0.3144,,0.9713
S0059,7,S0069,2,negative,0.1,,3.093
S0052,5,S0097,3,negative,0.1,,2.4086
S0065,3,S0069,6,negative,0.1525,,1.295
S0014,5,S0054,5,negative,0.2426,,1.1148
S0017,1,S0074,6,negative,0.1908,,1.2183
S0060,3,S0090,4,negative,0.2236,,1.1528
S0039,1,S0045,2,negative,0.2031,,1.1939
S0002,4,S0074,1,negative,0.3339,,0.9323
S0048,4,S0057,3,negative,0.144,,1.3119
S0008,5,S0073,1,negative,0.1,,2.767
S0031,4,S0090,1,negative,0.3204,,0.9592
S0053,3,S0064,1,negative,0.1,,2.6805
S0033,3,S0087,2,negative,0.2998,,1.0003
S0017,1,S0044,6,negative,0.2831,,1.0338
S0049,1,S0076,1,negative,0.1,,1.8135
S0019,2,S0100,4,negative,0.1,,1.4783
S0011,5,S0088,1,negative,0.1,,1.5674
S0031,8,S0033,1,negative,0.1898,,1.2204
S0030,1,S0086,6,negative,0.1,,1.4729
S0051,3,S0058,5,negative,0.1,,3.0208
S0010,5,S0092,1,negative,0.327,,0.946
S0036,6,S0065,7,negative,0.2254,,1.1492
S0065,5,S0070,5,negative,0.1,,1.5159
S0025,2,S0084,5,negative,0.1,,1.6311
S0066,7,S0096,6,negative,0.1,,3.7052
S0016,7,S0055,3,negative,0.3143,,0.9713
S0032,1,S0065,6,negative,0.1,,3.1354
S0055,1,S0081,8,negative,0.2359,,1.1281
S0046,4,S0055,3,negative,0.2216,,1.1569
S0047,1,S0074,4,negative,0.1,,2.9901
S0062,3,S0100,3,negative,0.1,,1.6527
S0014,2,S0022,6,negative,0.1,,3.1633
S0017,8,S0054,4,negative,0.1,,1.8807
S0062,2,S0096,6,negative,0.1,,3.8915
S0037,4,S0047,2,negative,0.1,,2.8663
S0051,5,S0060,1,negative,0.1,,2.2953
S0057,5,S0081,2,negative,0.1,,1.7667
S0085,5,S0089,8,negative,0.2417,,1.1166
S0002,5,S0060,5,negative,0.3396,,0.9207
S0029,1,S0042,7,negative,0.1,,1.9248
S0043,1,S0053,2,negative,0.1737,,1.2525
S0050,4,S0059,2,negative,0.1,,4.451
S0030,2,S0091,7,negative,0.2831,,1.0338
S0024,3,S0081,2,negative,0.1,,2.7899
S0013,6,S0050,2,negative,0.1,,2.3913
S0036,6,S0051,4,negative,0.1,,1.799
S0008,5,S0023,7,negative,0.3391,,0.9218
S0066,5,S0090,3,negative,0.1,,2.0868
S0048,4,S0052,5,negative,0.1,,3.291
S0003,4,S0066,2,negative,0.1,,2.7434
S0034,4,S0064,6,negative,0.1,,1.4744
S0029,4,S0049,8,negative,0.1,,2.5108
S0053,2,S0069,7,negative,0.1,,1.5129
S0057,1,S0076,2,negative,0.1,,1.92
S0095,1,S0097,4,negative,0.1,,1.6468
S0063,3,S0091,1,negative,0.1,,1.5911
S0041,3,S0075,6,negative,0.1369,,1.3261
S0034,5,S0077,4,negative,0.1,,3.1111
S0023,7,S0061,2,negative,0.1,,1.4019
S0048,5,S0058,4,negative,0.2882,,1.0237
S0008,8,S0016,1,negative,0.3052,,0.9895
S0020,8,S0081,5,negative,0.2915,,1.017
S0046,1,S0049,2,negative,0.1,,2.5623
S0056,6,S0082,4,negative,0.1,,2.5743
S0003,1,S0023,4,negative,0.1,,1.5349
S0052,3,S0088,7,negative,0.1,,2.6797
S0002,8,S0055,8,negative,0.4388,,0.7223
S0006,5,S0079,3,negative,0.3833,,0.8334
S0047,4,S0089,7,negative,0.1,,4.0767
S0054,2,S0063,3,negative,0.1,,2.0665
S0019,3,S0054,8,negative,0.1392,,1.3216
S0024,5,S0059,5,negative,0.1,,4.9652
S0023,8,S0039,1,negative,0.2487,,1.1026
S0016,3,S0069,8,negative,0.2951,,1.0097
S0006,3,S0050,8,negative,0.2137,,1.1726
S0012,5,S0065,3,negative,0.1,,2.9423
S0048,6,S0093,2,negative,0.1,,2.5393
S0031,5,S0091,6,negative,0.1,,1.5173
S0007,7,S0067,4,negative,0.2653,,1.0693
S0047,2,S0057,1,negative,0.1529,,1.2941
S0020,2,S0023,1,negative,0.2297,,1.1405
S0006,7,S0080,1,negative,0.4781,,0.6438
S0012,3,S0050,8,negative,0.1,,5.1475
S0003,2,S0052,7,negative,0.1,,4.1473
S0013,1,S0063,2,negative,0.1261,,1.3479
S0040,7,S0063,4,negative,0.1804,,1.2392
S0041,3,S0098,6,negative,0.4226,,0.7549
S0026,8,S0032,8,negative,0.1,,3.897
S0041,8,S0076,8,negative,0.1303,,1.3394
S0009,8,S0020,2,negative,0.1658,,1.2684
S0036,4,S0057,4,negative,0.1,,2.1871
S0005,3,S0054,6,negative,0.1956,,1.2089
S0049,4,S0059,5,negative,0.2793,,1.0414
S0074,4,S0099,3,negative,0.2787,,1.0427
S0089,3,S0098,3,negative,0.2864,,1.0272
S0012,3,S0083,5,negative,0.1,,1.8076
S0037,7,S0094,6,negative,0.3117,,0.9767
S0019,4,S0073,5,negative,0.348,,0.9041
S0004,2,S0007,2,negative,0.1,,2.8328
S0012,3,S0080,4,negative,0.1,,4.3063
S0046,5,S0048,8,negative,0.348,,0.904
S0023,6,S0030,1,negative,0.1153,,1.3693
S0020,7,S0072,4,negative,0.1304,,1.3391
S0011,4,S0093,4,negative,0.2816,,1.0369
S0042,4,S0054,4,negative,0.1,,3.4833
S0032,6,S0071,1,negative,0.3013,,0.9973
S0047,3,S0054,8,negative,0.1,,3.8215
S0022,2,S0062,2,negative,0.1,,3.3462
S0098,4,S0100,7,negative,0.1,,2.0305
S0035,7,S0071,7,negative,0.1,,2.0144
S0040,8,S0056,7,negative,0.255,,1.09
S0017,7,S0020,6,negative,0.2392,,1.1215
S0051,1,S0081,3,negative,0.1,,2.3723
S0008,8,S0099,8,negative,0.1708,,1.2585
S0008,6,S0037,8,negative,0.1651,,1.2698
S0023,3,S0083,4,negative,0.1,,2.222
S0005,3,S0007,3,negative,0.1,,1.5037
S0028,3,S0061,3,negative,0.1,,2.2639
S0064,2,S0072,5,negative,0.1,,2.9619
S0028,7,S0057,5,negative,0.1,,4.4679
S0061,4,S0070,2,negative,0.3354,,0.9291
S0003,7,S0013,3,negative,0.1,,1.9732
S0050,4,S0064,4,negative,0.3326,,0.9347
S0008,8,S0097,1,negative,0.1925,,1.215
S0021,4,S0057,7,negative,0.1,,4.6
S0037,8,S0076,2,negative,0.3831,,0.8338
S0057,7,S0092,2,negative,0.2133,,1.1734
S0031,7,S0097,8,negative,0.262,,1.076
S0065,3,S0099,6,negative,0.3342,,0.9316
S0037,6,S0064,4,negative,0.1,,2.4372
S0074,8,S0079,4,negative,0.1,,1.8087
S0012,8,S0089,6,negative,0.1,,1.8144
S0006,6,S0052,1,negative,0.1,,3.9514
S0015,1,S0077,7,negative,0.1,,3.552
S0018,3,S0051,2,negative,0.1,,2.3168
S0001,5,S0028,1,negative,0.2261,,1.1478
S0008,4,S0065,8,negative,0.1503,,1.2995
S0010,3,S0063,3,negative,0.5139,,0.5721
S0065,4,S0079,6,negative,0.1,,1.9474
S0041,2,S0055,1,negative,0.2613,,1.0773
S0080,8,S0094,3,negative,0.1,,1.7577
S0066,4,S0079,2,negative,0.1,,2.5029
S0009,3,S0040,3,negative,0.1,,1.593
S0015,4,S0033,1,negative,0.309,,0.982
S0002,3,S0082,3,negative,0.1,,3.1232
S0014,8,S0049,5,negative,0.1924,,1.2152
S0045,7,S0082,4,negative,0.1,,4.0885
S0029,4,S0046,1,negative,0.3262,,0.9476
S0020,3,S0065,7,negative,0.2022,,1.1956
S0010,6,S0053,7,negative,0.1,,1.7988
S0009,2,S0036,3,negative,0.1,,1.8356
S0052,7,S0057,3,negative,0.1,,4.2174
S0074,1,S0075,2,negative,0.1,,2.0838
S0027,1,S0089,1,negative,0.1,,1.5044
S0019,8,S0063,3,negative,0.1,,2.4881
S0048,3,S0100,4,negative,0.1,,3.4058
S0032,3,S0044,7,negative,0.1,,2.691
S0073,1,S0075,3,negative,0.491,,0.618
S0010,4,S0018,4,negative,0.1432,,1.3135
S0044,8,S0063,3,negative,0.3792,,0.8415
S0017,2,S0083,4,negative,0.1,,2.0756
S0016,1,S0080,8,negative,0.1,,1.4805
S0039,1,S0088,7,negative,0.2984,,1.0032
S0052,6,S0098,8,negative,0.1,,1.937
S0067,4,S0084,4,negative,0.1,,4.0633
S0019,8,S0041,5,negative,0.3849,,0.8302
S0053,8,S0093,7,negative,0.1,,1.6661
S0017,3,S0030,3,negative,0.2064,,1.1871
S0029,8,S0051,8,negative,0.1,,2.7599
S0013,1,S0089,6,negative,0.1,,1.6563
S0069,8,S0088,8,negative,0.1343,,1.3314
S0032,4,S0077,3,negative,0.1,,4.9536
S0043,7,S0080,8,negative,0.1,,2.6533
S0045,4,S0085,4,negative,0.1859,,1.2283
S0075,2,S0092,1,negative,0.1,,3.0644
S0059,2,S0063,6,negative,0.1,,3.036
S0045,1,S0083,8,negative,0.3023,,0.9954
S0018,2,S0068,2,negative,0.1,,2.2152
S0009,3,S0045,3,negative,0.1,,2.3062
S0023,2,S0068,1,negative,0.1,,2.5948
S0044,7,S0088,4,negative,0.3308,,0.9385
S0030,7,S0083,6,negative,0.1,,1.4278
S0019,3,S0061,7,negative,0.1,,1.4159
S0012,7,S0076,7,negative,0.1,,2.871
S0013,3,S0090,8,negative,0.1,,1.49
S0028,5,S0048,4,negative,0.1,,3.5137
S0051,2,S0080,7,negative,0.1,,3.4144
S0026,7,S0036,2,negative,0.2043,,1.1914
S0051,8,S0056,4,negative,0.1,,2.5485
S0073,8,S0093,5,negative,0.3389,,0.9222
S0008,4,S0089,6,negative,0.1,,2.2827
S0014,6,S0023,3,negative,0.1,,1.6726
S0043,2,S0045,2,negative,0.3859,,0.8282
S0082,7,S0093,8,negative,0.1,,4.6483
S0013,3,S0076,7,negative,0.5709,,0.4582
S0071,8,S0072,8,negative,0.1,,3.0125
S0042,3,S0052,4,negative,0.1,,4.8326
S0044,3,S0086,6,negative,0.2741,,1.0517
S0042,2,S0048,8,negative,0.1,,1.832
S0020,3,S0022,2,negative,0.1,,2.0709
S0027,2,S0062,1,negative,0.1059,,1.3883
S0004,6,S0050,6,negative,0.1,,4.1343
S0001,2,S0092,3,negative,0.1,,3.0924
S0057,1,S0069,5,negative,0.2555,,1.0889
S0046,6,S0047,5,negative,0.1,,2.0916
S0034,4,S0075,5,negative,0.1,,3.1701
S0003,6,S0083,4,negative,0.1,,3.1647
S0031,1,S0085,5,negative,0.1,,2.5093
S0030,7,S0060,8,negative,0.2316,,1.1368
S0002,7,S0063,5,negative,0.1776,,1.2448
S0028,7,S0071,6,negative,0.1,,5.0156
S0009,4,S0032,4,negative,0.1,,2.0082
S0008,5,S0038,2,negative,0.3119,,0.9762
S0057,1,S0066,2,negative,0.1,,2.7316
S0066,4,S0092,6,negative,0.1,,1.8599
S0025,1,S0041,7,negative,0.3898,,0.8205
S0051,4,S0090,1,negative,0.1,,3.0619
S0013,1,S0065,2,negative,0.2471,,1.1059
S0041,2,S0072,3,negative,0.3713,,0.8574
S0040,7,S0044,3,negative,0.3105,,0.9791
S0032,5,S0060,7,negative,0.1,,2.7484
S0052,3,S0095,3,negative,0.1,,3.8101
S0035,8,S0086,3,negative,0.283,,1.0339
S0035,1,S0042,5,negative,0.1,,1.9736
S0029,6,S0052,3,negative,0.1,,3.2668
S0012,6,S0053,6,negative,0.1,,2.6141
S0023,2,S0072,2,negative,0.1,,1.4515
S0021,6,S0084,3,negative,0.3011,,0.9977
S0029,8,S0065,2,negative,0.1388,,1.3223
S0019,5,S0086,8,negative,0.1,,2.5001
S0073,6,S0098,7,negative,0.1477,,1.3047
S0055,4,S0062,7,negative,0.2166,,1.1667
S0030,6,S0067,2,negative,0.1,,2.2777
S0013,8,S0096,2,negative,0.1,,2.8331
S0046,2,S0090,7,negative,0.3542,,0.8916
S0058,8,S0083,2,negative,0.1,,2.5287
S0067,5,S0071,1,negative,0.2309,,1.1383
S0092,1,S0097,2,negative,0.1614,,1.2772
S0018,5,S0094,3,negative,0.3818,,0.8363
S0013,8,S0062,4,negative,0.159,,1.2821
S0095,6,S0098,7,negative,0.1,,2.0866
S0028,6,S0051,6,negative,0.1601,,1.2799
S0073,1,S0084,8,negative,0.1519,,1.2962
S0031,6,S0034,3,negative,0.3407,,0.9186
S0046,1,S0094,2,negative,0.1177,,1.3646
S0060,4,S0083,6,negative,0.1,,1.9244
S0006,3,S0008,3,negative,0.3216,,0.9567
S0009,4,S0094,1,negative,0.1,,1.6314
S0013,2,S0098,1,negative,0.2535,,1.0929
S0004,8,S0087,8,negative,0.1,,4.0122
S0031,1,S0039,5,negative,0.2304,,1.1392
S0032,5,S0093,1,negative,0.1,,4.6209
S0007,7,S0026,4,negative,0.1,,1.83
S0001,1,S0084,2,negative,0.1961,,1.2078
S0053,6,S0090,6,negative,0.1,,1.6268
S0042,1,S0051,6,negative,0.1,,4.3586
S0003,1,S0045,3,negative,0.1,,2.8375
S0055,1,S0066,7,negative,0.3849,,0.8302
S0028,4,S0097,3,negative,0.1,,2.7343
S0028,1,S0037,5,negative,0.1,,2.6776
S0009,2,S0062,8,negative,0.1,,2.359
S0087,2,S0091,5,negative,0.1,,2.7646
S0028,7,S0088,8,negative,0.1,,2.8934
S0023,2,S0050,7,negative,0.1,,1.9585
S0055,2,S0096,4,negative,0.1,,3.106
S0013,5,S0021,6,negative,0.1,,2.952
S0030,4,S0088,2,negative,0.182,,1.236
S0063,3,S0065,1,negative,0.2057,,1.1886
S0058,1,S0074,3,negative,0.1,,1.4853
S0020,5,S0048,8,negative,0.2941,,1.0118
S0069,5,S0094,1,negative,0.1539,,1.2922
S0010,3,S0067,2,negative,0.3787,,0.8426
S0038,1,S0072,3,negative,0.1306,,1.3388
S0012,3,S0069,6,negative,0.1,,3.7694
S0074,6,S0080,3,negative,0.1,,1.8759
S0065,5,S0067,1,negative,0.1,,1.9099
S0002,5,S0086,3,negative,0.157,,1.2859
S0039,2,S0097,7,negative,0.2811,,1.0378
S0023,6,S0040,3,negative,0.1261,,1.3478
S0051,6,S0091,3,negative,0.1,,1.5267
S0007,5,S0017,8,negative,0.2365,,1.127
S0004,3,S0038,7,negative,0.1,,2.3134
S0040,2,S0099,4,negative,0.2317,,1.1366
S0034,7,S0052,4,negative,0.1,,3.5388
S0002,7,S0077,2,negative,0.1,,2.1442
S0009,3,S0085,2,negative,0.1,,3.1579
S0037,2,S0080,2,negative,0.1,,1.7871
S0084,7,S0097,2,negative,0.1,,2.2992
S0025,4,S0062,5,negative,0.3145,,0.971
S0054,2,S0072,3,negative,0.2492,,1.1017
S0011,1,S0050,4,negative,0.1,,3.4937
S0019,2,S0038,4,negative,0.1,,2.1045
S0015,3,S0050,4,negative,0.1984,,1.2031
S0046,1,S0072,6,negative,0.1,,1.7513
S0061,4,S0096,7,negative,0.1,,3.3936
S0046,7,S0052,4,negative,0.1,,3.3282
S0037,6,S0075,7,negative,0.1,,2.2078
S0051,5,S0083,5,negative,0.2776,,1.0448
S0006,3,S0034,4,negative,0.3599,,0.8801
S0055,2,S0085,3,negative,0.1,,1.7172
S0040,8,S0046,2,negative,0.3005,,0.9989
S0024,1,S0097,3,negative,0.1,,3.1055
S0064,6,S0080,4,negative,0.1897,,1.2207
S0049,4,S0079,8,negative,0.1,,3.178
S0065,5,S0086,1,negative,0.1,,1.4312
S0042,4,S0046,8,negative,0.1,,1.784
S0052,5,S0068,1,negative,0.2287,,1.1425
S0017,1,S0077,5,negative,0.1,,2.6561
S0065,6,S0075,7,negative,0.1,,2.1455
S0011,1,S0065,7,negative,0.1173,,1.3653
S0058,5,S0082,6,negative,0.1,,2.1077
S0051,3,S0059,1,negative,0.3044,,0.9912
S0005,3,S0044,6,negative,0.316,,0.9679
S0059,8,S0096,4,negative,0.1,,4.9263
S0012,7,S0025,3,negative,0.1,,2.1534
S0038,3,S0089,5,negative,0.1,,2.0297
S0006,2,S0057,6,negative,0.4668,,0.6664
S0032,6,S0080,7,negative,0.1,,1.7131
S0007,4,S0073,7,negative,0.1,,2.7215
S0078,6,S0093,3,negative,0.1,,2.946
S0040,3,S0075,2,negative,0.1,,2.3405
S0034,3,S0059,8,negative,0.1,,3.2229
S0004,6,S0061,7,negative,0.1,,1.4965
S0062,3,S0092,4,negative,0.1,,2.1018
S0067,4,S0091,3,negative,0.1,,2.2867
S0023,3,S0055,4,negative,0.1769,,1.2462
S0023,7,S0074,5,negative,0.173,,1.254
S0001,8,S0039,2,negative,0.1,,2.2262
S0030,7,S0093,3,negative,0.1,,1.6709
S0036,4,S0055,5,negative,0.4028,,0.7945
S0087,7,S0089,6,negative,0.1,,3.5421
S0079,3,S0096,1,negative,0.1,,1.5966
S0003,8,S0067,3,negative,0.3791,,0.8418
S0006,1,S0029,2,negative,0.3058,,0.9884
S0007,3,S0076,8,negative,0.1832,,1.2335
S0082,1,S0085,1,negative,0.1,,4.7544
S0036,8,S0077,8,negative,0.1,,1.9034
S0012,4,S0082,8,negative,0.1,,5.762
S0063,6,S0093,5,negative,0.1,,2.6479
S0021,6,S0088,1,negative,0.1,,3.0813
S0035,7,S0098,4,negative,0.1324,,1.3352
S0019,4,S0084,5,negative,0.1711,,1.2577
S0006,1,S0041,1,negative,0.1,,2.6217
S0065,1,S0082,7,negative,0.1,,3.1396
S0033,7,S0053,2,negative,0.1,,2.0625
S0061,3,S0081,1,negative,0.1,,1.4609
S0010,4,S0017,1,negative,0.306,,0.9881
S0026,6,S0053,3,negative,0.2675,,1.065
S0093,3,S0095,1,negative,0.1,,3.0712
S0018,3,S0085,3,negative,0.1,,2.0988
S0064,4,S0094,3,negative,0.1,,2.4766
S0074,6,S0093,5,negative,0.1,,1.7916
S0008,6,S0030,7,negative,0.1,,1.5484
S0038,8,S0077,8,negative,0.1,,2.537
S0048,7,S0092,3,negative,0.3619,,0.8761
S0050,6,S0094,2,negative,0.1,,2.5577
S0031,5,S0053,8,negative,0.1796,,1.2407
S0027,2,S0053,6,negative,0.2362,,1.1277
S0054,5,S0088,1,negative,0.1,,1.5838
S0079,5,S0089,6,negative,0.1,,2.8604
S0007,8,S0096,3,negative,0.1,,2.1765
S0003,5,S0029,3,negative,0.1031,,1.3939
S0035,6,S0046,1,negative,0.3281,,0.9439
S0083,5,S0085,6,negative,0.2318,,1.1363
S0012,2,S0099,1,negative,0.1,,2.8852
S0072,7,S0093,2,negative,0.1,,1.4217
S0031,5,S0086,2,negative,0.3828,,0.8344
S0034,1,S0057,2,negative,0.1983,,1.2035
S0020,7,S0070,5,negative,0.1,,1.5687
S0012,5,S0035,8,negative,0.1,,3.467
S0049,4,S0097,5,negative,0.1,,1.6065
S0096,2,S0098,8,negative,0.1,,3.4604
S0078,1,S0082,2,negative,0.1,,1.9183
S0029,4,S0076,7,negative,0.2209,,1.1581
S0017,1,S0071,8,negative,0.1,,2.0482
S0023,1,S0085,5,negative,0.1,,2.5006
S0037,8,S0086,4,negative,0.1586,,1.2829
S0042,7,S0096,5,negative,0.3637,,0.8726
S0050,7,S0069,4,negative,0.1,,1.6101
S0050,8,S0051,4,negative,0.1,,4.2889
S0037,6,S0085,5,negative,0.1,,1.8063
S0033,1,S0074,3,negative,0.1,,2.0274
S0029,5,S0035,5,negative,0.2583,,1.0834
S0026,7,S0080,1,negative,0.1,,2.473
S0077,4,S0093,2,negative,0.3044,,0.9911
S0004,5,S0094,6,negative,0.1,,1.8348
S0013,5,S0092,2,negative,0.1788,,1.2423
S0074,4,S0090,4,negative,0.1,,1.5465
S0007,3,S0021,2,negative,0.1,,3.7011
S0004,8,S0076,2,negative,0.1,,1.8699
S0036,4,S0074,4,negative,0.3532,,0.8936
S0076,8,S0084,5,negative,0.1,,2.3078
S0001,7,S0098,2,negative,0.1,,1.665
S0045,1,S0054,3,negative,0.4891,,0.6217
S0017,2,S0026,6,negative,0.1,,1.6836
S0048,5,S0099,1,negative,0.1022,,1.3957
S0038,6,S0054,6,negative,0.1,,1.7645
S0059,7,S0060,8,negative,0.1,,2.4792
S0001,5,S0071,4,negative,0.1,,4.5059
S0005,2,S0029,6,negative,0.1544,,1.2912
S0013,5,S0052,6,negative,0.1,,2.5051
S0015,3,S0096,6,negative,0.1,,1.554
S0096,5,S0099,5,negative,0.1,,2.9624
S0060,1,S0063,1,negative,0.2737,,1.0526
S0063,6,S0097,2,negative,0.1016,,1.3969
S0012,8,S0040,6,negative,0.1,,2.9556
S0001,2,S0046,6,negative,0.1,,3.0562
S0075,4,S0078,4,negative,0.1,,3.3228
S0061,2,S0089,4,negative,0.2162,,1.1677
S0001,7,S0056,6,negative,0.1,,2.7809
S0048,8,S0070,3,negative,0.1,,1.9531
S0061,6,S0071,1,negative,0.1,,2.9978
S0010,7,S0055,6,negative,0.1,,1.5571
S0049,2,S0055,4,negative,0.1,,1.5716
S0012,5,S0066,4,negative,0.1,,2.0346
S0016,5,S0076,7,negative,0.3853,,0.8295
S0046,6,S0083,6,negative,0.1,,2.3889
S0010,2,S0050,4,negative,0.1,,1.4306
S0005,7,S0017,3,negative,0.193,,1.214
S0077,4,S0100,6,negative,0.3513,,0.8973
S0082,3,S0096,8,negative,0.3199,,0.9602
S0050,5,S0060,6,negative,0.1,,2.1463
S0028,2,S0079,3,negative,0.1,,4.192
S0033,6,S0058,8,negative,0.2702,,1.0597
S0002,8,S0076,7,negative,0.4327,,0.7347
S0023,2,S0041,3,negative,0.1,,1.8041
S0011,2,S0059,1,negative,0.133,,1.334
S0031,4,S0057,1,negative,0.1234,,1.3532
S0024,6,S0056,1,negative,0.1,,2.5387
S0050,3,S0073,5,negative,0.1,,4.1946
S0004,4,S0091,1,negative,0.1,,1.5877
S0072,8,S0080,7,negative,0.1,,2.2273
S0079,5,S0088,8,negative,0.1,,1.54
S0069,4,S0092,3,negative,0.3748,,0.8504
S0050,8,S0084,7,negative,0.1,,4.5539
S0020,6,S0054,1,negative,0.1,,1.6532
S0056,7,S0093,4,negative,0.1,,2.4074
S0015,8,S0094,2,negative,0.1,,1.8176
S0052,8,S0091,8,negative,0.1,,2.0986
S0018,2,S0031,2,negative,0.3132,,0.9736
S0008,1,S0024,1,negative,0.1,,2.233
S0023,2,S0081,3,negative,0.2158,,1.1684
S0014,5,S0081,6,negative,0.1,,1.6093
S0028,5,S0094,6,negative,0.1,,2.7422
S0016,1,S0094,7,negative,0.4031,,0.7938
S0025,7,S0071,2,negative,0.1,,3.4515
S0040,2,S0081,2,negative,0.2661,,1.0677
S0039,8,S0055,6,negative,0.451,,0.6981
S0049,1,S0070,4,negative,0.1888,,1.2223
S0010,6,S0060,4,negative,0.1588,,1.2825
S0089,7,S0094,3,negative,0.1,,1.5594
S0066,1,S0075,8,negative,0.1,,1.4612
S0028,5,S0055,8,negative,0.1,,2.4975
S0066,8,S0099,4,negative,0.1881,,1.2237
S0010,6,S0088,3,negative,0.1,,1.4398
S0074,2,S0088,2,negative,0.3789,,0.8422
S0005,1,S0012,1,negative,0.1,,2.6084
S0002,2,S0027,5,negative,0.3239,,0.9522
S0028,1,S0038,2,negative,0.1,,3.1713
S0003,8,S0012,7,negative,0.1,,4.6206
S0011,1,S0072,8,negative,0.2798,,1.0403
S0022,7,S0056,4,negative,0.1,,2.0745
S0074,4,S0078,5,negative,0.1,,1.6211
S0034,2,S0078,4,negative,0.3952,,0.8097
S0059,7,S0077,3,negative,0.2786,,1.0427
S0013,4,S0080,5,negative,0.1,,1.5979
S0002,3,S0061,7,negative,0.227,,1.146
S0035,5,S0076,3,negative,0.1808,,1.2384
S0046,7,S0092,8,negative,0.3636,,0.8727
S0025,6,S0064,4,negative,0.1,,3.396
S0045,7,S0094,4,negative,0.1357,,1.3285
S0051,4,S0079,6,negative,0.1,,3.5065
S0022,5,S0088,2,negative,0.1,,2.3146
S0049,5,S0064,3,negative,0.1,,3.8978
S0021,1,S0055,1,negative,0.1,,2.6301
S0024,3,S0098,4,negative,0.1,,3.5403
S0050,2,S0097,5,negative,0.1,,2.6287
S0030,2,S0085,1,negative,0.1,,1.8262
S0040,6,S0042,3,negative,0.1,,2.3976
S0041,8,S0068,1,negative,0.196,,1.2081
S0011,4,S0058,4,negative,0.1,,2.2381
S0057,6,S0080,6,negative,0.406,,0.7879
S0003,1,S0004,3,negative,0.1,,3.6028
S0033,5,S0093,5,negative,0.1,,3.3196
S0033,6,S0061,8,negative,0.1,,2.3707
S0026,5,S0035,6,negative,0.1,,1.6688
S0004,8,S0032,2,negative,0.1,,4.7745
S0064,5,S0069,7,negative,0.1,,1.6237
S0022,2,S0096,8,negative,0.3254,,0.9492
S0039,5,S0092,5,negative,0.1296,,1.3407
S0006,7,S0049,2,negative,0.1,,3.1316
S0028,3,S0076,6,negative,0.1,,2.7571
S0046,1,S0060,3,negative,0.3063,,0.9875
S0076,7,S0095,6,negative,0.1,,1.5722
S0046,8,S0056,5,negative,0.2029,,1.1942
S0002,2,S0066,3,negative,0.2583,,1.0834
S0003,6,S0015,1,negative,0.2685,,1.063
S0023,2,S0029,5,negative,0.3023,,0.9954
S0063,4,S0094,5,negative,0.1,,1.492
S0054,3,S0064,7,negative,0.1,,3.342
S0010,4,S0043,7,negative,0.1,,2.3658
S0014,6,S0062,2,negative,0.3382,,0.9235
S0004,8,S0064,8,negative,0.1,,4.106
S0054,6,S0058,7,negative,0.1,,2.2423
S0063,4,S0085,4,negative,0.1,,2.8067
S0056,1,S0072,7,negative,0.1,,1.4171
S0022,6,S0068,7,negative,0.1,,4.1363
S0047,6,S0092,8,negative,0.1,,2.0178
S0013,1,S0058,6,negative,0.16,,1.28
S0034,3,S0066,7,negative,0.1,,2.0201
S0033,1,S0077,7,negative,0.1,,3.6954
S0036,7,S0041,2,negative,0.238,,1.124
S0006,1,S0014,4,negative,0.1,,2.4376
S0020,6,S0088,8,negative,0.3578,,0.8843
S0016,3,S0058,4,negative,0.335,,0.93
S0001,3,S0029,3,negative,0.1,,2.9444
S0037,3,S0045,6,negative,0.1797,,1.2405
S0065,7,S0074,8,negative,0.1967,,1.2066
S0033,4,S0088,6,negative,0.1,,1.7964
S0012,4,S0047,1,negative,0.1,,5.5541
S0037,6,S0083,3,negative,0.1,,1.6332
S0031,4,S0070,7,negative,0.1,,1.8086
S0020,2,S0067,2,negative,0.1,,1.6685
S0032,2,S0075,2,negative,0.1,,4.9845
S0016,6,S0091,3,negative,0.1783,,1.2435
S0054,4,S0066,2,negative,0.3471,,0.9058
S0023,8,S0078,7,negative,0.2203,,1.1593
S0007,4,S0047,1,negative,0.1,,2.0209
S0041,6,S0097,4,negative,0.2137,,1.1725
S0062,8,S0075,4,negative,0.1263,,1.3473
S0025,3,S0040,8,negative,0.1,,1.5849
S0073,1,S0082,3,negative,0.1,,4.7531
S0034,2,S0038,5,negative,0.3019,,0.9962
S0077,2,S0090,4,negative,0.1,,3.1447
S0064,6,S0077,4,negative,0.1,,4.302
S0072,2,S0087,8,negative,0.1,,2.8527
S0006,3,S0040,3,negative,0.1,,1.6007
S0022,7,S0078,3,negative,0.1196,,1.3608
S0022,2,S0069,5,negative,0.1,,1.6598
S0044,4,S0096,8,negative,0.1,,2.5191
S0034,2,S0045,3,negative,0.1,,2.2152
S0008,8,S0036,6,negative,0.1284,,1.3433
S0014,5,S0019,1,negative,0.2402,,1.1196
S0020,7,S0074,6,negative,0.2253,,1.1494
S0071,4,S0078,3,negative,0.1,,1.5269
S0005,3,S0010,5,negative,0.1,,1.6232
S0057,5,S0058,4,negative,0.2237,,1.1526
S0004,6,S0054,7,negative,0.2266,,1.1469
S0016,5,S0063,5,negative,0.2292,,1.1416
S0010,5,S0048,7,negative,0.3775,,0.845
S0027,1,S0078,1,negative,0.1155,,1.369
S0016,4,S0020,5,negative,0.4768,,0.6465
S0014,1,S0057,5,negative,0.1,,2.6447
S0076,7,S0079,3,negative,0.1,,1.6093
S0048,6,S0075,8,negative,0.1,,2.9687
S0046,1,S0059,1,negative,0.1,,2.9881
S0061,5,S0088,5,negative,0.2692,,1.0615
S0016,5,S0077,5,negative,0.1,,2.4712
S0016,1,S0082,2,negative,0.1,,2.7111
S0023,3,S0066,7,negative,0.1,,1.6891
S0007,5,S0097,1,negative,0.1259,,1.3482
S0068,8,S0088,6,negative,0.1,,2.0596
S0015,6,S0054,2,negative,0.1,,2.6633
S0013,2,S0055,5,negative,0.3612,,0.8775
S0024,5,S0027,5,negative,0.1,,2.9459
S0067,3,S0070,7,negative,0.1,,2.7896
S0031,4,S0079,1,negative,0.2601,,1.0798
S0036,5,S0047,8,negative,0.1,,3.1763
S0047,8,S0096,1,negative,0.442,,0.716
S0019,6,S0062,4,negative,0.2708,,1.0585
S0023,1,S0032,3,negative,0.1,,2.4845
S0026,2,S0046,4,negative,0.1,,1.8715
S0050,2,S0076,3,negative,0.1,,2.3655
S0044,1,S0045,7,negative,0.1,,1.639
S0023,7,S0063,1,negative,0.385,,0.8301
S0058,3,S0091,8,negative,0.1,,1.7063
S0044,4,S0089,7,negative,0.1,,1.9608
S0024,4,S0084,5,negative,0.1,,5.1541
S0009,3,S0023,1,negative,0.1921,,1.2159
S0012,2,S0028,5,negative,0.4412,,0.7176
S0009,4,S0048,6,negative,0.3448,,0.9104
S0030,8,S0061,2,negative,0.2467,,1.1066
S0077,2,S0099,6,negative,0.1,,2.1398
S0007,3,S0066,4,negative,0.1,,1.8807
S0008,6,S0040,4,negative,0.2006,,1.1988
S0024,8,S0040,1,negative,0.1,,2.9678
S0030,1,S0036,6,negative,0.2183,,1.1633
S0058,7,S0086,7,negative,0.4065,,0.7871
S0062,1,S0083,7,negative,0.3137,,0.9726
S0019,5,S0056,7,negative,0.1,,2.2398
S0021,8,S0030,3,negative,0.1,,2.5963
S0045,1,S0053,7,negative,0.1813,,1.2374
S0050,2,S0057,3,negative,0.2488,,1.1023
S0026,6,S0031,8,negative,0.1,,1.702
S0013,7,S0046,4,negative,0.2386,,1.1228
S0003,8,S0079,3,negative,0.2671,,1.0659
S0019,2,S0045,2,negative,0.2781,,1.0437
S0079,8,S0091,2,negative,0.1,,2.252
S0033,8,S0037,5,negative,0.1,,1.8707
S0033,8,S0050,2,negative,0.2443,,1.1113
S0009,4,S0039,5,negative,0.1,,1.5354
S0013,4,S0072,3,negative,0.192,,1.2159
S0052,3,S0076,2,negative,0.1,,2.4331
S0050,5,S0053,1,negative,0.1,,2.7446
S0015,1,S0081,2,negative,0.1,,1.5934
S0003,2,S0006,1,negative,0.3327,,0.9347
S0051,3,S0064,2,negative,0.1,,4.1979
S0022,5,S0034,8,negative,0.1,,1.6151
S0022,8,S0098,1,negative,0.1,,2.9905
S0032,8,S0043,5,negative,0.1,,4.0655
S0015,1,S0084,8,negative,0.1,,3.8064
S0024,1,S0070,6,negative,0.1,,3.9144
S0009,8,S0049,7,negative,0.1,,2.8645
S0053,1,S0076,2,negative,0.3622,,0.8757
S0023,7,S0100,2,negative,0.1,,3.3051
S0005,4,S0098,7,negative,0.3531,,0.8938
S0038,4,S0053,1,negative,0.2297,,1.1406
S0015,6,S0017,5,negative,0.1,,1.4664
S0070,4,S0084,5,negative,0.1,,1.4738
S0008,7,S0043,5,negative,0.1,,2.029
S0061,6,S0077,2,negative,0.1,,1.7978
S0044,5,S0047,3,negative,0.1,,2.4702
S0023,1,S0036,6,negative,0.1943,,1.2115
S0053,4,S0084,6,negative,0.1,,2.1182
S0035,6,S0058,8,negative,0.3359,,0.9281
S0042,2,S0084,2,negative,0.1,,4.6798
S0057,5,S0077,4,negative,0.1,,3.8595
S0074,3,S0076,1,negative,0.3563,,0.8873
S0052,3,S0074,7,negative,0.1,,2.4039
S0032,1,S0073,5,negative,0.1,,4.7551
S0012,6,S0098,8,negative,0.1,,2.3043
S0037,6,S0073,7,negative,0.1,,1.9546
S0052,3,S0078,5,negative,0.1,,3.6435
S0009,7,S0029,5,negative,0.2393,,1.1213
S0036,2,S0059,1,negative,0.1,,1.9929
S0068,1,S0073,8,negative,0.4338,,0.7324
S0071,8,S0083,6,negative,0.1,,3.871
S0020,8,S0091,6,negative,0.1498,,1.3003
S0010,8,S0089,5,negative,0.1,,2.6041
S0024,1,S0036,3,negative,0.1,,3.2847
S0060,7,S0068,5,negative,0.1,,2.1633
S0076,3,S0080,8,negative,0.1,,1.5718
S0046,2,S0057,7,negative,0.1398,,1.3204
S0059,4,S0085,2,negative,0.2858,,1.0284
S0024,5,S0100,2,negative,0.1,,5.4753
S0027,7,S0056,6,negative,0.248,,1.104
S0010,2,S0084,5,negative,0.1,,3.5337
S0019,1,S0072,8,negative,0.1551,,1.2899
S0034,3,S0062,5,negative,0.1,,2.2235
S0025,8,S0027,5,negative,0.208,,1.184
S0012,8,S0073,3,negative,0.1,,1.5065
S0008,1,S0039,1,negative,0.1731,,1.2538
S0018,3,S0086,3,negative,0.2431,,1.1138
S0024,5,S0033,3,negative,0.1,,1.4707
S0007,6,S0083,4,negative,0.1,,2.2931
S0056,6,S0083,3,negative,0.1,,2.2193
S0024,6,S0055,8,negative,0.1,,3.1894
S0029,2,S0080,1,negative,0.2595,,1.081
S0015,5,S0061,6,negative,0.1,,2.1476
S0061,1,S0094,4,negative,0.2657,,1.0685
S0057,7,S0087,4,negative,0.3197,,0.9605
S0004,6,S0057,1,negative,0.1,,3.5996
S0014,7,S0086,1,negative,0.1,,1.877
S0040,6,S0088,2,negative,0.4535,,0.6931
S0059,2,S0088,6,negative,0.1,,2.3512
S0007,6,S0012,6,negative,0.1,,3.7633
S0045,8,S0061,8,negative,0.2172,,1.1655
S0038,6,S0070,3,negative,0.1,,1.5463
S0034,2,S0041,7,negative,0.1,,2.2741
S0009,8,S0075,4,negative,0.1,,3.3104
S0017,8,S0079,7,negative,0.1,,1.5838
S0035,1,S0060,7,negative,0.316,,0.968
S0066,7,S0097,8,negative,0.2097,,1.1807
S0056,2,S0065,6,negative,0.1325,,1.3349
S0035,7,S0085,7,negative,0.1,,2.4587
S0071,7,S0085,8,negative,0.1,,4.2124
S0084,8,S0085,2,negative,0.2877,,1.0246
S0022,2,S0100,8,negative,0.1,,4.8112
S0057,3,S0073,1,negative,0.1,,3.5875
S0089,8,S0096,5,negative,0.1,,4.1398
S0019,4,S0029,6,negative,0.1,,2.4885
S0028,5,S0052,7,negative,0.2942,,1.0117
S0038,7,S0094,1,negative,0.2761,,1.0478
S0028,2,S0042,7,negative,0.1,,5.058
S0041,1,S0080,4,negative,0.1,,2.5565
S0028,5,S0056,4,negative,0.1,,3.318
S0076,8,S0097,7,negative,0.3495,,0.9009
S0064,7,S0085,7,negative,0.1,,4.1294
S0059,8,S0079,6,negative,0.1,,3.6393
S0039,2,S0059,5,negative,0.1,,2.1279
S0007,1,S0010,7,negative,0.4371,,0.7257
S0039,2,S0068,6,negative,0.1,,1.9069
S0012,7,S0022,5,negative,0.1,,5.0944
S0004,7,S0051,2,negative,0.2899,,1.0202
S0023,5,S0065,5,negative,0.1929,,1.2143
S0089,6,S0100,7,negative,0.1,,1.5636
S0035,8,S0077,8,negative,0.1,,2.6762
S0061,1,S0078,8,negative,0.1,,1.9633
S0055,5,S0087,6,negative,0.1,,2.447
S0008,5,S0050,3,negative,0.1,,1.714
S0008,6,S0069,1,negative,0.4514,,0.6971
S0018,4,S0078,2,negative,0.1583,,1.2833
S0066,3,S0072,2,negative,0.3515,,0.897
S0025,4,S0085,7,negative,0.1507,,1.2985
S0009,5,S0084,7,negative,0.1,,3.5532
S0005,4,S0099,2,negative,0.3139,,0.9722
S0006,6,S0025,1,negative,0.1,,2.6174
S0017,3,S0068,7,negative,0.1,,2.4064
S0007,5,S0025,7,negative,0.1,,2.0484
S0006,4,S0092,3,negative,0.3263,,0.9474
S0021,3,S0065,7,negative,0.1,,2.8896
S0077,6,S0091,5,negative,0.1,,1.7241
S0029,1,S0054,5,negative,0.1,,1.9986
S0086,3,S0095,6,negative,0.3097,,0.9807
S0054,4,S0067,5,negative,0.1,,2.8701
S0004,7,S0008,2,negative,0.1,,2.6531
S0049,1,S0099,6,negative,0.1,,1.7224
S0038,2,S0067,8,negative,0.1,,1.5587
S0003,6,S0021,1,negative,0.1,,4.5534
S0077,8,S0092,4,negative,0.1,,2.967
S0001,5,S0043,5,negative,0.1042,,1.3916
S0036,5,S0073,1,negative,0.1,,1.8275
S0086,8,S0090,1,negative,0.4279,,0.7442
S0051,5,S0067,4,negative,0.1,,3.673
S0025,3,S0060,6,negative,0.1,,1.6055
S0072,4,S0092,5,negative,0.1,,1.5568
S0023,6,S0071,8,negative,0.1,,1.8898
S0058,2,S0059,2,negative,0.1,,3.1508
S0027,2,S0085,1,negative,0.1,,2.1059
S0049,6,S0083,2,negative,0.2775,,1.045
S0027,7,S0051,7,negative,0.1,,2.2166
S0022,5,S0035,8,negative,0.1,,1.9462
S0062,2,S0090,1,negative,0.1,,2.2113
S0013,5,S0054,1,negative,0.1,,1.4345
S0006,7,S0082,7,negative,0.1,,1.6072
S0090,2,S0092,2,negative,0.3694,,0.8612
S0070,6,S0077,7,negative,0.1,,1.4789
S0021,3,S0081,8,negative,0.1,,3.2192
S0003,5,S0035,7,negative,0.1,,1.4412
S0025,2,S0089,5,negative,0.4426,,0.7148
S0028,3,S0066,8,negative,0.1,,1.8667
S0021,5,S0060,5,negative,0.1,,3.1009
S0026,8,S0093,7,negative,0.261,,1.0781
S0049,2,S0078,8,negative,0.1,,2.9336
S0032,3,S0034,5,negative,0.1,,2.1594
S0007,5,S0037,6,negative,0.1806,,1.2388
S0008,3,S0061,8,negative,0.1,,1.67
S0080,7,S0100,7,negative,0.1,,4.064
S0042,5,S0071,7,negative,0.3212,,0.9575
S0015,4,S0044,3,negative,0.108,,1.384
S0015,4,S0079,4,negative,0.4118,,0.7764
S0003,6,S0070,3,negative,0.1,,2.8348
S0014,8,S0074,3,negative,0.1523,,1.2953
S0021,7,S0044,4,negative,0.1,,3.304
S0031,5,S0048,4,negative,0.3755,,0.8489
S0064,3,S0093,3,negative,0.1,,3.9859
S0022,7,S0075,1,negative,0.1,,4.4205
S0058,7,S0097,6,negative,0.1,,1.4673
S0049,5,S0063,3,negative,0.1,,2.6221
S0002,4,S0037,3,negative,0.3319,,0.9361
S0012,6,S0084,7,negative,0.3784,,0.8432
S0005,1,S0009,5,negative,0.1,,1.6412
S0043,7,S0060,3,negative,0.1,,1.547
S0044,3,S0060,5,negative,0.3585,,0.8831
S0020,4,S0059,8,negative,0.1,,2.6487
S0001,8,S0070,7,negative,0.1,,1.579
S0077,4,S0097,6,negative,0.1,,2.1141
S0044,1,S0068,6,negative,0.1,,2.2934
S0005,7,S0025,6,negative,0.2209,,1.1582
S0009,2,S0035,6,negative,0.269,,1.0619
S0017,4,S0048,3,negative,0.2499,,1.1001
S0031,4,S0062,3,negative,0.1,,1.8938
S0017,2,S0090,8,negative,0.1601,,1.2797
S0057,6,S0089,8,negative,0.1,,3.13
S0011,5,S0016,7,negative,0.1,,1.7577
S0008,8,S0082,4,negative,0.1,,2.2331
S0018,1,S0021,2,negative,0.1,,3.123
S0006,6,S0077,5,negative,0.1,,3.5631
S0089,4,S0099,1,negative,0.1582,,1.2837
S0048,1,S0080,7,negative,0.2456,,1.1087
S0047,3,S0066,3,negative,0.1,,3.6562
S0041,6,S0064,5,negative,0.1,,3.3992
S0079,6,S0087,8,negative,0.2738,,1.0524
S0054,4,S0096,6,negative,0.1,,3.8923
S0024,5,S0029,8,negative,0.1,,2.3783
S0066,5,S0078,4,negative,0.1,,2.1863
S0004,3,S0037,7,negative,0.1,,1.8777
S0076,1,S0090,2,negative,0.1,,1.4394
S0029,8,S0089,3,negative,0.1,,2.3438
S0099,4,S0100,8,negative,0.1,,2.6107
S0011,4,S0089,7,negative,0.3127,,0.9745
S0065,1,S0095,5,negative,0.1,,1.6213
S0013,2,S0033,4,negative,0.1,,1.8904
S0044,6,S0083,8,negative,0.1,,2.0111
S0034,5,S0067,4,negative,0.2584,,1.0832
S0021,7,S0080,6,negative,0.1,,4.3018
S0015,6,S0088,5,negative,0.1,,1.5464
S0051,1,S0098,6,negative,0.1,,1.4632
S0002,6,S0017,7,negative,0.1057,,1.3886
S0043,6,S0057,6,negative,0.1,,2.8938
S0003,5,S0018,2,negative,0.1,,1.7844
S0006,4,S0060,8,negative,0.118,,1.3639
S0018,8,S0065,4,negative,0.3037,,0.9927
S0020,4,S0077,1,negative,0.1,,2.5233
S0043,4,S0097,1,negative,0.1639,,1.2721
S0023,8,S0086,8,negative,0.2968,,1.0063
S0041,6,S0065,6,negative,0.1,,1.413
S0091,2,S0092,2,negative,0.1,,1.6963
S0018,6,S0032,1,negative,0.1,,2.8688
S0012,6,S0014,5,negative,0.1,,2.1692
S0012,3,S0091,1,negative,0.1,,2.4576
S0038,2,S0057,1,negative,0.1,,1.6817
S0037,5,S0089,6,negative,0.1,,1.5948
S0089,5,S0091,7,negative,0.2199,,1.1603
S0083,6,S0086,3,negative,0.1,,2.3735
S0041,2,S0062,8,negative,0.3943,,0.8114
S0068,2,S0093,7,negative,0.4183,,0.7634
S0021,3,S0082,5,negative,0.1,,5.7847
S0032,8,S0076,6,negative,0.1,,3.0217
S0058,7,S0072,5,negative,0.1,,1.7252
S0020,5,S0060,8,negative,0.4519,,0.6962
S0023,1,S0027,3,negative,0.2543,,1.0915
S0037,2,S0046,2,negative,0.2262,,1.1476
S0005,7,S0085,1,negative,0.1,,1.6925
S0039,4,S0057,8,negative,0.1,,2.0011
S0045,4,S0060,6,negative,0.1,,1.489
S0031,5,S0055,5,negative,0.2688,,1.0623
S0044,3,S0077,2,negative,0.1,,2.5412
S0037,4,S0081,3,negative,0.2361,,1.1278
S0049,1,S0067,5,negative,0.1,,3.3835
S0011,6,S0067,6,negative,0.1,,2.8974
S0012,2,S0046,4,negative,0.1,,3.657
S0043,2,S0056,3,negative,0.1,,1.8891
S0042,1,S0086,8,negative,0.1,,1.6567
S0017,2,S0096,7,negative,0.1,,2.558
S0084,5,S0092,6,negative,0.1,,3.1849
S0007,8,S0065,1,negative,0.2317,,1.1367
S0026,6,S0062,8,negative,0.4082,,0.7836
S0022,8,S0061,6,negative,0.1,,2.9144
S0009,6,S0033,1,negative,0.331,,0.9381
S0061,3,S0087,3,negative,0.1,,2.8321
S0053,1,S0071,5,negative,0.1,,2.7794
S0019,5,S0097,6,negative,0.1,,1.6484
S0038,6,S0079,2,negative,0.1072,,1.3857
S0006,4,S0033,8,negative,0.388,,0.8241
S0005,5,S0059,1,negative,0.1,,2.0099
S0032,1,S0035,4,negative,0.1,,2.5797
S0018,4,S0052,8,negative,0.1,,2.7452
S0031,7,S0078,6,negative,0.2994,,1.0012
S0028,3,S0095,8,negative,0.1,,4.0912
S0037,1,S0095,7,negative,0.1,,1.6766
S0036,6,S0058,6,negative,0.1,,1.5883
S0018,1,S0067,1,negative,0.1,,1.7963
S0001,8,S0055,5,negative,0.1,,2.0909
S0041,7,S0061,1,negative,0.2684,,1.0631
S0093,7,S0097,2,negative,0.1,,1.7831
S0045,3,S0050,2,negative,0.1,,3.3886
S0007,6,S0038,4,negative,0.2539,,1.0921
S0013,8,S0056,1,negative,0.2101,,1.1799
S0041,5,S0054,7,negative,0.3051,,0.9898
S0044,4,S0054,4,negative,0.1,,1.6929
S0090,7,S0098,3,negative,0.1,,1.8155
S0011,4,S0026,7,negative,0.3467,,0.9066
S0021,3,S0023,3,negative,0.1,,3.4819
S0032,3,S0056,8,negative,0.1,,2.5174
S0003,7,S0028,1,negative,0.1,,4.4613
S0030,1,S0080,4,negative,0.1,,2.1377
S0016,1,S0099,4,negative,0.3511,,0.8978
S0094,1,S0098,8,negative,0.2683,,1.0634
S0016,8,S0050,8,negative,0.1,,2.1399
S0036,8,S0045,8,negative,0.139,,1.3221
S0011,3,S0096,1,negative,0.1,,3.9264
S0011,1,S0071,5,negative,0.1,,3.5171
S0047,6,S0050,3,negative,0.2231,,1.1537
S0043,4,S0068,8,negative,0.2478,,1.1044
S0016,3,S0044,8,negative,0.2868,,1.0263
S0001,1,S0024,6,negative,0.1,,5.075
S0027,3,S0082,7,negative,0.1,,2.9894
S0090,6,S0094,2,negative,0.1,,1.4706
S0016,8,S0027,1,negative,0.339,,0.922
S0003,2,S0099,2,negative,0.1,,1.9355
S0004,5,S0034,2,negative,0.1,,2.933
S0045,2,S0074,6,negative,0.1523,,1.2954
S0010,1,S0012,7,negative,0.1,,4.0553
S0015,7,S0090,4,negative,0.2777,,1.0446
S0030,7,S0100,2,negative,0.1,,2.3246
S0036,6,S0084,3,negative,0.1,,2.0664
S0063,6,S0098,4,negative,0.1,,1.6344
S0009,2,S0042,2,negative,0.1,,1.6285
S0028,3,S0053,8,negative,0.1,,2.542
S0070,8,S0093,7,negative,0.2464,,1.1073
S0024,4,S0089,1,negative,0.1,,4.2352
S0016,6,S0100,8,negative,0.1,,2.9641
S0001,5,S0042,7,negative,0.1,,4.5453
S0048,4,S0055,8,negative,0.1093,,1.3815
S0054,1,S0055,8,negative,0.2326,,1.1349
S0064,4,S0091,2,negative,0.1,,2.8802
S0008,1,S0094,7,negative,0.1772,,1.2457
S0021,8,S0028,6,negative,0.4757,,0.6485
S0014,3,S0035,2,negative,0.1,,1.7153
S0004,8,S0071,6,negative,0.1,,4.1752
S0039,8,S0066,2,negative,0.2286,,1.1428
S0026,2,S0089,5,negative,0.34,,0.9199
S0049,3,S0082,3,negative,0.1,,4.566
S0034,6,S0046,2,negative,0.4197,,0.7606
S0003,4,S0098,5,negative,0.1,,2.4215
S0079,4,S0097,2,negative,0.1,,1.848
S0092,4,S0100,8,negative,0.1,,3.46
S0013,8,S0078,8,negative,0.1067,,1.3867
S0063,4,S0095,7,negative,0.3514,,0.8973
S0026,1,S0058,8,negative,0.1,,2.0107
S0016,3,S0072,8,negative,0.239,,1.122
S0090,3,S0097,6,negative,0.1,,1.4743
S0007,2,S0089,5,negative,0.1,,2.33
S0037,2,S0052,6,negative,0.1,,2.509
S0032,7,S0078,3,negative,0.1,,1.9457
S0006,2,S0065,2,negative,0.1,,1.7051
S0025,6,S0072,2,negative,0.296,,1.0081
S0024,7,S0087,1,negative,0.3044,,0.9911
S0006,2,S0030,6,negative,0.1,,2.0158
S0009,5,S0030,8,negative,0.1,,1.8947
S0038,5,S0047,1,negative,0.1,,2.464
S0035,8,S0054,8,negative,0.1,,1.8083
S0010,4,S0065,3,negative,0.1,,1.4343
S0006,4,S0099,2,negative,0.1,,1.8147
S0013,1,S0032,3,negative,0.1,,3.0285
S0062,6,S0095,1,negative,0.1,,2.5316
S0019,5,S0069,6,negative,0.1,,2.4586
S0088,7,S0093,1,negative,0.1,,2.0128
S0037,5,S0084,7,negative,0.1,,2.3439
S0016,5,S0065,7,negative,0.1579,,1.2842
S0063,1,S0088,1,negative,0.1837,,1.2327
S0039,5,S0096,2,negative,0.1,,2.9975
S0025,6,S0091,7,negative,0.2835,,1.033
S0039,7,S0069,5,negative,0.1889,,1.2222
S0050,8,S0068,3,negative,0.1,,4.1843
S0055,1,S0073,3,negative,0.1,,1.8351
S0074,1,S0095,5,negative,0.1,,1.8315
S0015,3,S0058,8,negative,0.3252,,0.9496
S0021,3,S0078,2,negative,0.1,,4.0385
S0066,4,S0082,4,negative,0.1,,3.8362
S0037,8,S0049,8,negative,0.1,,1.7389
S0012,6,S0096,8,negative,0.1,,5.601
S0036,4,S0042,1,negative,0.1,,2.852
S0069,2,S0090,6,negative,0.2785,,1.0429
S0003,3,S0049,6,negative,0.1,,3.3415
S0075,1,S0098,5,negative,0.1,,1.5998
S0021,6,S0045,7,negative,0.1,,1.8631
S0021,8,S0067,5,negative,0.1,,4.5394
S0027,3,S0037,5,negative,0.3595,,0.881
S0043,3,S0051,4,negative,0.2382,,1.1236
S0050,5,S0081,7,negative,0.1,,2.309
S0091,7,S0096,4,negative,0.1,,3.4298
S0040,5,S0064,8,negative,0.1,,2.3509
S0074,4,S0082,3,negative,0.1,,3.155
S0004,3,S0056,5,negative,0.1,,2.5278
S0018,6,S0096,4,negative,0.1,,2.6697
S0066,2,S0093,2,negative,0.2075,,1.185
S0012,7,S0032,5,negative,0.1,,5.7826
S0023,7,S0073,7,negative,0.1,,2.5667
S0072,2,S0075,5,negative,0.1,,1.7141
S0043,1,S0093,7,negative,0.333,,0.934
S0005,1,S0066,3,negative,0.2655,,1.0691
S0051,2,S0076,3,negative,0.1,,2.1279
S0013,2,S0085,4,negative,0.1,,2.0249
S0024,7,S0065,4,negative,0.1,,3.1033
S0014,3,S0053,8,negative,0.291,,1.018
S0054,7,S0075,4,negative,0.1265,,1.3471
S0005,2,S0064,3,negative,0.1,,2.6137
S0055,3,S0079,2,negative,0.1,,1.8923
S0020,4,S0027,5,negative,0.3263,,0.9473
S0017,6,S0100,7,negative,0.1,,3.1315
S0016,6,S0049,4,negative,0.1,,2.0884
S0012,7,S0020,1,negative,0.1,,3.2565
S0016,1,S0056,4,negative,0.2982,,1.0035
S0003,1,S0022,2,negative,0.163,,1.274
S0070,3,S0085,8,negative,0.2029,,1.1941
S0052,5,S0060,4,negative,0.1,,2.766
S0044,4,S0061,2,negative,0.1103,,1.3795
S0020,4,S0095,3,negative,0.2085,,1.183
S0061,1,S0084,7,negative,0.1,,1.8734
S0003,2,S0064,4,negative,0.356,,0.888
S0022,7,S0060,5,negative,0.1,,2.171
S0013,1,S0026,2,negative,0.1937,,1.2126
S0008,3,S0093,7,negative,0.1,,2.5478
S0007,5,S0061,7,negative,0.1,,1.7737
S0054,1,S0087,4,negative,0.1,,3.2855
S0053,5,S0065,8,negative,0.2704,,1.0592
S0018,1,S0037,7,negative,0.4075,,0.785
S0017,6,S0037,1,negative,0.2093,,1.1814
S0003,4,S0025,5,negative,0.1,,2.8175
S0041,6,S0069,3,negative,0.1,,2.0212
S0010,6,S0058,2,negative,0.4254,,0.7492
S0002,8,S0018,4,negative,0.3286,,0.9428
S0031,5,S0056,3,negative,0.2556,,1.0887
S0068,3,S0100,8,negative,0.2617,,1.0765
S0048,1,S0097,2,negative,0.1361,,1.3278
S0010,8,S0086,1,negative,0.3955,,0.809
S0062,2,S0079,6,negative,0.1,,2.6342
S0046,2,S0066,6,negative,0.1,,1.7685
S0013,8,S0043,6,negative,0.1,,1.5425
S0004,4,S0043,6,negative,0.2281,,1.1438
S0033,4,S0092,1,negative,0.291,,1.0181
S0063,7,S0100,8,negative,0.1,,3.5377
S0056,2,S0088,8,negative,0.233,,1.134
S0009,3,S0053,1,negative,0.1,,1.7386
S0073,7,S0085,6,negative,0.2632,,1.0736
S0014,6,S0060,5,negative,0.1902,,1.2196
S0022,2,S0047,5,negative,0.336,,0.928
S0035,2,S0093,8,negative,0.1,,2.3748
S0001,6,S0023,3,negative,0.1,,2.9119
S0047,7,S0094,5,negative,0.1,,2.9267
S0067,8,S0093,6,negative,0.1,,3.4248
S0007,3,S0090,6,negative,0.3398,,0.9204
S0007,2,S0082,6,negative,0.1,,2.2907
S0055,8,S0063,2,negative,0.1694,,1.2611
S0045,2,S0078,6,negative,0.1,,2.3661
S0024,3,S0071,2,negative,0.2907,,1.0186
S0028,4,S0072,7,negative,0.1,,2.2081
S0029,7,S0040,6,negative,0.188,,1.2239
S0052,5,S0061,4,negative,0.1,,2.1365
S0008,2,S0062,5,negative,0.1,,2.0125
S0002,6,S0098,5,negative,0.3665,,0.867
S0040,3,S0051,8,negative,0.1,,2.1996
S0027,7,S0096,7,negative,0.1,,2.8236
S0037,8,S0041,5,negative,0.1308,,1.3385
S0002,3,S0096,3,negative,0.1,,3.0063
S0015,4,S0092,5,negative,0.2949,,1.0103
S0025,2,S0066,1,negative,0.2711,,1.0577
S0025,2,S0033,1,negative,0.1,,2.6929
S0023,1,S0096,1,negative,0.1,,2.391
S0019,1,S0076,7,negative,0.1,,1.694
S0066,3,S0087,2,negative,0.1,,3.1094
S0016,6,S0031,3,negative,0.3894,,0.8212
S0045,2,S0055,2,negative,0.2093,,1.1815
S0029,8,S0030,8,negative,0.1,,1.5553
S0073,2,S0092,2,negative,0.1,,2.7872
S0050,8,S0086,5,negative,0.1,,1.5027
S0012,1,S0095,8,negative,0.1,,4.2403
S0013,5,S0041,8,negative,0.1,,1.4561
S0001,2,S0090,6,negative,0.1,,3.3002
S0039,8,S0087,3,negative,0.1,,2.3438
S0036,6,S0075,3,negative,0.1,,2.104
S0039,6,S0058,2,negative,0.1071,,1.3858
S0001,4,S0058,1,negative,0.1,,3.2369
S0045,8,S0064,1,negative,0.1,,3.3755
S0026,3,S0050,8,negative,0.1,,3.2397
S0008,8,S0076,6,negative,0.2632,,1.0736
S0027,2,S0071,8,negative,0.1,,2.4459
S0019,8,S0088,1,negative,0.1,,1.8141
S0080,4,S0091,6,negative,0.1,,2.1148
S0039,1,S0082,4,negative,0.1,,3.1071
S0024,1,S0062,8,negative,0.1,,4.017
S0035,6,S0050,5,negative,0.1,,2.1131
S0058,7,S0094,1,negative,0.1118,,1.3764
S0014,6,S0042,7,negative,0.1,,3.2609
S0039,2,S0093,7,negative,0.1,,1.7345
S0022,7,S0030,8,negative,0.1,,2.8497
S0032,6,S0054,4,negative,0.1,,4.0276
S0031,5,S0060,2,negative,0.3989,,0.8021
S0030,5,S0055,1,negative,0.3514,,0.8972
S0014,4,S0046,5,negative,0.1,,1.8508
S0027,3,S0076,4,negative,0.4283,,0.7434
S0041,5,S0058,7,negative,0.1,,2.1888
S0062,2,S0085,3,negative,0.2619,,1.0763
S0012,8,S0086,2,negative,0.1,,3.7927
S0014,1,S0066,1,negative,0.3705,,0.8591
S0069,7,S0085,7,negative,0.1,,2.8179
S0001,7,S0091,2,negative,0.1,,1.7682
S0022,4,S0037,1,negative,0.1,,2.4064
S0011,1,S0090,8,negative,0.1,,2.2796
S0050,5,S0074,3,negative,0.1,,2.6241
S0024,8,S0050,3,negative,0.2699,,1.0602
S0005,6,S0013,6,negative,0.4564,,0.6872
S0020,8,S0028,6,negative,0.1,,3.1592
S0007,4,S0069,1,negative,0.3319,,0.9363
S0011,3,S0082,1,negative,0.1,,4.0909
S0034,6,S0049,8,negative,0.1,,2.7146
S0040,5,S0053,4,negative,0.2592,,1.0817
S0004,7,S0040,3,negative,0.1,,2.0046
S0055,5,S0068,3,negative,0.1,,1.7611
S0018,1,S0100,6,negative,0.1,,2.8633
S0001,4,S0035,4,negative,0.1,,2.7445
S0049,6,S0077,2,negative,0.2857,,1.0287
S0063,4,S0071,3,negative,0.1,,1.6636
S0026,8,S0047,7,negative,0.1,,3.6439
S0053,8,S0059,1,negative,0.1,,2.0082
S0045,8,S0086,8,negative,0.1,,2.0923
S0003,5,S0047,5,negative,0.1429,,1.3142
S0018,6,S0056,8,negative,0.247,,1.106
S0040,2,S0050,4,negative,0.1,,2.4025
S0071,3,S0073,6,negative,0.1,,4.1742
S0015,4,S0039,5,negative,0.1,,1.7275
S0012,7,S0045,5,negative,0.1,,1.9971
S0001,6,S0012,6,negative,0.1999,,1.2002
S0032,4,S0055,1,negative,0.1,,3.2605
S0007,4,S0075,7,negative,0.1,,2.9567
S0057,3,S0074,8,negative,0.1,,2.1684
S0003,8,S0100,7,negative,0.1,,4.3438
S0056,4,S0098,5,negative,0.1,,1.477
S0021,2,S0035,3,negative,0.1,,3.4296
S0040,6,S0060,6,negative,0.3473,,0.9054
S0030,6,S0073,6,negative,0.1,,1.6274
S0028,7,S0036,3,negative,0.1,,2.4914
S0022,4,S0044,1,negative,0.1,,2.0578
S0012,8,S0070,6,negative,0.1,,1.9766
S0038,4,S0091,4,negative,0.1718,,1.2564
S0024,5,S0043,1,negative,0.1,,4.0271
S0022,6,S0080,3,negative,0.1686,,1.2627
S0088,7,S0100,7,negative,0.1,,2.7947
S0021,2,S0049,7,negative,0.1,,1.5377
S0021,4,S0056,3,negative,0.1,,3.4572
S0025,3,S0099,4,negative,0.1788,,1.2424
S0054,6,S0057,8,negative,0.1,,2.9346
S0049,2,S0089,1,negative,0.407,,0.786
S0004,2,S0035,2,negative,0.1,,2.532
S0016,3,S0052,8,negative,0.1,,2.8552
S0041,2,S0053,1,negative,0.1801,,1.2398
S0068,7,S0071,3,negative,0.1,,4.1893
S0060,2,S0089,6,negative,0.1,,1.7167
S0068,8,S0095,6,negative,0.1,,3.252
S0028,3,S0030,3,negative,0.1,,2.428
S0060,6,S0096,4,negative,0.1,,2.612
S0029,7,S0053,5,negative,0.1257,,1.3487
S0065,6,S0100,8,negative,0.1,,2.7078
S0026,1,S0028,6,negative,0.1,,1.9185
S0026,7,S0069,6,negative,0.1,,1.934
S0037,6,S0072,8,negative,0.291,,1.0181
S0052,4,S0079,8,negative,0.1,,3.9038
S0028,1,S0085,7,negative,0.2475,,1.105
S0006,8,S0020,2,negative,0.1189,,1.3622
S0012,4,S0031,8,negative,0.1,,3.5224
S0016,3,S0078,3,negative,0.1912,,1.2176
S0016,8,S0098,6,negative,0.1769,,1.2463
S0006,1,S0022,8,negative,0.2126,,1.1749
S0022,5,S0026,5,negative,0.1,,3.2109
S0050,2,S0092,4,negative,0.1,,1.5952
S0081,7,S0089,8,negative,0.1,,1.7626
S0056,8,S0058,2,negative,0.2728,,1.0545
S0028,7,S0069,5,negative,0.1,,3.6006
S0024,2,S0077,8,negative,0.1,,4.9458
S0052,1,S0073,7,negative,0.1802,,1.2395
S0065,4,S0068,8,negative,0.1,,1.9534
S0081,5,S0099,4,negative,0.3491,,0.9018
S0004,4,S0030,6,negative,0.1,,1.8368
S0007,7,S0013,2,negative,0.1553,,1.2894
S0039,4,S0081,2,negative,0.2199,,1.1602
S0041,1,S0066,5,negative,0.3948,,0.8103
S0068,6,S0081,8,negative,0.1,,2.2864
S0037,6,S0040,7,negative,0.3493,,0.9015
S0008,2,S0088,4,negative,0.179,,1.242
S0011,2,S0053,7,negative,0.1158,,1.3684
S0034,1,S0047,6,negative,0.1,,1.831
S0027,2,S0028,8,negative,0.1,,2.8228
S0070,6,S0098,2,negative,0.3331,,0.9338
S0007,7,S0056,7,negative,0.2369,,1.1261
S0090,2,S0096,5,negative,0.1,,1.9029
S0050,3,S0055,8,negative,0.1,,2.5838
S0051,7,S0078,3,negative,0.1,,3.1758
S0013,1,S0075,4,negative,0.1,,2.3163
S0022,8,S0083,7,negative,0.1,,3.7938
S0062,4,S0084,8,negative,0.1,,1.4373
S0032,5,S0050,5,negative,0.2973,,1.0053
S0049,2,S0092,3,negative,0.1,,2.5715
S0019,1,S0052,8,negative,0.122,,1.356
S0021,1,S0059,5,negative,0.1751,,1.2498
S0077,6,S0096,2,negative,0.1,,4.8425
S0005,6,S0081,4,negative,0.2849,,1.0303
S0004,4,S0097,7,negative,0.1,,1.8557
S0065,1,S0094,7,negative,0.2143,,1.1713
S0009,3,S0014,1,negative,0.1,,2.2874
S0069,5,S0079,7,negative,0.2707,,1.0586
S0064,8,S0084,1,negative,0.1,,4.553
S0028,1,S0077,1,negative,0.2907,,1.0186
S0041,5,S0071,7,negative,0.1,,3.4736
S0015,4,S0086,1,negative,0.2786,,1.0427
S0025,3,S0046,2,negative,0.1,,2.1631
S0004,5,S0028,8,negative,0.2294,,1.1411
S0027,8,S0052,7,negative,0.1,,2.6018
S0016,6,S0092,2,negative,0.3634,,0.8732
S0031,8,S0037,1,negative,0.2632,,1.0737
S0003,5,S0057,6,negative,0.4023,,0.7953
S0042,5,S0047,5,negative,0.3954,,0.8091
S0002,4,S0014,1,negative,0.2017,,1.1965
S0051,8,S0074,5,negative,0.1,,2.0362
S0057,5,S0088,5,negative,0.1,,1.8661
S0080,6,S0086,6,negative,0.2737,,1.0526
S0011,4,S0034,1,negative,0.1,,2.329
S0046,4,S0079,2,negative,0.2155,,1.1689
S0008,7,S0027,1,negative,0.2364,,1.1272
S0041,4,S0078,7,negative,0.1,,2.3859
S0035,4,S0041,1,negative,0.1,,1.7574
S0025,3,S0086,4,negative,0.1,,2.0999
S0025,8,S0092,6,negative,0.1,,2.0777
S0026,5,S0064,8,negative,0.1,,3.2254
S0027,4,S0038,5,negative,0.2498,,1.1004
S0018,1,S0045,8,negative,0.1,,1.5791
S0003,8,S0026,3,negative,0.1,,2.7202
S0051,5,S0086,3,negative,0.1,,2.921
S0059,5,S0080,1,negative,0.1,,3.5684
S0011,3,S0056,4,negative,0.1,,1.8359
S0003,7,S0033,2,negative,0.4658,,0.6685
S0037,4,S0056,2,negative,0.1,,1.4388
S0048,1,S0066,7,negative,0.1,,1.8643
S0014,8,S0096,5,negative,0.1,,3.6593
S0034,6,S0083,1,negative,0.1,,2.6245
S0016,8,S0029,4,negative,0.2538,,1.0924
S0015,1,S0063,3,negative,0.3127,,0.9746
S0075,1,S0091,5,negative,0.1,,1.7098
S0013,3,S0028,6,negative,0.1,,2.8086
S0031,4,S0042,3,negative,0.1,,1.9059
S0032,3,S0095,7,negative,0.1,,1.7975
S0063,2,S0074,3,negative,0.1461,,1.3079
S0050,1,S0091,5,negative,0.1,,3.0106
S0026,1,S0086,1,negative,0.1,,1.8637
S0008,1,S0033,4,negative,0.2232,,1.1536
S0023,3,S0059,7,negative,0.1,,2.804
S0013,7,S0084,4,negative,0.1,,2.3442
S0010,1,S0079,3,negative,0.2719,,1.0561
S0022,1,S0058,7,negative,0.1,,1.5375
S0020,1,S0021,4,negative,0.1,,3.281
S0055,1,S0078,5,negative,0.1,,1.6058
S0050,4,S0075,3,negative,0.1,,4.4249
S0045,7,S0058,8,negative,0.1,,2.21
S0014,5,S0021,4,negative,0.1,,2.1259
S0029,7,S0091,2,negative,0.1,,1.5546
S0058,3,S0081,1,negative,0.271,,1.058
S0031,4,S0083,3,negative,0.1,,2.1842
S0067,4,S0069,4,negative,0.237,,1.1259
S0062,5,S0067,2,negative,0.1,,2.8871
S0015,2,S0062,7,negative,0.1,,2.645
S0072,8,S0079,4,negative,0.1,,2.1303
S0040,2,S0098,8,negative,0.3231,,0.9538
S0001,4,S0073,1,negative,0.3771,,0.8457
S0026,6,S0034,5,negative,0.1,,2.0302
S0007,7,S0063,5,negative,0.528,,0.544
S0002,2,S0015,1,negative,0.1,,1.7908
S0022,6,S0057,3,negative,0.237,,1.126
S0018,7,S0091,2,negative,0.237,,1.1261
S0021,8,S0091,1,negative,0.1,,2.397
S0027,1,S0054,1,negative,0.141,,1.3181
S0033,3,S0083,1,negative,0.1,,3.0946
S0043,7,S0063,3,negative,0.1,,2.0832
S0010,1,S0072,3,negative,0.1,,1.9302
S0007,6,S0029,1,negative,0.2737,,1.0525
S0021,5,S0100,3,negative,0.3366,,0.9268
S0014,6,S0044,3,negative,0.1,,1.6323
S0073,2,S0095,4,negative,0.1,,3.2503
S0011,1,S0029,5,negative,0.1,,2.0548
S0062,7,S0071,7,negative,0.1,,3.5115
S0038,4,S0084,5,negative,0.1,,2.7688
S0014,6,S0092,6,negative,0.1,,1.8781
S0004,8,S0015,6,negative,0.1,,3.3798
S0014,2,S0016,1,negative,0.1411,,1.3178
S0070,5,S0094,5,negative,0.2342,,1.1315
S0039,5,S0061,2,negative,0.303,,0.994
S0058,8,S0085,8,negative,0.1,,2.9132
S0015,3,S0038,3,negative,0.1352,,1.3296
S0051,6,S0053,7,negative,0.1,,1.8983
S0025,7,S0056,4,negative,0.1,,1.9144
S0029,1,S0041,3,negative,0.1,,2.0072
S0044,8,S0059,3,negative,0.1,,2.5843
S0022,5,S0032,3,negative,0.1172,,1.3657
S0051,2,S0068,1,negative,0.3071,,0.9858
S0037,7,S0098,7,negative,0.323,,0.9539
S0056,5,S0057,8,negative,0.1,,1.5658
S0009,4,S0071,4,negative,0.1,,1.5088
S0004,3,S0009,1,negative,0.1,,3.0847
S0018,8,S0046,4,negative,0.3289,,0.9423
S0007,2,S0028,3,negative,0.1,,3.5907
S0011,8,S0020,6,negative,0.1,,1.7277
S0094,7,S0097,4,negative,0.3601,,0.8799
S0049,2,S0056,7,negative,0.1,,2.3457
S0003,7,S0034,5,negative,0.1822,,1.2355
S0049,3,S0090,1,negative,0.1,,2.8456
S0055,8,S0076,3,negative,0.3995,,0.801
S0015,2,S0066,3,negative,0.1,,2.4085
S0029,8,S0099,5,negative,0.1,,1.4381
S0044,6,S0072,1,negative,0.1193,,1.3615
S0008,4,S0046,6,negative,0.3206,,0.9589
S0045,6,S0089,6,negative,0.4114,,0.7772
S0082,3,S0092,2,negative,0.1,,2.2035
S0064,3,S0070,4,negative,0.1,,3.3071
S0043,8,S0087,1,negative,0.1,,3.3492
S0004,2,S0060,6,negative,0.1,,2.1873
S0004,7,S0084,2,negative,0.4338,,0.7325
S0054,2,S0079,5,negative,0.1,,2.6734
S0042,1,S0092,8,negative,0.1,,1.6662
S0043,7,S0096,1,negative,0.1,,3.9383
S0093,7,S0099,4,negative,0.1,,1.7092
S0040,7,S0093,4,negative,0.1,,1.9593
S0064,8,S0083,4,negative,0.1,,3.7155
S0041,2,S0099,6,negative,0.2077,,1.1846
S0059,3,S0066,2,negative,0.1,,1.5181
S0015,6,S0068,2,negative,0.1,,3.3067
S0046,4,S0068,5,negative,0.1,,2.7459
S0047,5,S0049,2,negative,0.1,,4.3435
S0060,4,S0074,2,negative,0.2827,,1.0347
S0071,1,S0094,1,negative,0.1,,2.6068
S0001,7,S0014,8,negative,0.1,,1.7587
S0003,8,S0084,2,negative,0.1,,4.0341
S0038,8,S0092,6,negative,0.3051,,0.9898
S0094,3,S0095,7,negative,0.1,,1.7109
S0004,3,S0020,1,negative,0.1,,2.2434
S0018,4,S0090,4,negative,0.2252,,1.1495
S0017,8,S0092,1,negative,0.2753,,1.0494
S0015,4,S0073,4,negative,0.1,,3.3426
S0031,3,S0084,3,negative,0.1,,2.969
S0015,6,S0047,8,negative,0.1,,1.4291
S0004,3,S0063,4,negative,0.1,,2.8372
S0068,4,S0080,8,negative,0.1,,3.3398
S0086,8,S0098,8,negative,0.1,,1.6391
S0021,6,S0050,6,negative,0.1,,5.0997
S0065,5,S0085,4,negative,0.1,,2.0514
S0045,8,S0056,2,negative,0.1,,1.8973
S0017,7,S0023,4,negative,0.3106,,0.9789
S0035,5,S0092,7,negative,0.3473,,0.9054
S0023,3,S0057,6,negative,0.1,,1.4016
S0084,2,S0091,1,negative,0.1,,1.9716
S0020,8,S0047,7,negative,0.1,,2.4672
S0056,7,S0090,5,negative,0.1917,,1.2166
S0022,5,S0041,8,negative,0.1,,3.4311
S0015,7,S0082,1,negative,0.1,,1.695
S0048,5,S0064,2,negative,0.1,,1.6381
S0030,8,S0038,6,negative,0.1378,,1.3243
S0069,5,S0086,8,negative,0.4174,,0.7652
S0026,1,S0066,1,negative,0.4342,,0.7316
S0078,6,S0085,4,negative,0.1,,3.097
S0023,1,S0098,8,negative,0.1,,1.5034
S0033,4,S0046,1,negative,0.2055,,1.189
S0024,6,S0079,6,negative,0.1,,1.7129
S0018,8,S0036,7,negative,0.3484,,0.9032
S0021,8,S0086,4,negative,0.1,,3.7172
S0039,4,S0099,3,negative,0.3268,,0.9463
S0027,3,S0066,3,negative,0.162,,1.2759
S0012,8,S0085,3,negative,0.1652,,1.2697
S0032,3,S0067,6,negative,0.1,,1.5478
S0037,4,S0078,4,negative,0.1,,1.5097
S0088,6,S0095,8,negative,0.1,,1.6252
S0064,4,S0090,5,negative,0.1,,1.4231
S0006,6,S0010,7,negative,0.4152,,0.7695
S0078,4,S0088,5,negative,0.1342,,1.3315
S0039,6,S0091,1,negative,0.3516,,0.8967
S0067,7,S0076,5,negative,0.1,,1.9139
S0025,4,S0077,8,negative,0.1,,1.5281
S0055,1,S0094,5,negative,0.285,,1.03
S0044,7,S0056,8,negative,0.2424,,1.1153
S0075,3,S0079,8,negative,0.1,,3.6548
S0085,6,S0095,8,negative,0.1,,3.3214
S0064,5,S0092,8,negative,0.1,,1.6647
S0068,3,S0098,2,negative,0.1277,,1.3446
S0083,1,S0099,7,negative,0.1,,1.5025
S0057,4,S0099,8,negative,0.1,,2.0097
S0005,8,S0011,5,negative,0.1765,,1.2471
S0037,8,S0074,4,negative,0.3491,,0.9017
S0021,5,S0043,7,negative,0.1,,1.8187
S0047,2,S0060,8,negative,0.1,,2.5367
S0002,2,S0033,3,negative,0.1,,1.9139
S0006,6,S0095,8,negative,0.3566,,0.8867
S0062,3,S0068,5,negative,0.2203,,1.1594
S0014,7,S0025,4,negative,0.2642,,1.0717
S0024,8,S0037,8,negative,0.1,,3.0846
S0029,6,S0056,6,negative,0.348,,0.904
S0020,1,S0098,6,negative,0.1437,,1.3125
S0044,6,S0073,7,negative,0.1,,2.3405
S0089,2,S0097,5,negative,0.1,,1.4281
S0048,7,S0071,8,negative,0.1,,1.7782
S0058,4,S0100,6,negative,0.1,,3.6562
S0028,6,S0032,3,negative,0.1,,5.6187
S0061,4,S0091,3,negative,0.2181,,1.1638
S0019,2,S0083,1,negative,0.3768,,0.8464
S0007,4,S0092,6,negative,0.3085,,0.9831
S0041,1,S0073,8,negative,0.2365,,1.127
S0024,3,S0082,8,negative,0.3868,,0.8265
S0010,1,S0066,8,negative,0.1,,2.1647
S0019,5,S0030,2,negative,0.1,,1.5624
S0020,4,S0034,4,negative,0.2977,,1.0046
S0010,5,S0059,6,negative,0.1,,3.2918
S0040,2,S0086,5,negative,0.2122,,1.1756
S0073,2,S0100,4,negative,0.2235,,1.153
S0029,7,S0100,4,negative,0.1,,3.3852
S0045,7,S0067,4,negative,0.1,,2.8244
S0020,6,S0031,1,negative,0.3805,,0.8391
S0041,2,S0096,3,negative,0.1,,3.9221
S0016,2,S0064,3,negative,0.1,,2.1399
S0040,5,S0080,5,negative,0.1,,1.6621
S0013,2,S0057,7,negative,0.1,,1.9018
S0029,6,S0092,4,negative,0.3363,,0.9273
S0065,1,S0096,3,negative,0.1,,3.0209
S0020,7,S0099,2,negative,0.3105,,0.9789
S0004,1,S0062,2,negative,0.2797,,1.0407
S0020,1,S0061,8,negative,0.1576,,1.2847
S0069,2,S0093,5,negative,0.1,,2.5763
S0078,4,S0079,8,negative,0.3518,,0.8964
S0008,8,S0028,6,negative,0.1,,3.5558
S0032,3,S0082,7,negative,0.3389,,0.9222
S0031,6,S0093,4,negative,0.1,,2.4689
S0030,1,S0039,5,negative,0.2236,,1.1528
S0076,4,S0091,6,negative,0.2696,,1.0609
S0042,7,S0074,6,negative,0.1,,2.6393
S0043,5,S0075,3,negative,0.1776,,1.2448
S0027,3,S0087,1,negative,0.1,,2.2139
S0007,1,S0080,7,negative,0.2769,,1.0462
S0082,1,S0098,6,negative,0.1,,3.6059
S0053,7,S0073,8,negative,0.1,,1.9155
S0001,8,S0050,8,negative,0.1,,4.5012
S0008,5,S0060,1,negative,0.3254,,0.9492
S0018,1,S0057,8,negative,0.1,,1.7699
S0073,2,S0076,6,negative,0.1,,2.0185
S0086,4,S0093,5,negative,0.1,,2.6344
S0073,8,S0090,8,negative,0.1,,2.9532
S0017,2,S0040,8,negative,0.1274,,1.3453
S0018,4,S0034,3,negative,0.1952,,1.2095
S0046,7,S0074,4,negative,0.1401,,1.3198
S0016,4,S0018,5,negative,0.3855,,0.8289
S0070,8,S0080,7,negative,0.1,,2.491
S0081,1,S0087,2,negative,0.1,,2.0874
S0003,1,S0051,3,negative,0.1,,3.6362
S0087,6,S0099,7,negative,0.1,,2.3642
S0006,8,S0019,8,negative,0.1,,3.036
S0035,1,S0048,8,negative,0.3556,,0.8889
S0006,7,S0098,1,negative,0.1,,2.1667
S0030,7,S0042,1,negative,0.1,,2.8202
S0032,3,S0079,7,negative,0.1,,1.7164
S0029,6,S0070,2,negative,0.1,,1.9281
S0042,3,S0100,2,negative,0.1,,4.9275
S0067,8,S0073,6,negative,0.1,,3.5926
S0043,7,S0058,5,negative,0.1,,2.2495
S0028,8,S0098,7,negative,0.1,,2.1464
S0014,8,S0030,1,negative,0.1911,,1.2178
S0048,3,S0059,4,negative,0.1,,2.9784
S0004,4,S0065,4,negative,0.1,,2.0716
S0028,3,S0031,8,negative,0.1,,3.3692
S0026,6,S0088,2,negative,0.1829,,1.2342
S0024,1,S0054,8,negative,0.1,,4.0177
S0006,4,S0075,3,negative,0.1,,3.574
S0030,7,S0070,3,negative,0.101,,1.398
S0046,3,S0065,1,negative,0.1507,,1.2986
S0008,5,S0071,5,negative,0.1,,1.6343
S0060,4,S0097,3,negative,0.2811,,1.0377
S0007,1,S0081,5,negative,0.2499,,1.1003
S0010,6,S0097,7,negative,0.1,,1.5224
S0005,4,S0093,1,negative,0.1,,1.5308
S0026,6,S0071,3,negative,0.1,,3.3551
S0010,7,S0040,5,negative,0.1,,1.4376
S0046,3,S0085,1,negative,0.1,,2.6897
S0052,4,S0069,2,negative,0.1,,3.3851
S0006,2,S0023,3,negative,0.2372,,1.1255
S0001,8,S0065,4,negative,0.1,,2.2458
S0059,4,S0065,3,negative,0.1,,2.1205
S0009,2,S0083,8,negative,0.1,,2.7141
S0017,2,S0067,3,negative,0.1,,1.6296
S0012,8,S0033,5,negative,0.1,,4.5069
S0041,4,S0049,8,negative,0.3552,,0.8896
S0044,6,S0076,1,negative,0.4013,,0.7973
S0059,8,S0089,7,negative,0.2058,,1.1884
S0042,5,S0078,8,negative,0.1031,,1.3937
S0016,2,S0084,2,negative,0.1,,2.6103
S0001,8,S0036,4,negative,0.1,,2.0103
S0038,5,S0058,8,negative,0.2921,,1.0159
S0005,1,S0091,5,negative,0.3873,,0.8255
S0063,8,S0075,5,negative,0.1,,3.0253
S0004,4,S0023,5,negative,0.1,,2.5568
S0006,2,S0039,6,negative,0.1,,1.6724
S0044,8,S0093,2,negative,0.1,,2.1364
S0011,3,S0048,1,negative,0.1,,2.0656
S0048,4,S0068,6,negative,0.1,,2.7107
S0011,4,S0033,8,negative,0.1,,2.752
S0027,7,S0090,8,negative,0.132,,1.3359
S0001,4,S0017,1,negative,0.1,,2.7054
S0015,3,S0032,7,negative,0.1,,1.7312
S0040,4,S0074,5,negative,0.4387,,0.7226
S0011,4,S0095,1,negative,0.1,,2.5309
S0004,3,S0018,8,negative,0.1,,2.1106
S0075,5,S0096,7,negative,0.1,,4.8961
S0004,5,S0013,2,negative,0.1,,1.9161
S0042,3,S0095,3,negative,0.1,,1.4248
S0026,4,S0038,5,negative,0.1,,1.5272
S0092,7,S0096,3,negative,0.1,,2.0134
S0052,4,S0059,4,negative,0.3008,,0.9984
S0011,2,S0049,3,negative,0.3091,,0.9817
S0043,7,S0064,4,negative,0.1,,3.4465
S0016,1,S0051,6,negative,0.1,,2.3562
S0004,1,S0058,3,negative,0.1,,2.9422
S0002,3,S0064,3,negative,0.1,,2.4508
S0010,2,S0026,7,negative,0.1,,2.1884
S0073,1,S0091,4,negative,0.1,,1.5217
S0003,3,S0040,4,negative,0.1,,1.9482
S0047,6,S0059,6,negative,0.1,,4.7988
S0034,1,S0055,4,negative,0.1165,,1.367
S0007,8,S0036,4,negative,0.1,,1.5911
S0070,5,S0072,7,negative,0.289,,1.022
S0053,2,S0086,3,negative,0.1,,1.5478
S0043,6,S0088,2,negative,0.1,,1.5266
S0001,4,S0081,7,negative,0.1,,2.4913
S0043,7,S0099,5,negative,0.1784,,1.2432
S0016,1,S0032,8,negative,0.1,,2.7217
S0027,1,S0035,4,negative,0.314,,0.9721
S0052,8,S0070,5,negative,0.1,,1.6415
S0047,4,S0067,1,negative,0.1593,,1.2813
S0017,1,S0047,2,negative,0.1,,2.4203
S0077,1,S0085,6,negative,0.3864,,0.8272
S0008,3,S0014,2,negative,0.1,,1.8719
S0074,2,S0100,4,negative,0.1,,2.5005
S0047,5,S0077,7,negative,0.1,,4.7745
S0049,3,S0051,7,negative,0.3781,,0.8438
S0067,3,S0097,4,negative,0.1,,2.0812
S0077,8,S0095,2,negative,0.1,,3.4442
S0046,8,S0093,7,negative,0.1,,2.6202
S0023,3,S0080,4,negative,0.1714,,1.2572
S0008,1,S0013,7,negative,0.2459,,1.1082
S0064,3,S0066,1,negative,0.1,,3.2258
S0027,7,S0048,4,negative,0.2285,,1.143
S0009,6,S0011,1,negative,0.1,,2.3977
S0038,6,S0056,5,negative,0.3622,,0.8756
S0024,8,S0095,7,negative,0.1,,1.7288
S0011,8,S0027,4,negative,0.1004,,1.3992
S0055,6,S0065,5,negative,0.3213,,0.9574
S0055,7,S0091,3,negative,0.3478,,0.9044
S0075,2,S0077,8,negative,0.311,,0.978
S0024,1,S0099,5,negative,0.1,,3.0424
S0008,8,S0083,3,negative,0.1,,2.4332
S0046,1,S0077,2,negative,0.1,,2.9342
S0011,2,S0057,2,negative,0.1,,2.9415
S0061,6,S0075,7,negative,0.1,,1.9464
S0012,6,S0029,5,negative,0.1,,3.6429
S0080,4,S0083,8,negative,0.1,,2.9482
S0047,1,S0064,8,negative,0.3284,,0.9432
S0060,5,S0075,1,negative,0.1,,2.4693
S0072,4,S0084,7,negative,0.1,,1.9724
S0048,2,S0060,3,negative,0.2476,,1.1048
S0079,2,S0092,3,negative,0.3374,,0.9251
S0020,2,S0044,3,negative,0.3657,,0.8687
S0003,7,S0075,4,negative,0.1,,3.8049
S0053,1,S0081,2,negative,0.1841,,1.2318
S0041,7,S0090,1,negative,0.1,,2.2833
S0023,5,S0079,8,negative,0.1,,1.4069
S0006,4,S0100,5,negative,0.1,,4.0778
S0003,2,S0082,3,negative,0.1,,1.6106
S0014,6,S0015,6,negative,0.1,,2.4239
S0009,1,S0070,1,negative,0.1,,2.3066
S0011,1,S0073,8,negative,0.2693,,1.0613
S0019,6,S0023,2,negative,0.1,,2.199
S0018,4,S0048,8,negative,0.3039,,0.9923
S0030,3,S0094,6,negative,0.1575,,1.2849
S0003,8,S0090,4,negative,0.2697,,1.0607
S0077,6,S0094,5,negative,0.1,,2.1547
S0018,3,S0042,3,negative,0.1,,2.2716
S0044,8,S0097,3,negative,0.2691,,1.0618
S0034,4,S0098,6,negative,0.1,,1.8068
S0049,8,S0050,5,negative,0.1,,3.9573
S0014,7,S0083,6,negative,0.2241,,1.1519
S0058,5,S0089,6,negative,0.1,,2.4244
S0026,1,S0078,1,negative,0.1,,2.1791
S0012,1,S0079,1,negative,0.1,,4.3404
S0023,3,S0045,5,negative,0.1,,1.9058
S0020,2,S0097,5,negative,0.3103,,0.9795
S0066,1,S0091,8,negative,0.3059,,0.9882
S0045,3,S0077,4,negative,0.1236,,1.3527
S0005,4,S0042,2,negative,0.1,,2.7995
S0043,6,S0046,3,negative,0.1,,2.0964
S0018,1,S0020,3,negative,0.4164,,0.7672
S0011,1,S0023,1,negative,0.1,,2.0162
S0087,3,S0090,2,negative,0.1,,1.4594
S0013,2,S0100,6,negative,0.1,,2.6841
S0010,7,S0025,3,negative,0.1,,2.3649
S0041,1,S0092,2,negative,0.1,,2.0487
S0039,1,S0048,7,negative,0.1975,,1.205
S0001,8,S0038,3,negative,0.1,,2.6131
S0034,2,S0092,2,negative,0.3225,,0.955
S0003,3,S0085,8,negative,0.1,,3.6576
S0033,5,S0086,5,negative,0.2703,,1.0593
S0086,7,S0100,7,negative,0.1,,3.4535
S0054,8,S0060,7,negative,0.1,,1.5952
S0019,4,S0022,4,negative,0.1,,3.7771
S0028,7,S0090,4,negative,0.1,,3.8256
S0019,8,S0036,3,negative,0.1,,1.5395
S0026,2,S0049,8,negative,0.2431,,1.1138
S0055,3,S0061,3,negative,0.349,,0.9021
S0021,1,S0073,4,negative,0.1,,1.4669
S0005,6,S0035,7,negative,0.192,,1.216
S0006,8,S0011,2,negative,0.1,,2.6629
S0043,1,S0077,3,negative,0.1974,,1.2052
S0030,6,S0050,3,negative,0.1,,2.8004
S0031,6,S0088,7,negative,0.3328,,0.9344
S0056,8,S0059,5,negative,0.1,,2.7716
S0035,7,S0088,5,negative,0.2902,,1.0195
S0055,5,S0064,3,negative,0.1,,2.6168
S0038,7,S0085,8,negative,0.1,,2.3617
S0015,6,S0059,3,negative,0.1,,3.6519
S0054,2,S0080,7,negative,0.1,,2.6628
S0062,6,S0099,2,negative,0.1192,,1.3616
S0033,3,S0080,3,negative,0.3784,,0.8432
S0009,6,S0096,2,negative,0.1,,1.8854
S0010,2,S0023,1,negative,0.2501,,1.0998
S0033,7,S0094,4,negative,0.1,,1.9622
S0085,5,S0100,2,negative,0.1955,,1.2091
S0030,5,S0071,7,negative,0.1,,2.7622
S0041,6,S0083,4,negative,0.4064,,0.7873
S0063,8,S0064,1,negative,0.1,,1.5655
S0005,2,S0096,7,negative,0.1,,3.1189
S0046,4,S0076,5,negative,0.2198,,1.1605
S0037,8,S0060,4,negative,0.3381,,0.9239
S0064,7,S0100,2,negative,0.1,,4.8405
S0075,3,S0088,6,negative,0.1,,2.4235
S0032,4,S0089,2,negative,0.1,,4.2618
S0030,2,S0056,2,negative,0.1517,,1.2966
S0007,5,S0087,6,negative,0.1,,1.4376
S0001,3,S0018,6,negative,0.1,,2.4579
S0033,8,S0036,5,negative,0.1,,2.1435
S0051,5,S0089,3,negative,0.2356,,1.1288
S0047,1,S0058,8,negative,0.1,,1.8486
S0002,3,S0067,7,negative,0.1,,1.8948
S0018,6,S0093,3,negative,0.1,,2.0519
S0040,6,S0078,6,negative,0.1052,,1.3896
S0013,6,S0039,8,negative,0.405,,0.7901
S0002,1,S0011,3,negative,0.1409,,1.3181
S0018,2,S0030,6,negative,0.1426,,1.3147
S0015,7,S0069,3,negative,0.2557,,1.0885
S0020,4,S0058,6,negative,0.3066,,0.9869
S0064,8,S0081,2,negative,0.1,,2.27
S0012,1,S0051,7,negative,0.1715,,1.257
S0049,5,S0084,1,negative,0.2521,,1.0958
S0001,1,S0030,4,negative,0.1,,2.048
S0017,6,S0091,8,negative,0.1735,,1.253
S0018,4,S0028,8,negative,0.1,,2.9894
S0006,2,S0016,5,negative,0.1,,1.4337
S0067,1,S0090,2,negative,0.1514,,1.2973
S0031,7,S0059,2,negative,0.1,,2.7906
S0028,7,S0040,5,negative,0.1,,2.8354
S0029,4,S0068,1,negative,0.1,,2.7332
S0002,6,S0085,5,negative,0.1,,1.9269
S0079,1,S0084,2,negative,0.1,,3.7754
S0073,5,S0088,8,negative,0.1,,2.1172
S0029,3,S0048,7,negative,0.3469,,0.9061
S0027,5,S0039,5,negative,0.371,,0.8581
S0024,3,S0063,7,negative,0.1,,2.1207
S0026,3,S0100,6,negative,0.1,,1.7988
S0042,2,S0098,3,negative,0.1,,3.0435
S0032,6,S0084,4,negative,0.1,,5.1962
S0005,8,S0067,3,negative,0.1,,2.1627
S0019,2,S0081,2,negative,0.1,,1.8573
S0030,2,S0099,4,negative,0.3416,,0.9168
S0018,5,S0063,2,negative,0.2369,,1.1262
S0019,6,S0027,2,negative,0.1,,1.7189
S0028,8,S0093,6,negative,0.1942,,1.2116
S0005,3,S0022,8,negative,0.1,,2.5872
S0049,6,S0095,8,negative,0.1,,2.9841
S0023,7,S0051,6,negative,0.1,,2.6591
S0044,1,S0069,2,negative,0.363,,0.8739
S0076,8,S0078,8,negative,0.1027,,1.3946
S0044,2,S0092,4,negative,0.3312,,0.9377
S0012,7,S0097,7,negative,0.1,,2.8656
S0004,5,S0039,7,negative,0.1,,1.862
S0007,7,S0064,6,negative,0.1,,1.5854
S0017,3,S0027,5,negative,0.2863,,1.0275
S0005,5,S0079,7,negative,0.1,,1.896
S0010,2,S0054,2,negative,0.1,,2.33
S0083,1,S0091,2,negative,0.2001,,1.1997
S0012,8,S0092,3,negative,0.1,,3.7496
S0032,3,S0074,8,negative,0.1,,3.2392
S0054,5,S0076,1,negative,0.1322,,1.3356
S0013,6,S0029,2,negative,0.2344,,1.1312
S0070,1,S0088,2,negative,0.1358,,1.3284
S0088,4,S0091,2,negative,0.1904,,1.2191
S0025,2,S0049,3,negative,0.2887,,1.0226
S0040,3,S0096,7,negative,0.1,,2.7958
S0051,5,S0095,5,negative,0.1,,3.3396
S0002,3,S0089,3,negative,0.1,,1.6273
S0068,2,S0075,8,negative,0.3916,,0.8168
S0004,6,S0070,5,negative,0.2448,,1.1104
S0033,3,S0071,1,negative,0.2533,,1.0933
S0031,8,S0040,2,negative,0.3018,,0.9965
S0029,2,S0090,2,negative,0.2622,,1.0757
S0080,1,S0084,6,negative,0.1,,3.7568
S0022,6,S0084,5,negative,0.1,,4.5215
S0043,3,S0082,6,negative,0.1,,4.0874
S0035,8,S0040,1,negative,0.2728,,1.0544
S0059,8,S0092,2,negative,0.1,,3.0675
S0019,6,S0044,8,negative,0.1,,2.0404
S0020,3,S0039,1,negative,0.3717,,0.8566
S0058,7,S0066,3,negative,0.1,,2.041
S0055,5,S0086,1,negative,0.1499,,1.3003
S0073,8,S0080,1,negative,0.1,,3.34
S0034,8,S0095,4,negative,0.3974,,0.8052
S0004,3,S0048,1,negative,0.1,,2.6466
S0044,5,S0094,7,negative,0.2451,,1.1098
S0028,3,S0044,6,negative,0.1,,3.1201
S0016,6,S0047,1,negative,0.1,,2.4876
S0063,6,S0072,3,negative,0.1,,1.6908
S0014,5,S0020,8,negative,0.1,,1.4786
S0052,2,S0075,8,negative,0.2211,,1.1577
S0051,3,S0099,4,negative,0.1,,2.0226
S0051,1,S0097,3,negative,0.1,,1.9262
S0054,7,S0065,2,negative,0.1,,1.4108
S0053,5,S0082,1,negative,0.1,,3.3406
S0009,1,S0082,7,negative,0.1,,2.0336
S0062,3,S0069,1,negative,0.1,,2.0821
S0065,4,S0076,5,negative,0.2883,,1.0234
S0031,1,S0044,5,negative,0.3686,,0.8628
S0072,3,S0099,8,negative,0.3359,,0.9282
S0004,3,S0052,6,negative,0.2834,,1.0331
S0051,4,S0096,7,negative,0.1,,4.7566
S0021,7,S0074,4,negative,0.1,,2.8067
S0033,1,S0034,4,negative,0.2301,,1.1398
S0021,1,S0072,1,negative,0.1,,2.3759
S0051,5,S0077,5,negative,0.3669,,0.8661
S0007,8,S0014,7,negative,0.1,,1.9067
S0086,2,S0094,3,negative,0.1395,,1.321
S0083,7,S0096,8,negative,0.1,,4.2884
S0008,8,S0049,5,negative,0.1,,2.52
S0001,3,S0077,1,negative,0.356,,0.888
S0046,4,S0097,6,negative,0.1189,,1.3621
S0002,1,S0005,3,negative,0.3628,,0.8745
S0035,8,S0043,1,negative,0.1,,1.7589
S0042,7,S0058,2,negative,0.1,,1.56
S0009,1,S0095,6,negative,0.432,,0.7361
S0007,6,S0058,6,negative,0.3891,,0.8219
S0019,5,S0068,8,negative,0.3454,,0.9093
S0015,3,S0071,1,negative,0.1508,,1.2985
S0057,5,S0064,6,negative,0.3556,,0.8887
S0057,1,S0071,3,negative,0.3654,,0.8692
S0009,1,S0060,4,negative,0.1381,,1.3238
S0010,4,S0100,7,negative,0.1,,3.7854
S0005,2,S0031,3,negative,0.1888,,1.2225
S0014,5,S0036,5,negative,0.2591,,1.0817
S0035,7,S0099,8,negative,0.2236,,1.1529
S0053,7,S0098,6,negative,0.3233,,0.9534
S0050,8,S0089,7,negative,0.1,,3.6605
S0035,3,S0075,6,negative,0.1,,2.6848
S0015,8,S0085,4,negative,0.1,,3.369
S0019,8,S0067,3,negative,0.1,,3.2473
S0013,1,S0066,7,negative,0.1614,,1.2773
S0056,2,S0081,7,negative,0.3401,,0.9199
S0040,3,S0085,8,negative,0.1,,2.0423
S0059,6,S0074,7,negative,0.1,,2.0576
S0057,1,S0084,6,negative,0.1,,4.0374
S0011,4,S0017,5,negative,0.1,,1.8184
S0053,3,S0074,3,negative,0.2666,,1.0667
S0082,3,S0097,5,negative,0.1,,3.158
S0002,4,S0042,2,negative,0.1,,2.6444
S0040,8,S0054,8,negative,0.1033,,1.3933
S0047,4,S0048,5,negative,0.1,,2.0669
S0050,5,S0090,2,negative,0.1,,1.5921
S0032,8,S0069,3,negative,0.1,,2.1475
S0027,5,S0063,4,negative,0.2598,,1.0804
S0020,2,S0046,6,negative,0.3421,,0.9158
S0059,5,S0081,8,negative,0.1,,2.5024
S0052,6,S0062,7,negative,0.1,,1.5087
S0066,3,S0084,3,negative,0.1,,1.5869
S0011,1,S0064,7,negative,0.1,,3.4168
S0015,1,S0076,6,negative,0.1,,1.6929
S0071,5,S0095,5,negative,0.1219,,1.3561
S0062,6,S0074,5,negative,0.1645,,1.271
S0050,7,S0096,3,negative,0.3114,,0.9773
S0028,8,S0060,6,negative,0.1,,2.9803
S0016,4,S0070,8,negative,0.1,,1.4347
S0026,4,S0092,2,negative,0.1,,1.9295
S0047,4,S0090,1,negative,0.1,,1.8611
S0088,4,S0092,2,negative,0.2597,,1.0806
S0035,6,S0097,5,negative,0.2463,,1.1074
S0051,8,S0066,5,negative,0.1448,,1.3104
S0005,8,S0071,5,negative,0.1,,2.7295
S0058,2,S0073,2,negative,0.1,,2.9357
S0054,7,S0071,2,negative,0.1,,3.501
S0074,5,S0089,2,negative,0.1,,1.4623
S0022,1,S0067,6,negative,0.1763,,1.2475
S0058,4,S0078,6,negative,0.4225,,0.755
S0003,8,S0078,2,negative,0.2916,,1.0167
S0032,5,S0042,2,negative,0.2453,,1.1094
S0057,3,S0060,2,negative,0.1,,1.5969
S0064,8,S0095,1,negative,0.216,,1.168
S0036,8,S0061,4,negative,0.4415,,0.7171
S0001,1,S0078,4,negative,0.1,,3.4128
S0003,3,S0019,5,negative,0.1,,3.3044
S0061,3,S0065,7,negative,0.1,,1.4135
S0052,7,S0067,4,negative,0.1,,4.1719
S0022,7,S0082,8,negative,0.1996,,1.2007
S0017,1,S0097,1,negative,0.2763,,1.0475
S0021,2,S0096,1,negative,0.1,,5.6071
S0046,2,S0100,6,negative,0.1,,3.4641
S0068,6,S0076,8,negative,0.1,,1.9485
S0052,2,S0085,8,negative,0.2035,,1.1929
S0007,1,S0050,8,negative,0.1,,1.6769
S0063,7,S0078,6,negative,0.3995,,0.8011
S0002,2,S0069,7,negative,0.2025,,1.195
S0030,7,S0095,4,negative,0.1,,1.9282
S0007,1,S0039,3,negative,0.2,,1.1999
S0012,4,S0078,3,negative,0.1,,4.0503
S0033,7,S0043,1,negative,0.1,,2.7468
S0027,5,S0086,7,negative,0.2665,,1.067
S0011,7,S0070,7,negative,0.2346,,1.1307
S0022,1,S0046,4,negative,0.1,,1.7052
S0027,7,S0036,5,negative,0.2193,,1.1614
S0066,6,S0085,3,negative,0.213,,1.1741
S0026,7,S0075,1,negative,0.1,,1.4592
S0013,5,S0015,3,negative,0.1,,1.6218
S0056,2,S0095,3,negative,0.1549,,1.2903
S0046,1,S0058,1,negative,0.4052,,0.7897
S0038,2,S0045,3,negative,0.1,,1.7829
S0041,5,S0043,7,negative,0.428,,0.744
S0013,1,S0030,5,negative,0.1472,,1.3055
S0024,3,S0080,6,negative,0.1,,1.7068
S0006,1,S0035,4,negative,0.2071,,1.1857
S0035,5,S0082,5,negative,0.1,,2.5511
S0015,7,S0095,7,negative,0.3759,,0.8483
S0012,8,S0027,6,negative,0.1,,3.0417
S0037,8,S0097,4,negative,0.2891,,1.0218
S0021,4,S0033,3,negative,0.1,,4.4337
S0051,7,S0088,5,negative,0.1,,2.2528
S0032,8,S0051,2,negative,0.1,,4.8289
S0057,4,S0091,6,negative,0.1,,2.4108
S0010,3,S0078,7,negative,0.4114,,0.7772
S0021,8,S0089,6,negative,0.1,,1.7149
S0011,4,S0055,2,negative,0.1958,,1.2085
S0041,4,S0088,2,negative,0.1,,1.5617
S0022,2,S0042,4,negative,0.3695,,0.861
S0046,6,S0099,3,negative,0.1092,,1.3816
S0010,1,S0098,4,negative,0.1,,1.9
S0011,7,S0063,8,negative,0.1,,2.1163
S0018,4,S0082,5,negative,0.1,,2.8214
S0025,5,S0026,2,negative,0.3824,,0.8351
S0003,5,S0080,1,negative,0.3191,,0.9618
S0062,2,S0088,7,negative,0.1,,1.5016
S0007,2,S0051,3,negative,0.1,,2.8848
S0014,1,S0037,6,negative,0.2309,,1.1381
S0025,6,S0036,4,negative,0.1301,,1.3398
S0056,6,S0077,1,negative,0.1,,2.7648
S0015,7,S0020,5,negative,0.115,,1.3699
S0033,2,S0051,5,negative,0.1,,3.5913
S0034,1,S0082,1,negative,0.1,,2.1166
S0049,4,S0054,6,negative,0.296,,1.008
S0043,3,S0073,5,negative,0.2841,,1.0318
S0043,3,S0094,4,negative,0.1,,1.4492
S0025,3,S0074,3,negative,0.1942,,1.2115
S0006,7,S0056,2,negative,0.1427,,1.3147
S0015,3,S0051,3,negative,0.1,,3.4553
S0021,6,S0048,8,negative,0.1,,3.709
S0018,4,S0058,4,negative,0.2539,,1.0922
S0038,8,S0063,4,negative,0.3015,,0.9969
S0060,1,S0087,5,negative,0.1,,2.0365
S0020,1,S0090,8,negative,0.1919,,1.2163
S0062,6,S0076,8,negative,0.1774,,1.2452
S0031,1,S0071,5,negative,0.1,,1.8817
S0047,7,S0082,6,negative,0.3306,,0.9387
S0027,1,S0058,2,negative,0.187,,1.226
S0039,5,S0075,2,negative,0.1,,2.1869
S0006,2,S0063,8,negative,0.4205,,0.759
S0001,7,S0008,7,negative,0.1,,3.0426
S0058,4,S0060,1,negative,0.2912,,1.0176
S0006,6,S0086,3,negative,0.2753,,1.0495
S0037,2,S0061,3,negative,0.3286,,0.9428
S0026,4,S0041,4,negative,0.3846,,0.8309
S0020,6,S0030,1,negative,0.1161,,1.3679
S0018,1,S0092,1,negative,0.2985,,1.003
S0001,4,S0041,2,negative,0.1426,,1.3149
S0054,7,S0083,1,negative,0.2992,,1.0017
S0010,8,S0049,2,negative,0.1,,2.8457
S0001,8,S0019,1,negative,0.174,,1.2519
S0081,1,S0088,6,negative,0.2956,,1.0087
S0088,2,S0089,6,negative,0.1,,1.7118
S0029,6,S0071,2,negative,0.1,,1.7944
S0035,1,S0080,5,negative,0.1212,,1.3577
S0005,4,S0023,4,negative,0.1711,,1.2577
S0056,5,S0075,7,negative,0.1,,2.7149
S0012,8,S0077,8,negative,0.255,,1.09
S0009,4,S0074,3,negative,0.1,,1.6688
S0043,5,S0089,8,negative,0.3963,,0.8075
S0012,6,S0021,1,negative,0.3785,,0.8431
S0014,6,S0078,4,negative,0.1,,2.108
S0026,6,S0073,8,negative,0.1885,,1.2231
S0043,1,S0059,4,negative,0.1897,,1.2206
S0076,6,S0085,1,negative,0.1,,1.9698
S0036,8,S0072,5,negative,0.2962,,1.0076
S0062,6,S0066,6,negative,0.3458,,0.9084
S0051,3,S0084,5,negative,0.3049,,0.9901
S0011,7,S0066,7,negative,0.3635,,0.8729
S0024,6,S0057,6,negative,0.1,,1.4105
S0077,8,S0084,8,negative,0.3401,,0.9199
S0065,5,S0080,4,negative,0.1,,1.7165
S0022,7,S0023,4,negative,0.1,,1.8985
S0056,3,S0096,7,negative,0.1,,2.5171
S0024,8,S0096,6,negative,0.3721,,0.8558
S0009,8,S0076,2,negative,0.1,,1.4526
S0014,4,S0091,7,negative,0.2411,,1.1179
S0023,8,S0075,4,negative,0.1,,2.8418
S0015,7,S0048,7,negative,0.2165,,1.167
S0020,3,S0057,8,negative,0.1,,1.6037
S0075,2,S0094,6,negative,0.1,,2.2661
S0005,7,S0092,6,negative,0.1019,,1.3962
S0080,8,S0093,3,negative,0.1,,3.1498
S0027,6,S0099,4,negative,0.4713,,0.6574
S0009,4,S0093,8,negative,0.1,,2.922
S0035,5,S0049,1,negative,0.1,,2.2752
S0018,2,S0079,3,negative,0.1,,1.5044
S0009,5,S0013,3,negative,0.1,,1.4712
S0038,7,S0071,6,negative,0.1,,2.1719
S0003,3,S0024,7,negative,0.1158,,1.3684
S0001,4,S0100,8,negative,0.2901,,1.0197
S0081,4,S0085,1,negative,0.1,,2.3495
S0079,7,S0098,8,negative,0.1,,2.2319
S0035,4,S0047,6,negative,0.1,,2.2456
S0014,5,S0093,6,negative,0.1653,,1.2695
S0014,5,S0031,8,negative,0.1,,1.631
S0006,2,S0097,2,negative,0.1,,1.8283
S0024,3,S0051,1,negative,0.1,,4.7951
S0026,6,S0085,7,negative,0.1401,,1.3199
S0009,1,S0041,8,negative,0.1,,2.3371
S0037,3,S0099,5,negative,0.2821,,1.0358
S0014,8,S0050,1,negative,0.1,,3.1719
S0080,4,S0098,1,negative,0.1,,2.1744
S0070,7,S0090,1,negative,0.1,,2.2007
S0050,2,S0070,5,negative,0.1,,3.3336
S0042,5,S0076,1,negative,0.1,,2.5316
S0054,7,S0093,6,negative,0.2964,,1.0071
S0072,6,S0088,2,negative,0.2196,,1.1607
S0018,2,S0084,4,negative,0.1,,2.5915
S0027,3,S0083,3,negative,0.1,,1.6241
S0051,6,S0061,5,negative,0.1,,1.7123
S0002,7,S0044,1,negative,0.3727,,0.8546
S0034,1,S0071,6,negative,0.1,,1.671
S0053,8,S0068,4,negative,0.1,,1.7631
S0016,6,S0017,8,negative,0.2811,,1.0378
S0052,8,S0089,3,negative,0.1,,1.4227
S0029,2,S0043,6,negative,0.1,,2.0543
S0039,5,S0095,6,negative,0.1,,1.6104
S0042,8,S0049,4,negative,0.1,,4.0626
S0046,4,S0084,8,negative,0.1,,3.1446
S0017,7,S0080,6,negative,0.1,,1.526
S0004,3,S0022,7,negative,0.1,,4.0539
S0020,4,S0029,4,negative,0.3658,,0.8684
S0054,1,S0069,7,negative,0.1,,2.1401
S0024,6,S0069,2,negative,0.1,,2.2085
S0039,8,S0072,1,negative,0.2693,,1.0613
S0023,7,S0033,3,negative,0.1538,,1.2924
S0018,6,S0040,1,negative,0.3651,,0.8698
S0009,1,S0080,8,negative,0.3818,,0.8364
S0040,3,S0094,4,negative,0.3376,,0.9248
S0023,1,S0052,6,negative,0.1,,3.2023
S0053,3,S0089,5,negative,0.1,,1.4649
S0098,6,S0099,5,negative,0.323,,0.954
S0061,7,S0074,2,negative,0.3558,,0.8884
S0030,5,S0092,6,negative,0.1,,1.4385
S0041,2,S0081,8,negative,0.1,,1.5099
S0013,8,S0053,4,negative,0.3854,,0.8292
S0009,4,S0086,3,negative,0.2411,,1.1177
S0004,6,S0072,5,negative,0.1,,1.6099
S0040,1,S0048,3,negative,0.2363,,1.1274
S0003,3,S0091,2,negative,0.1,,2.3186
S0033,3,S0038,5,negative,0.1,,1.6012
S0035,4,S0078,2,negative,0.235,,1.1301
S0035,7,S0038,5,negative,0.2953,,1.0094
S0048,3,S0065,1,negative,0.1219,,1.3561
S0023,4,S0034,4,negative,0.1946,,1.2108
S0053,3,S0057,3,negative,0.1,,2.2066
S0013,5,S0042,1,negative,0.1,,2.5158
S0021,6,S0098,2,negative,0.1,,2.2988
S0066,8,S0067,3,negative,0.1,,2.7127
S0042,7,S0079,2,negative,0.1828,,1.2344
S0051,4,S0093,4,negative,0.236,,1.128
S0019,2,S0079,8,negative,0.1,,3.0963
S0041,6,S0050,5,negative,0.1,,3.4184
S0056,7,S0092,4,negative,0.2814,,1.0371
S0036,6,S0054,3,negative,0.1465,,1.3071
S0045,6,S0090,2,negative,0.1,,2.3193
S0069,1,S0076,8,negative,0.2461,,1.1079
S0047,5,S0070,3,negative,0.1,,3.7432
S0050,8,S0052,7,negative,0.1,,4.717
S0068,6,S0077,8,negative,0.3333,,0.9334
S0037,8,S0062,7,negative,0.236,,1.128
S0003,1,S0092,5,negative,0.1728,,1.2544
S0011,3,S0021,5,negative,0.1,,1.9748
S0011,3,S0062,3,negative,0.4225,,0.7551
S0032,6,S0040,2,negative,0.1,,3.0139
S0043,4,S0085,6,negative,0.2402,,1.1197
S0039,5,S0041,5,negative,0.1528,,1.2945
S0033,6,S0055,2,negative,0.1,,1.9976
S0001,7,S0010,4,negative,0.1,,3.3351
S0043,4,S0069,5,negative,0.1,,2.1083
S0039,1,S0044,8,negative,0.3294,,0.9413
S0061,5,S0098,5,negative,0.3739,,0.8522
S0044,7,S0074,1,negative,0.2637,,1.0725
S0013,3,S0023,7,negative,0.1245,,1.3509
S0013,8,S0091,8,negative,0.2219,,1.1562
S0024,6,S0072,7,negative,0.1,,3.5419
S0072,8,S0078,3,negative,0.1,,1.9973
S0039,2,S0047,2,negative,0.1,,2.8692
S0078,4,S0090,3,negative,0.4399,,0.7202
S0075,7,S0082,6,negative,0.1,,5.0113
S0043,3,S0067,6,negative,0.1,,2.9013
S0097,6,S0099,8,negative,0.347,,0.9061
S0029,7,S0045,5,negative,0.1,,2.0095
S0051,1,S0094,7,negative,0.1,,2.0833
S0043,5,S0091,5,negative,0.3685,,0.863
S0032,8,S0037,1,negative,0.1,,3.1332
S0033,2,S0072,2,negative,0.1,,2.3461
S0023,8,S0076,7,negative,0.1839,,1.2321
S0001,5,S0067,4,negative,0.1,,3.8862
S0012,8,S0023,7,negative,0.1,,3.55
S0068,6,S0083,8,negative,0.235,,1.1299
S0034,6,S0069,8,negative,0.3341,,0.9318
S0004,8,S0099,6,negative,0.1,,1.9984
S0018,6,S0038,8,negative,0.4056,,0.7888
S0010,5,S0070,5,negative,0.1,,2.3174
S0038,3,S0083,7,negative,0.1,,2.079
S0041,1,S0087,2,negative,0.1,,3.2347
S0020,1,S0066,8,negative,0.1,,1.5324
S0058,3,S0079,1,negative,0.3589,,0.8822
S0044,8,S0090,1,negative,0.1822,,1.2356
S0015,6,S0091,2,negative,0.1,,2.2092
S0002,7,S0045,3,negative,0.1484,,1.3033
S0002,2,S0010,4,negative,0.1,,1.4844
S0029,3,S0037,4,negative,0.189,,1.222
S0005,1,S0027,4,negative,0.3321,,0.9357
S0057,2,S0086,8,negative,0.1583,,1.2835
S0061,4,S0090,8,negative,0.1,,1.9038
S0039,4,S0100,2,negative,0.1,,2.6216
S0043,5,S0052,6,negative,0.1,,1.6645
S0034,4,S0043,5,negative,0.1,,2.3073
S0049,4,S0100,7,negative,0.1307,,1.3387
S0016,7,S0030,1,negative,0.1862,,1.2275
S0004,6,S0010,4,negative,0.1,,3.0944
S0027,8,S0061,2,negative,0.1973,,1.2054
S0063,8,S0092,4,negative,0.396,,0.808
S0001,4,S0094,7,negative,0.1,,2.2443
S0034,3,S0063,8,negative,0.3927,,0.8146
S0022,6,S0025,8,negative,0.1,,3.345
S0047,3,S0086,5,negative,0.1,,2.0478
S0036,7,S0082,1,negative,0.1,,3.2722
S0023,7,S0084,7,negative,0.1,,2.9883
S0013,4,S0093,1,negative,0.1,,1.8079
S0026,7,S0070,1,negative,0.4181,,0.7639
S0075,6,S0099,1,negative,0.1,,2.1197
S0058,3,S0071,2,negative,0.1,,1.6838
S0042,3,S0067,7,negative,0.1526,,1.2948
S0028,8,S0033,3,negative,0.1,,4.3315
S0030,4,S0079,7,negative,0.1,,2.1279
S0016,6,S0048,1,negative,0.2711,,1.0577
S0018,3,S0024,2,negative,0.1,,2.818
S0048,8,S0081,1,negative,0.2309,,1.1382
S0005,6,S0073,5,negative,0.1,,1.7794
S0039,3,S0060,7,negative,0.4393,,0.7214
S0013,4,S0081,8,negative,0.2741,,1.0518
S0025,7,S0043,7,negative,0.3452,,0.9096
S0032,6,S0081,1,negative,0.1,,2.8241
S0036,8,S0069,4,negative,0.1,,1.4689
S0028,1,S0049,6,negative,0.1265,,1.3471
S0084,4,S0100,3,negative,0.3593,,0.8814
S0004,6,S0014,3,negative,0.1119,,1.3763
S0048,5,S0056,1,negative,0.1921,,1.2158
S0051,5,S0057,6,negative,0.1,,3.6997
S0012,2,S0100,7,negative,0.3677,,0.8646
S0024,5,S0028,6,negative,0.1,,5.5888
S0058,8,S0080,2,negative,0.3313,,0.9374
S0059,5,S0071,7,negative,0.1,,4.457
S0045,7,S0057,3,negative,0.1,,2.8828
S0048,7,S0089,2,negative,0.1,,2.317
S0052,2,S0056,4,negative,0.1,,3.0839
S0047,7,S0083,4,negative,0.1,,4.2118
S0017,8,S0039,6,negative,0.1922,,1.2157
S0020,4,S0073,6,negative,0.1,,2.4411
S0050,8,S0085,4,negative,0.1,,4.1442
S0085,4,S0088,5,negative,0.1,,2.0554
S0010,5,S0069,7,negative,0.4012,,0.7976
S0019,4,S0077,6,negative,0.2054,,1.1892
S0081,5,S0090,4,negative,0.1283,,1.3433
S0017,7,S0042,3,negative,0.1,,2.2137
S0041,7,S0044,7,negative,0.1,,1.6689
S0076,6,S0077,4,negative,0.1,,2.1789
S0023,1,S0042,2,negative,0.1,,2.058
S0053,2,S0095,3,negative,0.1,,1.8696
S0001,7,S0004,7,negative,0.2919,,1.0161
S0074,2,S0094,3,negative,0.3114,,0.9771
S0021,1,S0042,8,negative,0.1,,5.1857
S0018,4,S0088,7,negative,0.4385,,0.723
S0092,3,S0093,3,negative,0.1,,2.6525
S0012,1,S0056,2,negative,0.1,,3.4945
S0052,2,S0094,7,negative,0.1,,2.3916
S0046,6,S0053,8,negative,0.1253,,1.3495
S0066,2,S0070,4,negative,0.3786,,0.8428
S0022,3,S0052,1,negative,0.1,,4.6772
S0034,4,S0093,8,negative,0.1,,2.7819
S0012,2,S0081,7,negative,0.1,,3.2415
S0010,7,S0061,5,negative,0.1,,1.9927
S0019,6,S0085,7,negative,0.2612,,1.0776
S0057,4,S0070,6,negative,0.1,,2.8362
S0060,5,S0073,8,negative,0.1,,2.2455
S0017,6,S0086,2,negative,0.2202,,1.1595
S0017,6,S0089,2,negative,0.1,,1.9395
S0047,5,S0065,7,negative,0.1,,2.8852
S0011,1,S0045,4,negative,0.3566,,0.8868
S0036,3,S0091,6,negative,0.2766,,1.0467
S0047,8,S0076,7,negative,0.1,,2.8498
S0015,1,S0016,3,negative,0.1185,,1.363
S0032,2,S0036,4,negative,0.1,,3.3257
S0021,2,S0025,1,negative,0.1,,2.0092
S0032,6,S0070,7,negative,0.1,,3.9779
S0011,7,S0038,7,negative,0.1,,1.718
S0009,7,S0087,1,negative,0.1838,,1.2324
S0036,1,S0080,6,negative,0.1,,1.9006
S0039,5,S0043,7,negative,0.1492,,1.3016
S0024,4,S0034,3,negative,0.1,,2.0747
S0026,4,S0033,7,negative,0.1,,2.6091
S0008,6,S0052,1,negative,0.1,,3.3114
S0061,4,S0083,3,negative,0.1,,1.4868
S0003,4,S0007,4,negative,0.2294,,1.1411
S0060,3,S0092,3,negative,0.3534,,0.8931
S0053,3,S0094,3,negative,0.4157,,0.7685
S0030,8,S0078,4,negative,0.1,,1.8905
S0036,6,S0086,5,negative,0.1,,1.5294
S0018,8,S0044,5,negative,0.4442,,0.7116
S0076,3,S0098,4,negative,0.3106,,0.9789
S0003,5,S0093,2,negative,0.1,,3.4659
S0094,4,S0096,3,negative,0.1,,2.9979
S0068,1,S0087,4,negative,0.1,,4.0494
S0061,7,S0099,2,negative,0.2307,,1.1385
S0002,8,S0026,8,negative,0.2031,,1.1938
S0031,6,S0043,6,negative,0.1,,1.9145
S0038,1,S0041,4,negative,0.1,,1.6382
S0065,3,S0071,3,negative,0.1,,2.5583
S0029,4,S0059,2,negative,0.1,,2.9567
S0060,8,S0098,5,negative,0.2356,,1.1289
S0068,4,S0090,4,negative,0.1,,3.0255
S0031,8,S0096,4,negative,0.1,,2.2716
S0012,8,S0088,2,negative,0.1,,2.9818
S0084,3,S0098,4,negative,0.1,,1.8219
S0046,1,S0098,5,negative,0.1,,1.5538
S0021,7,S0036,1,negative,0.1,,2.6986
S0018,4,S0097,7,negative,0.3212,,0.9576
S0071,3,S0075,2,negative,0.1,,4.4171
S0091,3,S0093,3,negative,0.1143,,1.3713
S0038,4,S0059,1,negative,0.1,,2.6958
S0087,6,S0097,1,negative,0.1,,2.4145
S0013,2,S0016,1,negative,0.4032,,0.7935
S0038,5,S0090,1,negative,0.2065,,1.1869
S0055,3,S0095,5,negative,0.1,,1.7328
S0014,6,S0068,4,negative,0.1335,,1.3329
S0008,7,S0100,5,negative,0.1,,3.4215
S0054,5,S0070,5,negative,0.2742,,1.0516
S0058,4,S0075,6,negative,0.1,,3.192
S0027,7,S0050,5,negative,0.1,,2.3547
S0007,2,S0086,1,negative,0.3935,,0.8129
S0008,2,S0070,8,negative,0.1,,1.9852
S0006,5,S0037,2,negative,0.1,,1.6848
S0038,7,S0064,4,negative,0.1,,2.0409
S0017,1,S0045,3,negative,0.1,,1.8762
S0047,7,S0062,3,negative,0.1,,3.8157
S0049,7,S0053,8,negative,0.1,,1.6761
S0022,6,S0072,4,negative,0.1,,2.9581
S0052,5,S0096,8,negative,0.1,,5.2182
S0011,8,S0041,4,negative,0.4088,,0.7824
S0082,8,S0090,5,negative,0.1,,2.0602
S0025,6,S0088,8,negative,0.1,,1.5842
S0022,2,S0066,3,negative,0.1,,3.2356
S0046,1,S0063,3,negative,0.4535,,0.6929
S0053,3,S0056,8,negative,0.1,,1.4327
S0003,2,S0096,2,negative,0.1,,1.4986
S0023,3,S0095,2,negative,0.135,,1.33
S0022,6,S0076,1,negative,0.1,,2.3556
S0015,1,S0031,8,negative,0.2464,,1.1072
S0010,7,S0046,7,negative,0.3603,,0.8795
S0004,1,S0021,5,negative,0.1217,,1.3566
S0010,5,S0030,2,negative,0.1,,1.7485
S0002,1,S0097,4,negative,0.3353,,0.9295
S0014,6,S0041,6,negative,0.3436,,0.9128
S0009,7,S0022,3,negative,0.1,,1.457
S0074,2,S0097,1,negative,0.3274,,0.9451
S0026,4,S0030,6,negative,0.2727,,1.0547
S0064,5,S0088,5,negative,0.1,,2.3546
S0033,3,S0057,7,negative,0.4421,,0.7157
S0058,3,S0070,3,negative,0.1,,2.0727
S0036,8,S0087,2,negative,0.1,,2.6128
S0005,4,S0072,5,negative,0.3432,,0.9137
S0036,8,S0062,2,negative,0.2325,,1.135
S0021,3,S0092,7,negative,0.1,,3.7382
S0071,6,S0097,6,negative,0.1,,2.583
S0006,8,S0070,6,negative,0.1,,2.5144
S0050,3,S0079,4,negative,0.2314,,1.1372
S0007,8,S0094,1,negative,0.1,,1.4312
S0031,2,S0072,2,negative,0.1,,1.427
S0023,1,S0026,6,negative,0.1,,1.8508
S0036,6,S0083,1,negative,0.1,,1.5234
S0051,2,S0055,6,negative,0.1,,1.844
S0010,5,S0021,2,negative,0.1,,4.0492
S0044,5,S0078,8,negative,0.2216,,1.1568
S0053,6,S0080,8,negative,0.1,,1.8958
S0024,7,S0075,6,negative,0.1,,4.9812
S0071,6,S0080,7,negative,0.1577,,1.2846
S0032,7,S0094,7,negative,0.1,,3.1501
S0064,7,S0098,5,negative,0.1,,2.9498
S0015,4,S0037,4,negative,0.1,,1.7491
S0012,5,S0059,2,negative,0.138,,1.3239
S0070,7,S0075,1,negative,0.1,,1.6071
S0003,5,S0056,6,negative,0.1,,1.4998
S0073,5,S0077,1,negative,0.2697,,1.0605
S0037,8,S0096,7,negative,0.1,,2.9273
S0001,8,S0079,8,negative,0.1,,3.6645
S0043,1,S0061,8,negative,0.201,,1.1981
S0020,1,S0075,5,negative,0.1,,2.6768
S0008,6,S0025,1,negative,0.1,,2.0588
S0073,5,S0099,3,negative,0.1,,1.9225
S0040,1,S0045,8,negative,0.1,,1.488
S0026,5,S0074,7,negative,0.2985,,1.0029
S0001,6,S0080,4,negative,0.1,,3.5924
S0016,6,S0060,1,negative,0.513,,0.574
S0025,4,S0059,7,negative,0.1366,,1.3268
S0064,3,S0071,4,negative,0.3437,,0.9126
S0069,5,S0071,6,negative,0.1,,1.6632
S0008,3,S0034,1,negative,0.2874,,1.0252
S0034,6,S0068,6,negative,0.1,,2.8812
S0064,4,S0067,6,negative,0.3007,,0.9986
S0070,7,S0091,4,negative,0.2819,,1.0361
S0035,5,S0072,6,negative,0.1472,,1.3055
S0009,1,S0069,5,negative,0.3246,,0.9509
S0015,5,S0099,8,negative,0.1,,1.8121
S0059,2,S0093,8,negative,0.2559,,1.0882
S0080,4,S0090,7,negative,0.253,,1.094
S0048,7,S0083,6,negative,0.1,,2.4282
S0009,5,S0043,8,negative,0.1,,2.4254
S0071,3,S0092,5,negative,0.1,,1.5859
S0015,8,S0057,7,negative,0.3062,,0.9875
S0031,2,S0073,3,negative,0.1,,2.5504
S0028,7,S0041,2,negative,0.1,,1.7933
S0042,2,S0083,4,negative,0.1,,3.8511
S0007,5,S0015,5,negative,0.3213,,0.9575
S0032,5,S0083,6,negative,0.1,,4.3544
S0069,5,S0089,2,negative,0.1,,2.3194
S0087,3,S0095,8,negative,0.2741,,1.0517
S0048,1,S0062,8,negative,0.1,,1.9514
S0005,3,S0061,8,negative,0.3715,,0.857
S0002,7,S0083,2,negative,0.1,,1.549
S0071,7,S0090,4,negative,0.1,,1.6172
S0004,3,S0067,4,negative,0.1,,3.6091
S0059,2,S0076,4,negative,0.1,,2.2682
S0069,7,S0081,7,negative,0.3096,,0.9807
S0027,5,S0031,2,negative,0.2814,,1.0371
S0073,8,S0094,3,negative,0.1,,1.9735
S0043,1,S0092,1,negative,0.1,,2.0867
S0034,1,S0054,5,negative,0.1,,2.2325
S0014,8,S0034,5,negative,0.1,,2.0261
S0019,5,S0028,2,negative,0.1,,1.4787
S0088,6,S0098,6,negative,0.2816,,1.0368
S0010,6,S0016,6,negative,0.1789,,1.2422
S0033,7,S0075,1,negative,0.1,,3.7392
S0020,3,S0068,4,negative,0.1,,2.3697
S0013,2,S0044,3,negative,0.3756,,0.8488
S0017,4,S0053,7,negative,0.1,,1.4307
S0045,5,S0073,3,negative,0.1968,,1.2065
S0016,7,S0061,5,negative,0.2772,,1.0456
S0038,8,S0080,4,negative,0.1655,,1.2689
S0023,3,S0048,8,negative,0.3186,,0.9629
S0034,7,S0099,6,negative,0.1,,1.4312
S0014,3,S0072,7,negative,0.2916,,1.0169
S0024,1,S0060,1,negative,0.1,,2.7207
S0014,3,S0080,7,negative,0.1,,2.4458
S0009,4,S0099,7,negative,0.1,,1.5247
S0002,5,S0006,6,negative,0.1,,1.6568
S0047,4,S0085,6,negative,0.1,,4.5809
S0014,6,S0099,2,negative,0.2351,,1.1297
S0044,6,S0050,2,negative,0.1,,2.0891
S0036,5,S0039,4,negative,0.3477,,0.9046
S0012,7,S0048,1,negative,0.1,,3.6876
S0049,4,S0060,1,negative,0.1,,2.0146
S0084,7,S0086,8,negative,0.1,,3.2169
S0022,6,S0094,1,negative,0.1,,2.4159
S0034,4,S0035,5,negative,0.2516,,1.0969
S0036,6,S0076,2,negative,0.3579,,0.8842
S0025,6,S0031,1,negative,0.1,,1.8428
S0018,4,S0075,8,negative,0.1,,2.5338
S0021,6,S0051,4,negative,0.1624,,1.2752
S0031,6,S0038,3,negative,0.3397,,0.9206
S0003,6,S0081,8,negative,0.1,,1.7187
S0073,1,S0074,8,negative,0.1,,1.8047
S0013,4,S0097,1,negative,0.2765,,1.047
S0006,6,S0024,7,negative,0.1,,1.6432
S0005,8,S0077,1,negative,0.1,,1.8866
S0001,3,S0074,3,negative,0.1,,2.1825
S0035,1,S0063,3,negative,0.4205,,0.7589
S0031,2,S0082,2,negative,0.1,,2.4069
S0050,5,S0099,2,negative,0.1,,2.4645
S0005,3,S0019,4,negative,0.1,,1.467
S0034,5,S0042,5,negative,0.1,,1.5881
S0056,2,S0061,4,negative,0.1,,1.646
S0056,7,S0089,6,negative,0.1,,2.0853
S0053,7,S0058,7,negative,0.1,,1.5228
S0054,2,S0090,2,negative,0.1,,2.2783
S0056,2,S0085,3,negative,0.1,,2.6375
S0012,4,S0018,7,negative,0.1,,3.0941
S0015,4,S0097,4,negative,0.1,,1.913
S0002,5,S0052,4,negative,0.1,,2.4262
S0026,1,S0048,1,negative,0.1,,1.9284
S0010,7,S0057,1,negative,0.2943,,1.0113
S0059,6,S0062,8,negative,0.141,,1.3179
S0090,1,S0093,3,negative,0.1,,2.8737
S0013,1,S0068,1,negative,0.1,,1.9567
S0031,3,S0094,1,negative,0.1982,,1.2036
S0027,1,S0044,5,negative,0.3176,,0.9648
S0004,3,S0033,3,negative,0.1,,3.4932
S0041,3,S0057,1,negative,0.1,,2.9005
S0071,3,S0100,5,negative,0.1,,4.9015
S0052,5,S0055,2,negative,0.1,,2.3413
S0003,1,S0058,7,negative,0.2335,,1.1331
S0016,8,S0046,5,negative,0.2794,,1.0412
S0011,1,S0084,3,negative,0.1,,1.6234
S0047,5,S0051,7,negative,0.1,,4.6656
S0038,1,S0039,8,negative,0.3062,,0.9875
S0020,5,S0033,5,negative,0.1,,1.5131
S0056,5,S0097,2,negative,0.2296,,1.1407
S0067,2,S0098,2,negative,0.1,,2.4441
S0031,6,S0080,6,negative,0.2273,,1.1454
S0095,6,S0099,8,negative,0.1,,1.5722
S0027,4,S0045,4,negative,0.1889,,1.2222
S0022,6,S0074,7,negative,0.1,,2.5448
S0042,6,S0088,7,negative,0.1,,2.3516
S0012,5,S0072,5,negative,0.1,,2.4474
S0003,4,S0053,1,negative,0.1,,2.2298
S0019,2,S0043,8,negative,0.433,,0.7341
S0004,8,S0047,8,negative,0.1,,4.5573
S0024,7,S0052,4,negative,0.1,,5.3065
S0005,4,S0062,7,negative,0.3364,,0.9272
S0030,3,S0058,3,negative,0.1,,1.7359
S0016,7,S0073,7,negative,0.1,,2.3365
S0045,1,S0095,1,negative,0.1,,2.4776
S0003,2,S0010,6,negative,0.3298,,0.9404
S0030,1,S0081,6,negative,0.1465,,1.307
S0007,6,S0095,6,negative,0.3751,,0.8498
S0017,6,S0063,5,negative,0.3051,,0.9898
S0010,6,S0052,6,negative,0.1,,3.6732
S0055,8,S0067,6,negative,0.1,,2.0676
S0001,3,S0049,4,negative,0.3047,,0.9906
S0026,5,S0060,7,negative,0.1301,,1.3397
S0017,4,S0072,5,negative,0.1058,,1.3885
S0036,7,S0099,1,negative,0.2438,,1.1124
S0005,6,S0055,4,negative,0.3538,,0.8924
S0030,6,S0048,6,negative,0.1,,1.5403
S0034,1,S0088,5,negative,0.1682,,1.2637
S0010,6,S0029,6,negative,0.2619,,1.0761
S0015,5,S0080,6,negative,0.3039,,0.9922
S0028,8,S0081,4,negative,0.1,,3.076
S0023,4,S0094,6,negative,0.1258,,1.3484
S0025,8,S0035,7,negative,0.1,,1.7898
S0001,4,S0015,2,negative,0.1,,3.6566
S0033,4,S0059,3,negative,0.1,,3.7182
S0003,2,S0048,8,negative,0.1204,,1.3593
S0013,4,S0079,6,negative,0.1,,1.6025
S0002,1,S0059,4,negative,0.1,,2.1498
S0035,4,S0070,3,negative,0.1,,1.7817
S0016,7,S0090,2,negative,0.2384,,1.1233
S0017,2,S0069,1,negative,0.2709,,1.0583
S0069,7,S0078,2,negative,0.3561,,0.8878
S0084,2,S0096,5,negative,0.1,,5.0368
S0078,3,S0089,4,negative,0.1,,2.6769
S0050,4,S0056,3,negative,0.1,,2.0956
S0069,7,S0074,2,negative,0.1,,1.4597
S0004,2,S0027,7,negative,0.1,,2.042
S0032,1,S0049,8,negative,0.1,,4.5625
S0005,2,S0082,5,negative,0.1,,3.2627
S0078,6,S0097,3,negative,0.1,,1.6329
S0053,2,S0083,8,negative,0.1,,1.6577
S0010,5,S0064,7,negative,0.1598,,1.2804
S0009,1,S0079,4,negative,0.2639,,1.0722
S0015,4,S0043,3,negative,0.1,,2.7309
S0006,1,S0096,7,negative,0.1,,1.5651
S0023,1,S0091,1,negative,0.1,,1.4429
S0008,6,S0021,3,negative,0.1,,3.7072
S0080,8,S0099,3,negative,0.1,,1.7787
S0067,1,S0082,2,negative,0.1,,1.5758
S0021,8,S0093,3,negative,0.124,,1.3519
S0024,1,S0090,3,negative,0.1,,1.9546
S0018,3,S0027,5,negative,0.2986,,1.0028
S0072,7,S0100,5,negative,0.1,,2.157
S0033,8,S0063,2,negative,0.3073,,0.9854
S0013,7,S0077,7,negative,0.1,,2.2289
S0013,4,S0019,8,negative,0.1,,1.8082
S0044,1,S0075,5,negative,0.1,,2.5912
S0049,5,S0088,6,negative,0.1,,1.9808
S0025,4,S0030,3,negative,0.19,,1.22
S0052,4,S0065,7,negative,0.1,,2.5915
S0002,2,S0048,3,negative,0.1655,,1.269
S0014,1,S0067,7,negative,0.1,,2.7528
S0041,7,S0070,6,negative,0.3668,,0.8665
S0031,7,S0066,4,negative,0.1,,1.6218
S0046,6,S0086,4,negative,0.3508,,0.8984
S0021,5,S0058,6,negative,0.1,,3.8851
S0028,5,S0080,6,negative,0.1,,4.1621
S0053,5,S0067,1,negative,0.1,,2.234
S0003,5,S0072,2,negative,0.1,,2.4644
S0040,6,S0083,3,negative,0.1,,1.8075
S0005,6,S0075,3,negative,0.1,,2.0097
S0014,1,S0058,7,negative,0.1,,2.0132
S0022,2,S0087,8,negative,0.2617,,1.0767
S0017,2,S0094,5,negative,0.1503,,1.2993
S0015,6,S0064,4,negative,0.2495,,1.101
S0072,8,S0096,1,negative,0.1,,3.4416
S0059,4,S0068,8,negative,0.2485,,1.1029
S0018,8,S0043,2,negative,0.1,,1.5348
S0050,3,S0087,3,negative,0.408,,0.784
S0019,8,S0059,7,negative,0.2438,,1.1124
S0079,2,S0100,5,negative,0.1,,4.0822
S0032,4,S0048,2,negative,0.1,,2.3308
S0005,2,S0014,8,negative,0.2733,,1.0533
S0006,2,S0036,3,negative,0.1,,1.8859
S0017,7,S0059,6,negative,0.1,,2.6814
S0014,8,S0028,2,negative,0.1,,2.0844
S0013,3,S0088,2,negative,0.3911,,0.8178
S0019,6,S0082,7,negative,0.1,,4.4694
S0005,7,S0026,2,negative,0.2807,,1.0387
S0083,6,S0100,5,negative,0.1,,1.5729
S0051,4,S0063,5,negative,0.1,,2.9419
S0002,1,S0071,3,negative,0.1,,2.6042
S0033,3,S0047,8,negative,0.1451,,1.3099
S0029,2,S0097,3,negative,0.1398,,1.3204
S0030,3,S0069,2,negative,0.1,,1.5986
S0082,5,S0088,3,negative,0.1,,2.932
S0056,3,S0062,8,negative,0.1,,1.861
S0033,7,S0091,3,negative,0.1,,2.2522
S0043,7,S0090,3,negative,0.1,,2.2537
S0021,7,S0026,5,negative,0.1,,2.0266
S0036,7,S0063,2,negative,0.1,,1.5076
S0014,3,S0088,2,negative,0.1279,,1.3441
S0031,2,S0089,8,negative,0.1,,2.0401
S0025,4,S0095,6,negative,0.1,,2.4892
S0063,5,S0080,3,negative,0.3228,,0.9545
S0038,8,S0099,1,negative,0.2283,,1.1434
S0020,6,S0089,6,negative,0.1,,1.9091
S0018,8,S0026,1,negative,0.1088,,1.3824
S0029,8,S0064,4,negative,0.1,,1.6515
S0006,4,S0081,8,negative,0.1,,1.5424
S0054,2,S0099,6,negative,0.1491,,1.3018
S0038,7,S0068,6,negative,0.1,,2.3895
S0008,1,S0059,6,negative,0.1,,3.0002
S0035,8,S0052,4,negative,0.1,,3.1161
S0034,4,S0040,7,negative,0.1451,,1.3099
S0013,7,S0086,4,negative,0.1557,,1.2885
S0056,3,S0094,7,negative,0.2231,,1.1539
S0011,8,S0080,2,negative,0.1,,2.6269
S0002,3,S0057,4,negative,0.1,,1.991
S0076,5,S0081,7,negative,0.344,,0.9119
S0039,1,S0077,8,negative,0.1,,2.0229
S0009,2,S0034,4,negative,0.3187,,0.9625
S0061,5,S0100,3,negative,0.1,,2.2758
S0029,2,S0050,5,negative,0.1,,1.8184
S0081,1,S0100,1,negative,0.1,,2.9628
S0039,6,S0067,3,negative,0.1,,1.9596
S0036,8,S0095,1,negative,0.1,,1.9737
S0003,7,S0060,4,negative,0.1,,1.6902
S0012,7,S0060,7,negative,0.1,,3.1175
S0016,5,S0089,3,negative,0.1,,1.7863
S0007,2,S0078,2,negative,0.4326,,0.7348
S0060,6,S0062,3,negative,0.1,,1.5207
S0017,4,S0078,3,negative,0.1148,,1.3704
S0034,2,S0056,1,negative,0.1891,,1.2218
S0020,8,S0062,5,negative,0.1,,1.6138
S0068,7,S0096,5,negative,0.1,,4.6146
S0002,2,S0030,1,negative,0.2155,,1.169
S0083,4,S0090,8,negative,0.1,,2.5697
S0016,3,S0083,1,negative,0.1,,2.0351
S0012,8,S0090,4,negative,0.1,,3.9658
S0029,7,S0038,2,negative,0.3582,,0.8836
S0079,2,S0081,8,negative,0.1,,1.5234
S0006,6,S0091,7,negative,0.1,,2.1407
S0045,1,S0092,3,negative,0.1,,2.1119
S0052,3,S0071,8,negative,0.1,,4.8057
S0049,6,S0074,2,negative,0.1,,1.6645
S0046,6,S0071,5,negative,0.1,,1.8853
S0011,1,S0085,6,negative,0.1635,,1.273
S0005,1,S0087,3,negative,0.1,,2.5766
S0030,4,S0037,6,negative,0.2369,,1.1261
S0061,4,S0069,7,negative,0.1,,1.7262
S0041,2,S0067,7,negative,0.1,,2.8223
S0017,5,S0029,2,negative,0.1606,,1.2788
S0043,5,S0044,1,negative,0.1,,1.6955
S0014,2,S0052,6,negative,0.1,,1.8255
S0058,3,S0084,1,negative,0.1,,3.3345
S0018,1,S0066,1,negative,0.1022,,1.3956
S0069,6,S0099,2,negative,0.1686,,1.2629
S0052,3,S0053,3,negative,0.1,,2.2774
S0002,5,S0068,5,negative,0.1,,1.9664
S0027,7,S0059,2,negative,0.1,,2.2597
S0014,1,S0087,7,negative,0.1,,3.07
S0025,6,S0050,3,negative,0.1,,3.4125
S0054,2,S0100,5,negative,0.1,,1.7145
S0031,1,S0049,2,negative,0.1,,2.2922
S0033,3,S0066,2,negative,0.1,,2.6055
S0030,7,S0051,8,negative,0.1,,1.8364
S0029,5,S0057,6,negative,0.144,,1.3121
S0007,3,S0057,2,negative,0.145,,1.31
S0014,4,S0085,7,negative,0.1072,,1.3857
S0028,5,S0068,4,negative,0.2413,,1.1174
S0064,2,S0086,7,negative,0.1,,1.6254
S0058,2,S0068,8,negative,0.1,,2.9442
S0028,3,S0073,4,negative,0.1595,,1.2811
S0037,2,S0042,4,negative,0.1,,2.5588
S0013,4,S0047,1,negative,0.1,,2.8154
S0021,4,S0066,8,negative,0.1,,2.0882
S0044,3,S0065,1,negative,0.3657,,0.8687
S0054,6,S0059,4,negative,0.1356,,1.3288
S0016,8,S0034,3,negative,0.2732,,1.0537
S0015,8,S0019,3,negative,0.1,,3.0751
S0071,5,S0091,6,negative,0.1,,2.9683
S0060,4,S0080,4,negative,0.1,,1.4348
S0091,4,S0095,3,negative,0.1,,2.0009
S0039,2,S0073,2,negative,0.1,,1.9845
S0006,3,S0069,7,negative,0.3486,,0.9028
S0037,2,S0053,5,negative,0.3871,,0.8258
S0046,5,S0078,7,negative,0.404,,0.7919
S0030,5,S0034,2,negative,0.1,,1.6941
S0058,7,S0076,1,negative,0.1543,,1.2914
S0034,2,S0096,2,negative,0.1,,1.9295
S0008,6,S0047,7,negative,0.1,,2.0929
S0061,2,S0068,7,negative,0.1,,1.5339
S0066,7,S0068,4,negative,0.2331,,1.1339
S0046,7,S0073,7,negative,0.1,,2.7977
S0052,4,S0090,2,negative,0.1,,3.5614
S0020,2,S0049,8,negative,0.1,,2.129
S0030,3,S0064,1,negative,0.1,,2.7617
S0024,6,S0076,8,negative,0.1,,3.0018
S0020,2,S0038,6,negative,0.4501,,0.6999
S0086,3,S0089,8,negative,0.1,,2.3189
S0032,1,S0039,2,negative,0.1,,3.1317
S0011,4,S0054,3,negative,0.4302,,0.7395
S0017,8,S0050,7,negative,0.1,,2.2256
S0011,5,S0039,6,negative,0.1,,1.4313
S0038,5,S0062,3,negative,0.1,,1.6237
S0037,4,S0063,4,negative,0.1907,,1.2186
S0034,5,S0060,7,negative,0.3064,,0.9873
S0064,1,S0075,2,negative,0.1,,4.3219
S0037,6,S0066,7,negative,0.2447,,1.1107
S0059,6,S0094,4,negative,0.1,,2.2202
S0009,4,S0067,1,negative,0.4143,,0.7714
S0009,1,S0052,6,negative,0.1,,3.6326
S0016,2,S0085,4,negative,0.1,,2.2612
S0082,3,S0089,6,negative,0.1,,4.3249
S0067,4,S0074,4,negative,0.1,,2.0875
S0031,6,S0098,1,negative,0.1305,,1.3389
S0030,4,S0053,3,negative,0.1494,,1.3012
S0015,1,S0045,5,negative,0.1,,2.6635
S0003,6,S0005,6,negative,0.1,,2.1894
S0026,1,S0090,4,negative,0.1,,2.1323
S0027,2,S0075,6,negative,0.1,,2.2332
S0011,6,S0086,1,negative,0.1,,2.1109
S0042,5,S0097,6,negative,0.1,,2.6825
S0053,6,S0087,7,negative,0.1,,2.5883
S0019,5,S0042,2,negative,0.1,,3.9195
S0066,1,S0086,6,negative,0.1,,1.9201
S0028,1,S0034,4,negative,0.1,,3.7371
S0052,4,S0087,2,negative,0.1,,4.5838
S0018,3,S0023,6,negative,0.2546,,1.0908
S0046,3,S0061,3,negative,0.1,,1.6235
S0001,7,S0086,2,negative,0.1,,3.1221
S0007,7,S0052,2,negative,0.1,,3.3409
S0033,4,S0085,2,negative,0.1,,3.5085
S0001,7,S0095,6,negative,0.1,,3.547
S0009,4,S0016,5,negative,0.1226,,1.3549
S0017,1,S0038,2,negative,0.2432,,1.1136
S0060,4,S0084,1,negative,0.1,,2.5555
S0004,6,S0095,5,negative,0.1,,3.2494
S0083,7,S0087,2,negative,0.1,,3.5931
S0027,6,S0092,2,negative,0.2002,,1.1995
S0014,7,S0027,5,negative,0.1795,,1.2411
S0008,1,S0098,3,negative,0.1,,1.6754
S0011,4,S0061,2,negative,0.1052,,1.3896
S0030,8,S0059,5,negative,0.1,,2.0195
S0045,3,S0048,3,negative,0.1,,1.971
S0002,8,S0038,4,negative,0.3762,,0.8476
S0043,5,S0066,5,negative,0.4254,,0.7492
S0075,1,S0090,2,negative,0.1,,3.237
S0020,7,S0052,2,negative,0.1,,2.8931
S0045,4,S0069,1,negative,0.1,,2.0472
S0002,2,S0041,8,negative,0.2104,,1.1792
S0053,8,S0062,4,negative,0.256,,1.088
S0021,4,S0068,6,negative,0.1209,,1.3581
S0009,8,S0088,8,negative,0.1,,1.5414
S0010,4,S0039,1,negative,0.1,,1.487
S0005,8,S0043,5,negative,0.1902,,1.2196
S0014,8,S0073,5,negative,0.1,,1.4191
S0046,8,S0080,2,negative,0.3081,,0.9838
S0035,3,S0061,5,negative,0.1,,1.4409
S0017,2,S0057,5,negative,0.1,,1.605
S0019,5,S0026,5,negative,0.2694,,1.0612
S0018,4,S0055,5,negative,0.3431,,0.9138
S0064,3,S0065,3,negative,0.1,,2.4585
S0015,1,S0018,7,negative,0.1,,1.5563
S0007,7,S0008,5,negative,0.2495,,1.1009
S0080,3,S0082,3,negative,0.1,,1.7608
S0025,2,S0044,4,negative,0.1,,1.6781
S0053,8,S0070,2,negative,0.274,,1.0519
S0072,2,S0073,3,negative,0.1,,1.4594
S0031,2,S0075,2,negative,0.1,,2.8209
S0030,5,S0032,6,negative,0.1,,3.3526
S0086,7,S0088,8,negative,0.1709,,1.2583
S0054,2,S0068,5,negative,0.1477,,1.3047
S0060,5,S0086,4,negative,0.2861,,1.0279
S0026,8,S0095,4,negative,0.1,,2.3268
S0042,3,S0060,5,negative,0.1,,2.1993
S0044,3,S0046,7,negative,0.3897,,0.8205
S0023,1,S0062,7,negative,0.1,,1.9421
S0012,1,S0016,8,negative,0.1,,3.1766
S0035,7,S0053,1,negative,0.1704,,1.2591
S0038,1,S0100,5,negative,0.1,,3.0424
S0005,5,S0060,5,negative,0.326,,0.948
S0020,7,S0041,3,negative,0.1,,1.6767
S0069,1,S0073,2,negative,0.1,,2.7767
S0006,8,S0083,3,negative,0.1,,2.9715
S0050,2,S0100,5,negative,0.1,,4.8617
S0040,4,S0079,1,negative,0.1,,1.6323
S0047,6,S0053,5,negative,0.1,,3.0713
S0006,3,S0045,5,negative,0.1,,2.6
S0085,4,S0086,7,negative,0.1,,2.8002
S0001,8,S0052,1,negative,0.2605,,1.0789
S0023,1,S0046,7,negative,0.2594,,1.0812
S0024,7,S0092,7,negative,0.1,,2.1352
S0061,5,S0079,7,negative,0.1,,2.1177
S0044,2,S0085,8,negative,0.1,,2.2675
S0007,3,S0011,3,negative,0.1,,2.0584
S0026,2,S0044,7,negative,0.1,,1.5604
S0033,8,S0062,1,negative,0.1,,2.7826
S0041,1,S0082,7,negative,0.1,,4.0509
S0010,6,S0083,7,negative,0.1,,2.6162
S0034,1,S0076,3,negative,0.1474,,1.3052
S0014,7,S0043,8,negative,0.3292,,0.9417
S0031,3,S0100,8,negative,0.1,,3.2808
S0003,7,S0039,8,negative,0.1,,2.0033
S0025,5,S0039,8,negative,0.1263,,1.3473
S0088,3,S0099,5,negative,0.2825,,1.0349
S0008,2,S0055,3,negative,0.1,,1.4297
S0076,8,S0087,4,negative,0.1,,2.2789
S0034,3,S0072,1,negative,0.1,,1.8748
S0008,2,S0032,5,negative,0.1,,2.201
S0025,6,S0097,6,negative,0.2009,,1.1981
S0029,7,S0088,7,negative,0.1494,,1.3013
S0009,3,S0051,3,negative,0.1,,3.1773
S0019,1,S0058,7,negative,0.1,,2.5698
S0025,7,S0038,6,negative,0.1,,1.8512
S0035,5,S0059,6,negative,0.1,,2.6515
S0022,5,S0097,1,negative,0.1,,2.5791
S0008,4,S0092,3,negative,0.3995,,0.801
S0033,7,S0076,6,negative,0.1,,1.8362
S0004,8,S0045,2,negative,0.2548,,1.0904
S0026,5,S0055,4,negative,0.3568,,0.8863
S0013,4,S0071,6,negative,0.1,,2.5113
S0001,4,S0061,5,negative,0.1,,1.9737
S0051,8,S0065,1,negative,0.1,,2.1135
S0001,1,S0032,4,negative,0.1,,5.0473
S0024,4,S0026,1,negative,0.1,,3.8419
S0055,4,S0084,6,negative,0.1,,2.1565
S0064,3,S0076,2,negative,0.1,,2.3769
S0047,5,S0052,7,negative,0.1,,5.1679
S0015,1,S0046,1,negative,0.2906,,1.0188
S0035,6,S0073,7,negative,0.1,,2.4093
S0023,5,S0035,7,negative,0.3781,,0.8437
S0022,7,S0059,6,negative,0.1,,4.3747
S0031,7,S0052,1,negative,0.1,,3.1154
S0024,2,S0048,1,negative,0.1,,2.2928
S0038,3,S0066,4,negative,0.1,,1.4856
S0048,2,S0079,4,negative,0.222,,1.1561
S0001,6,S0083,4,negative,0.1943,,1.2115
S0036,6,S0067,1,negative,0.1,,2.2738
S0029,1,S0087,4,negative,0.1,,1.6481
S0086,4,S0092,6,negative,0.4544,,0.6913
S0037,6,S0082,4,negative,0.1,,3.0842
S0065,2,S0083,8,negative,0.1,,1.5739
S0048,8,S0061,6,negative,0.1,,1.5919
S0032,6,S0090,3,negative,0.1,,2.0124
S0063,6,S0068,7,negative,0.1,,2.8303
S0013,8,S0059,5,negative,0.1,,2.3408
S0007,4,S0032,7,negative,0.1,,2.2888
S0001,7,S0087,1,negative,0.1,,4.3275
S0001,6,S0027,5,negative,0.1,,2.3574
S0020,4,S0045,6,negative,0.1,,1.6651
S0080,8,S0088,3,negative,0.1,,1.612
S0006,4,S0074,1,negative,0.1,,1.7741
S0021,5,S0041,1,negative,0.1,,1.8994
S0035,5,S0051,2,negative,0.1,,2.5711
S0037,5,S0038,2,negative,0.3084,,0.9832
S0006,3,S0043,2,negative,0.1,,2.6339
S0002,3,S0019,3,negative,0.1,,1.6326
S0033,8,S0039,5,negative,0.1,,1.8846
S0042,1,S0072,1,negative,0.1,,3.0008
S0005,4,S0006,7,negative,0.1,,1.8984
S0070,7,S0100,7,negative,0.1,,1.8926
S0021,3,S0075,4,negative,0.1781,,1.2439
S0064,7,S0078,3,negative,0.1932,,1.2135
S0063,8,S0070,4,negative,0.1,,2.0766
S0026,3,S0063,8,negative,0.1,,1.9305
S0035,7,S0089,5,negative,0.1,,2.029
S0033,7,S0068,8,negative,0.1,,3.506
S0040,1,S0058,5,negative,0.1808,,1.2384
S0053,7,S0088,6,negative,0.3712,,0.8576
S0041,6,S0047,4,negative,0.1,,3.8393
S0002,5,S0023,3,negative,0.2042,,1.1915
S0004,4,S0041,3,negative,0.2125,,1.1751
S0030,4,S0074,6,negative,0.3911,,0.8178
S0049,1,S0069,1,negative,0.1,,2.5743
S0023,3,S0056,3,negative,0.1949,,1.2101
S0029,8,S0072,5,negative,0.1,,1.6514
S0036,4,S0068,2,negative,0.1,,1.7522
S0017,5,S0095,1,negative,0.1633,,1.2734
S0010,2,S0062,5,negative,0.1,,2.3367
S0017,1,S0041,1,negative,0.1,,1.7553
S0019,8,S0034,8,negative,0.1,,2.6716
S0005,2,S0097,4,negative,0.3683,,0.8634
S0026,4,S0054,5,negative,0.4034,,0.7932
S0005,8,S0094,6,negative,0.4533,,0.6934
S0010,7,S0056,3,negative,0.2278,,1.1444
S0034,5,S0080,4,negative,0.2618,,1.0764
S0003,8,S0042,7,negative,0.1998,,1.2004
S0042,6,S0068,5,negative,0.1,,4.2191
S0029,4,S0079,4,negative,0.1958,,1.2084
S0015,1,S0060,1,negative,0.1273,,1.3454
S0062,7,S0081,2,negative,0.1,,1.609
S0038,5,S0061,5,negative,0.1146,,1.3708
S0036,4,S0081,6,negative,0.1552,,1.2895
S0052,4,S0084,1,negative,0.3901,,0.8198
S0038,6,S0087,3,negative,0.1,,1.9043
S0005,8,S0089,6,negative,0.1191,,1.3618
S0065,4,S0098,6,negative,0.2815,,1.0369
S0017,1,S0081,6,negative,0.3122,,0.9756
S0076,8,S0089,4,negative,0.1,,1.5521
S0055,5,S0058,4,negative,0.1,,1.4306
S0012,5,S0013,5,negative,0.1,,2.8695
S0012,8,S0074,7,negative,0.1,,2.7976
S0029,7,S0074,8,negative,0.115,,1.37
S0026,6,S0057,5,negative,0.1,,2.7919
S0036,5,S0066,5,negative,0.3411,,0.9179
S0038,3,S0050,8,negative,0.1,,2.0754
S0053,4,S0099,8,negative,0.2469,,1.1062
S0034,1,S0061,4,negative,0.1,,1.7816
S0064,1,S0097,6,negative,0.1,,2.504
S0033,1,S0048,5,negative,0.1789,,1.2421
S0076,6,S0082,2,negative,0.1,,3.0207
S0038,5,S0076,3,negative,0.387,,0.826
S0006,1,S0089,7,negative,0.1,,2.8985
S0070,6,S0076,4,negative,0.2187,,1.1625
S0045,8,S0080,6,negative,0.1,,2.5963
S0024,8,S0032,6,negative,0.4063,,0.7875
S0040,3,S0070,6,negative,0.177,,1.246
S0004,7,S0077,6,negative,0.3201,,0.9597
S0015,7,S0029,3,negative,0.2061,,1.1878
S0093,7,S0096,6,negative,0.1,,4.4473
S0016,8,S0041,8,negative,0.1,,1.5874
S0067,4,S0092,2,negative,0.135,,1.33
S0009,8,S0038,6,negative,0.1804,,1.2393
S0057,8,S0079,6,negative,0.3118,,0.9764
S0022,3,S0071,6,negative,0.2565,,1.087
S0037,8,S0050,4,negative,0.1,,2.509
S0033,5,S0073,1,negative,0.1,,3.4569
S0007,3,S0044,8,negative,0.3411,,0.9179
S0008,1,S0022,3,negative,0.1,,1.6929
S0048,1,S0063,7,negative,0.3897,,0.8207
S0006,3,S0027,3,negative,0.1,,1.5982
S0031,6,S0074,3,negative,0.2745,,1.0511
S0016,5,S0093,5,negative,0.1,,2.1403
S0050,7,S0063,7,negative,0.1,,1.5831
S0002,1,S0049,5,negative,0.1,,1.7665
S0024,4,S0041,6,negative,0.1,,3.9604
S0001,6,S0093,3,negative,0.2945,,1.0111
S0012,1,S0054,1,negative,0.1,,2.0543
S0044,4,S0087,1,negative,0.1,,1.9631
S0043,1,S0098,5,negative,0.388,,0.8239
S0077,8,S0087,5,negative,0.1,,4.2461
S0048,3,S0090,8,negative,0.2851,,1.0297
S0039,1,S0049,4,negative,0.1,,1.736
S0012,4,S0034,4,negative,0.1,,3.8514
S0064,4,S0096,1,negative,0.2306,,1.1389
S0005,7,S0036,7,negative,0.4339,,0.7322
S0024,7,S0091,1,negative,0.1,,3.4801
S0057,3,S0094,8,negative,0.1,,2.0196
S0006,7,S0009,7,negative,0.3467,,0.9067
S0007,1,S0060,7,negative,0.2828,,1.0344
S0017,6,S0035,5,negative,0.3592,,0.8815
S0040,3,S0087,1,negative,0.1,,2.286
S0016,3,S0038,7,negative,0.419,,0.762
S0025,8,S0082,1,negative,0.1,,4.0577
S0033,8,S0078,5,negative,0.3042,,0.9915
S0038,6,S0060,4,negative,0.3334,,0.9332
S0041,1,S0056,6,negative,0.1,,1.7841
S0015,6,S0036,5,negative,0.1,,2.0206
S0048,1,S0069,7,negative,0.3621,,0.8758
S0007,3,S0071,3,negative,0.1,,1.8582
S0011,7,S0024,2,negative,0.1,,4.0522
S0031,7,S0036,7,negative,0.2331,,1.1338
S0042,1,S0065,7,negative,0.1,,2.6062
S0077,3,S0083,2,negative,0.2257,,1.1485
S0030,8,S0098,8,negative,0.4205,,0.759
S0056,4,S0079,6,negative,0.1183,,1.3635
S0015,1,S0075,6,negative,0.1,,3.5718
S0071,1,S0079,6,negative,0.1275,,1.345
S0009,5,S0057,1,negative,0.2658,,1.0683
S0061,2,S0095,8,negative,0.1,,2.1636
S0001,7,S0059,3,negative,0.2735,,1.0529
S0032,2,S0087,2,negative,0.2247,,1.1506
S0002,2,S0051,1,negative,0.1,,1.9521
S0004,8,S0031,2,negative,0.1,,2.5354
S0058,4,S0099,4,negative,0.158,,1.284
S0016,5,S0039,7,negative,0.3582,,0.8836
S0012,7,S0071,5,negative,0.1,,5.2024
S0045,4,S0088,6,negative,0.1,,1.5701
S0049,4,S0066,8,negative,0.2928,,1.0144
S0056,2,S0063,6,negative,0.2664,,1.0673
S0006,8,S0018,5,negative,0.1,,1.4608
S0005,1,S0045,7,negative,0.255,,1.09
S0013,6,S0022,8,negative,0.1,,2.3818
S0030,1,S0065,2,negative,0.2004,,1.1991
S0026,2,S0076,3,negative,0.2512,,1.0976
S0031,3,S0087,1,negative,0.1,,1.656
S0012,2,S0015,1,negative,0.1,,4.3095
S0024,4,S0046,8,negative,0.1,,2.2314
S0006,5,S0071,7,negative,0.2375,,1.1249
S0025,6,S0076,3,negative,0.1398,,1.3205
S0034,1,S0074,2,negative,0.1,,1.5596
S0038,8,S0055,6,negative,0.3352,,0.9297
S0014,4,S0097,1,negative,0.1971,,1.2058
S0033,6,S0056,2,negative,0.1,,1.5401
S0005,6,S0046,3,negative,0.1,,1.414
S0008,7,S0096,2,negative,0.1,,2.0991
S0066,4,S0069,5,negative,0.1,,1.9316
S0041,7,S0100,6,negative,0.1,,1.7777
S0027,8,S0095,6,negative,0.1,,1.488
S0003,6,S0014,6,negative,0.1,,2.6637
S0006,4,S0012,7,negative,0.1,,4.3201
S0025,5,S0065,1,negative,0.1058,,1.3884
S0048,2,S0072,8,negative,0.1,,1.6623
S0025,2,S0079,8,negative,0.1,,2.6009
S0018,6,S0025,2,negative,0.1,,1.6077
S0022,4,S0095,3,negative,0.1,,1.4114
S0003,7,S0036,4,negative,0.1,,2.2605
S0035,3,S0069,1,negative,0.2671,,1.0658
S0011,2,S0078,2,negative,0.1,,2.4616
S0008,1,S0077,1,negative,0.1,,2.9594
S0037,4,S0091,5,negative,0.2858,,1.0284
S0033,2,S0079,7,negative,0.2934,,1.0132
S0029,7,S0044,1,negative,0.3494,,0.9012
S0058,5,S0098,6,negative,0.1,,1.7911
S0051,8,S0062,2,negative,0.2022,,1.1955
S0075,7,S0085,4,negative,0.175,,1.25
S0031,1,S0081,4,negative,0.2445,,1.1109
S0047,6,S0056,7,negative,0.1,,2.3594
S0027,5,S0080,1,negative,0.1,,1.6107
S0037,3,S0088,3,negative,0.2948,,1.0105
S0022,1,S0039,1,negative,0.1,,2.4439
S0005,3,S0021,4,negative,0.1,,2.6639
S0004,7,S0016,2,negative,0.1,,2.2375
S0022,5,S0077,5,negative,0.1,,4.3312
S0036,4,S0093,1,negative,0.1,,1.6893
S0068,6,S0086,6,negative,0.1,,2.8569
S0008,1,S0091,4,negative,0.1,,1.5792
S0016,5,S0087,2,negative,0.1,,2.0331
S0007,8,S0041,2,negative,0.1,,2.0498
S0025,5,S0070,7,negative,0.2772,,1.0456
S0017,3,S0066,8,negative,0.1,,1.6327
S0011,1,S0068,3,negative,0.1821,,1.2359
S0020,4,S0087,6,negative,0.1,,1.9183
S0008,2,S0066,4,negative,0.1,,1.8951
S0025,3,S0048,4,negative,0.1,,1.9977
S0007,4,S0024,8,negative,0.1,,2.1966
S0015,6,S0042,2,negative,0.2458,,1.1084
S0057,5,S0059,3,negative,0.1,,3.8646
S0024,3,S0044,6,negative,0.1,,2.6817
S0001,2,S0020,2,negative,0.1,,2.6343
S0063,7,S0090,1,negative,0.356,,0.8879
S0073,3,S0089,5,negative,0.3212,,0.9575
S0047,8,S0100,1,negative,0.1,,5.293
S0044,3,S0071,2,negative,0.1,,2.1315
S0039,8,S0062,6,negative,0.2288,,1.1423
S0031,8,S0064,1,negative,0.1,,1.7858
S0082,4,S0086,4,negative,0.1,,2.1968
S0047,2,S0068,6,negative,0.1,,4.5564
S0022,6,S0064,8,negative,0.2929,,1.0142
S0041,8,S0042,5,negative,0.1,,3.5501
S0059,7,S0067,3,negative,0.1,,3.7919
S0008,7,S0090,3,negative,0.3353,,0.9294
S0035,7,S0079,8,negative,0.1,,1.4048
S0023,6,S0037,5,negative,0.256,,1.088
S0056,7,S0060,4,negative,0.3165,,0.9671
S0043,4,S0081,7,negative,0.1,,1.6341
S0066,5,S0077,6,negative,0.1009,,1.3981
S0030,4,S0075,5,negative,0.1,,1.8022
S0041,3,S0060,7,negative,0.1,,1.5445
S0003,6,S0041,5,negative,0.1,,2.8187
S0043,4,S0100,2,negative,0.1,,1.6632
S0047,6,S0063,8,negative,0.1,,1.9365
S0016,3,S0062,2,negative,0.1,,1.5728
S0056,5,S0069,2,negative,0.3196,,0.9608
S0085,7,S0096,3,negative,0.1,,4.6166
S0023,4,S0093,5,negative,0.1,,2.4364
S0039,7,S0070,4,negative,0.2304,,1.1391
S0070,8,S0071,1,negative,0.1,,3.451
S0008,6,S0084,4,negative,0.1,,3.1003
S0055,8,S0075,2,negative,0.1,,2.037
S0004,3,S0049,4,negative,0.3871,,0.8258
S0050,1,S0098,3,negative,0.1,,2.9916
S0057,7,S0090,2,negative,0.2663,,1.0674
S0051,5,S0085,1,negative,0.236,,1.1279
S0034,8,S0090,8,negative,0.2674,,1.0652
S0008,4,S0019,2,negative,0.1,,2.4724
S0005,3,S0030,4,negative,0.2416,,1.1168
S0037,1,S0039,6,negative,0.5187,,0.5626
S0055,7,S0097,3,negative,0.3048,,0.9903
S0070,4,S0078,4,negative,0.1,,2.2118
S0020,1,S0096,2,negative,0.1,,2.5131
S0041,6,S0059,4,negative,0.1509,,1.2982
S0072,4,S0082,3,negative,0.1,,3.5837
S0066,4,S0095,1,negative,0.1,,2.3897
S0047,7,S0061,8,negative,0.1,,3.3521
S0001,7,S0007,1,negative,0.1,,3.0672
S0002,5,S0092,2,negative,0.1338,,1.3324
S0022,7,S0033,2,negative,0.2398,,1.1205
S0069,4,S0075,2,negative,0.1,,3.0254
S0023,7,S0088,5,negative,0.1608,,1.2783
S0042,1,S0087,3,negative,0.2847,,1.0306
S0019,3,S0089,4,negative,0.3681,,0.8637
S0062,7,S0087,6,negative,0.1,,3.3054
S0081,5,S0086,4,negative,0.2439,,1.1123
S0071,4,S0099,8,negative,0.1,,2.5676
S0016,5,S0025,6,negative,0.1,,1.6867
S0005,7,S0016,5,negative,0.3478,,0.9043
S0071,3,S0074,7,negative,0.1,,2.6405
S0045,3,S0052,2,negative,0.1,,1.5521
S0029,7,S0093,7,negative,0.1,,2.5621
S0026,3,S0097,2,negative,0.2172,,1.1656
S0050,6,S0054,6,negative,0.1,,3.3867
S0015,8,S0023,2,negative,0.1,,1.4208
S0040,2,S0084,5,negative,0.1,,2.447
S0020,7,S0025,5,negative,0.1,,1.7266
S0028,2,S0087,1,negative,0.1,,4.8666
S0020,7,S0055,8,negative,0.3249,,0.9502
S0024,6,S0073,6,negative,0.1,,4.7316
S0091,7,S0099,7,negative,0.351,,0.898
S0019,8,S0053,4,negative,0.1,,1.518
S0037,4,S0059,6,negative,0.1,,2.178
S0030,2,S0066,5,negative,0.3437,,0.9126
S0036,6,S0088,3,negative,0.3389,,0.9223
S0045,2,S0059,2,negative,0.1478,,1.3044
S0026,2,S0040,2,negative,0.1964,,1.2072
S0018,2,S0061,6,negative,0.1703,,1.2593
S0028,6,S0058,6,negative,0.1,,3.7468
S0008,6,S0074,2,negative,0.1034,,1.3932
S0027,6,S0055,8,negative,0.3375,,0.9249
S0017,1,S0075,2,negative,0.1,,2.5822
S0052,8,S0082,7,negative,0.1,,5.3898
S0014,6,S0071,4,negative,0.1,,3.2908
S0001,7,S0085,1,negative,0.2809,,1.0381
S0016,5,S0036,3,negative,0.2933,,1.0135
S0015,4,S0053,7,negative,0.1,,1.9457
S0096,4,S0097,4,negative,0.1,,3.0455
S0005,3,S0053,3,negative,0.4228,,0.7544
S0022,6,S0029,7,negative,0.1,,1.8131
S0004,6,S0096,8,negative,0.1,,4.5989
S0076,3,S0100,4,negative,0.1,,2.5955
S0046,3,S0069,7,negative,0.3233,,0.9534
S0047,1,S0084,7,negative,0.1,,5.007
S0048,4,S0087,7,negative,0.1,,1.6932
S0025,4,S0073,5,negative,0.2408,,1.1184
S0026,8,S0042,8,negative,0.1,,3.3039
S0052,8,S0099,5,negative,0.1,,2.4734
S0013,4,S0095,1,negative,0.1,,1.5837
S0056,6,S0086,5,negative,0.2821,,1.0359
S0015,6,S0074,2,negative,0.1,,1.8185
S0030,2,S0068,3,negative,0.1,,1.7248
S0018,3,S0076,5,negative,0.3937,,0.8126
S0004,8,S0086,2,negative,0.1,,2.8141
S0062,7,S0064,1,negative,0.1,,3.3393
S0030,6,S0044,1,negative,0.1317,,1.3367
S0019,7,S0087,1,negative,0.1,,3.7019
S0043,8,S0065,1,negative,0.1802,,1.2396
S0059,3,S0061,6,negative,0.1,,1.8783
S0029,5,S0060,4,negative,0.3334,,0.9332
S0092,8,S0095,4,negative,0.2889,,1.0223
S0024,4,S0093,3,negative,0.1,,4.621
S0007,7,S0049,7,negative,0.1,,2.5766
S0001,7,S0051,7,negative,0.3544,,0.8911
S0013,7,S0037,8,negative,0.3668,,0.8664
S0005,4,S0048,3,negative,0.2107,,1.1785
S0016,8,S0079,6,negative,0.1398,,1.3203
S0019,1,S0051,4,negative,0.2962,,1.0075
S0025,8,S0053,7,negative,0.1585,,1.2831
S0040,4,S0076,4,negative,0.3926,,0.8148
S0021,2,S0031,7,negative,0.1,,3.531
S0051,6,S0075,3,negative,0.3105,,0.9791
S0025,7,S0100,5,negative,0.1,,1.8296
S0033,3,S0089,6,negative,0.1,,2.9762
S0025,1,S0090,4,negative,0.1,,2.3378
S0005,6,S0078,4,negative,0.1,,1.6764
S0068,8,S0091,6,negative,0.1,,1.603
S0007,3,S0043,5,negative,0.1,,2.1035
S0016,3,S0019,3,negative,0.1,,1.9753
S0031,8,S0047,1,negative,0.1,,2.2447
S0009,8,S0044,4,negative,0.2205,,1.159
S0033,2,S0045,7,negative,0.1,,2.7338
S0055,8,S0080,3,negative,0.1,,1.8379
S0035,4,S0066,3,negative,0.1,,1.5816
S0029,3,S0081,7,negative,0.1489,,1.3022
S0060,4,S0072,5,negative,0.2294,,1.1412
S0086,5,S0096,7,negative,0.1,,2.0456
S0046,2,S0088,2,negative,0.2965,,1.0069
S0063,3,S0066,8,negative,0.1,,1.8676
