student_id,course,semester,year
S0001,程序设计基础,第一学期,2023
S0001,高等数学,第一学期,2023
S0001,数据库原理,第一学期,2023
S0001,嵌入式系统,第一学期,2023
S0001,自然语言处理,第二学期,2023
S0001,大数据技术,第三学期,2023
S0001,软件工程,第三学期,2023
S0001,自动驾驶技术,第三学期,2023
S0001,区块链技术,第三学期,2023
S0001,云计算,第四学期,2023
S0001,数据挖掘,第四学期,2023
S0001,量子计算导论,第四学期,2023
S0001,深度学习,第四学期,2023
S0002,高等数学,第一学期,2023
S0002,线性代数,第二学期,2023
S0002,计算机网络,第三学期,2023
S0002,数据结构,第三学期,2023
S0002,物联网技术,第三学期,2023
S0002,计算机组成原理,第三学期,2023
S0002,区块链技术,第四学期,2023
S0002,软件工程,第五学期,2023
S0002,自动驾驶技术,第六学期,2023
S0003,高等数学,第一学期,2023
S0003,数据库原理,第二学期,2023
S0003,计算机视觉,第二学期,2023
S0003,自然语言处理,第三学期,2023
S0003,大数据技术,第四学期,2023
S0003,数据挖掘,第四学期,2023
S0003,数据结构,第四学期,2023
S0003,密码学基础,第四学期,2023
S0004,高等数学,第一学期,2023
S0004,强化学习,第一学期,2023
S0004,算法设计与分析,第一学期,2023
S0004,信息安全,第二学期,2023
S0004,物联网技术,第二学期,2023
S0004,密码学基础,第二学期,2023
S0004,区块链技术,第二学期,2023
S0004,数据挖掘,第三学期,2023
S0004,数据结构,第三学期,2023
S0004,深度学习,第四学期,2023
S0005,高等数学,第一学期,2023
S0005,线性代数,第二学期,2023
S0005,云计算,第二学期,2023
S0005,数据挖掘,第三学期,2023
S0005,深度学习,第三学期,2023
S0005,数据结构,第三学期,2023
S0005,信息安全,第三学期,2023
S0005,计算机组成原理,第四学期,2023
S0005,操作系统,第四学期,2023
S0006,程序设计基础,第一学期,2023
S0006,计算机网络,第一学期,2023
S0006,强化学习,第一学期,2023
S0006,密码学基础,第一学期,2023
S0006,自然语言处理,第二学期,2023
S0006,数据挖掘,第三学期,2023
S0006,操作系统,第三学期,2023
S0006,软件工程,第三学期,2023
S0006,深度学习,第三学期,2023
S0006,概率论与数理统计,第四学期,2023
S0006,大数据技术,第四学期,2023
S0007,计算机网络,第一学期,2023
S0007,高等数学,第一学期,2023
S0007,大学物理,第一学期,2023
S0007,概率论与数理统计,第一学期,2023
S0007,线性代数,第二学期,2023
S0007,计算机组成原理,第二学期,2023
S0007,操作系统,第二学期,2023
S0007,深度学习,第二学期,2023
S0007,区块链技术,第三学期,2023
S0007,自动驾驶技术,第三学期,2023
S0007,物联网技术,第三学期,2023
S0007,数据结构,第三学期,2023
S0007,软件工程,第四学期,2023
S0007,密码学基础,第五学期,2023
S0007,计算机视觉,第六学期,2023
S0008,计算机网络,第一学期,2023
S0008,物联网技术,第二学期,2023
S0008,算法设计与分析,第二学期,2023
S0008,数据库原理,第三学期,2023
S0008,大学物理,第三学期,2023
S0008,计算机组成原理,第三学期,2023
S0008,强化学习,第三学期,2023
S0008,人工智能导论,第四学期,2023
S0008,自然语言处理,第四学期,2023
S0009,软件工程,第一学期,2023
S0009,信息安全,第一学期,2023
S0009,算法设计与分析,第一学期,2023
S0009,自然语言处理,第一学期,2023
S0009,数据结构,第二学期,2023
S0009,数据库原理,第二学期,2023
S0009,计算机视觉,第二学期,2023
S0009,强化学习,第二学期,2023
S0009,深度学习,第三学期,2023
S0009,机器学习,第三学期,2023
S0009,大数据技术,第三学期,2023
S0009,计算机组成原理,第三学期,2023
S0010,计算机网络,第一学期,2023
S0010,大学物理,第二学期,2023
S0010,计算机组成原理,第二学期,2023
S0010,密码学基础,第二学期,2023
S0010,区块链技术,第三学期,2023
S0010,自然语言处理,第三学期,2023
S0010,强化学习,第四学期,2023
S0010,算法设计与分析,第四学期,2023
S0010,线性代数,第五学期,2023
S0011,程序设计基础,第一学期,2023
S0011,计算机组成原理,第一学期,2023
S0011,操作系统,第一学期,2023
S0011,区块链技术,第二学期,2023
S0011,量子计算导论,第二学期,2023
S0011,数据挖掘,第三学期,2023
S0011,大学物理,第四学期,2023
S0011,密码学基础,第四学期,2023
S0011,数据库原理,第五学期,2023
S0011,机器学习,第六学期,2023
S0011,计算机视觉,第一学期,2024
S0011,强化学习,第一学期,2024
S0011,自然语言处理,第二学期,2024
S0011,物联网技术,第三学期,2024
S0011,云计算,第三学期,2024
S0012,程序设计基础,第一学期,2023
S0012,高等数学,第一学期,2023
S0012,大学物理,第一学期,2023
S0012,离散数学,第一学期,2023
S0012,软件工程,第二学期,2023
S0012,大数据技术,第二学期,2023
S0012,计算机视觉,第二学期,2023
S0012,操作系统,第二学期,2023
S0012,物联网技术,第三学期,2023
S0012,强化学习,第三学期,2023
S0012,自然语言处理,第三学期,2023
S0012,数据挖掘,第三学期,2023
S0012,机器学习,第四学期,2023
S0013,高等数学,第一学期,2023
S0013,大学物理,第一学期,2023
S0013,计算机组成原理,第一学期,2023
S0013,线性代数,第一学期,2023
S0013,计算机视觉,第二学期,2023
S0013,自然语言处理,第二学期,2023
S0013,强化学习,第二学期,2023
S0013,量子计算导论,第三学期,2023
S0013,人工智能导论,第三学期,2023
S0013,自动驾驶技术,第四学期,2023
S0013,数据挖掘,第五学期,2023
S0013,区块链技术,第五学期,2023
S0014,高等数学,第一学期,2023
S0014,概率论与数理统计,第一学期,2023
S0014,区块链技术,第一学期,2023
S0014,物联网技术,第一学期,2023
S0014,操作系统,第二学期,2023
S0014,自然语言处理,第二学期,2023
S0014,算法设计与分析,第二学期,2023
S0014,嵌入式系统,第二学期,2023
S0014,数据库原理,第三学期,2023
S0014,信息安全,第四学期,2023
S0015,计算机网络,第一学期,2023
S0015,高等数学,第二学期,2023
S0015,线性代数,第二学期,2023
S0015,概率论与数理统计,第二学期,2023
S0015,强化学习,第三学期,2023
S0015,大数据技术,第三学期,2023
S0015,嵌入式系统,第三学期,2023
S0015,机器学习,第三学期,2023
S0016,计算机网络,第一学期,2023
S0016,程序设计基础,第一学期,2023
S0016,大学物理,第二学期,2023
S0016,计算机组成原理,第三学期,2023
S0016,嵌入式系统,第三学期,2023
S0016,操作系统,第三学期,2023
S0016,信息安全,第三学期,2023
S0016,算法设计与分析,第四学期,2023
S0016,离散数学,第四学期,2023
S0016,人工智能导论,第四学期,2023
S0016,密码学基础,第四学期,2023
S0016,区块链技术,第五学期,2023
S0016,数据库原理,第五学期,2023
S0016,大数据技术,第五学期,2023
S0016,自动驾驶技术,第六学期,2023
S0017,高等数学,第一学期,2023
S0017,自然语言处理,第一学期,2023
S0017,数据库原理,第一学期,2023
S0017,数据结构,第一学期,2023
S0017,物联网技术,第二学期,2023
S0017,操作系统,第二学期,2023
S0017,强化学习,第三学期,2023
S0017,信息安全,第三学期,2023
S0018,高等数学,第一学期,2023
S0018,大学物理,第二学期,2023
S0018,离散数学,第三学期,2023
S0018,密码学基础,第四学期,2023
S0018,计算机视觉,第四学期,2023
S0018,物联网技术,第四学期,2023
S0018,算法设计与分析,第四学期,2023
S0018,信息安全,第五学期,2023
S0019,计算机网络,第一学期,2023
S0019,高等数学,第二学期,2023
S0019,程序设计基础,第三学期,2023
S0019,线性代数,第四学期,2023
S0019,人工智能导论,第四学期,2023
S0019,强化学习,第四学期,2023
S0019,自动驾驶技术,第四学期,2023
S0019,机器学习,第五学期,2023
S0019,自然语言处理,第六学期,2023
S0019,云计算,第六学期,2023
S0019,区块链技术,第六学期,2023
S0019,信息安全,第六学期,2023
S0019,量子计算导论,第一学期,2024
S0019,软件工程,第一学期,2024
S0020,计算机网络,第一学期,2023
S0020,程序设计基础,第二学期,2023
S0020,数据结构,第二学期,2023
S0020,大学物理,第二学期,2023
S0020,软件工程,第二学期,2023
S0020,云计算,第三学期,2023
S0020,操作系统,第三学期,2023
S0020,自动驾驶技术,第三学期,2023
S0020,概率论与数理统计,第四学期,2023
S0020,机器学习,第四学期,2023
S0020,计算机视觉,第四学期,2023
S0020,离散数学,第四学期,2023
S0021,计算机网络,第一学期,2023
S0021,数据库原理,第二学期,2023
S0021,自动驾驶技术,第二学期,2023
S0021,机器学习,第二学期,2023
S0021,自然语言处理,第二学期,2023
S0021,区块链技术,第三学期,2023
S0021,线性代数,第四学期,2023
S0021,操作系统,第四学期,2023
S0021,云计算,第五学期,2023
S0021,软件工程,第五学期,2023
S0021,大学物理,第五学期,2023
S0021,概率论与数理统计,第五学期,2023
S0022,高等数学,第一学期,2023
S0022,离散数学,第一学期,2023
S0022,机器学习,第二学期,2023
S0022,数据结构,第二学期,2023
S0022,算法设计与分析,第二学期,2023
S0022,操作系统,第三学期,2023
S0022,信息安全,第三学期,2023
S0022,嵌入式系统,第三学期,2023
S0022,区块链技术,第三学期,2023
S0022,物联网技术,第四学期,2023
S0023,计算机网络,第一学期,2023
S0023,操作系统,第一学期,2023
S0023,云计算,第二学期,2023
S0023,信息安全,第三学期,2023
S0023,数据库原理,第四学期,2023
S0023,线性代数,第四学期,2023
S0023,机器学习,第四学期,2023
S0023,数据挖掘,第四学期,2023
S0024,计算机网络,第一学期,2023
S0024,程序设计基础,第二学期,2023
S0024,高等数学,第二学期,2023
S0024,自然语言处理,第二学期,2023
S0024,物联网技术,第三学期,2023
S0024,云计算,第三学期,2023
S0024,机器学习,第三学期,2023
S0024,计算机视觉,第三学期,2023
S0024,软件工程,第四学期,2023
S0025,程序设计基础,第一学期,2023
S0025,高等数学,第一学期,2023
S0025,概率论与数理统计,第二学期,2023
S0025,离散数学,第三学期,2023
S0025,线性代数,第三学期,2023
S0025,量子计算导论,第四学期,2023
S0025,大学物理,第五学期,2023
S0025,数据库原理,第六学期,2023
S0025,自动驾驶技术,第一学期,2024
S0025,自然语言处理,第一学期,2024
S0025,物联网技术,第一学期,2024
S0025,算法设计与分析,第一学期,2024
S0025,云计算,第二学期,2024
S0025,大数据技术,第三学期,2024
S0026,高等数学,第一学期,2023
S0026,大学物理,第一学期,2023
S0026,离散数学,第一学期,2023
S0026,信息安全,第一学期,2023
S0026,自动驾驶技术,第二学期,2023
S0026,数据挖掘,第三学期,2023
S0026,数据库原理,第三学期,2023
S0026,强化学习,第四学期,2023
S0027,程序设计基础,第一学期,2023
S0027,高等数学,第一学期,2023
S0027,线性代数,第一学期,2023
S0027,区块链技术,第二学期,2023
S0027,深度学习,第三学期,2023
S0027,嵌入式系统,第四学期,2023
S0027,云计算,第五学期,2023
S0027,机器学习,第六学期,2023
S0027,数据库原理,第六学期,2023
S0027,数据挖掘,第六学期,2023
S0027,算法设计与分析,第一学期,2024
S0028,计算机网络,第一学期,2023
S0028,概率论与数理统计,第一学期,2023
S0028,信息安全,第一学期,2023
S0028,机器学习,第一学期,2023
S0028,大学物理,第二学期,2023
S0028,嵌入式系统,第三学期,2023
S0028,人工智能导论,第三学期,2023
S0028,量子计算导论,第三学期,2023
S0028,数据库原理,第三学期,2023
S0029,高等数学,第一学期,2023
S0029,离散数学,第一学期,2023
S0029,计算机网络,第一学期,2023
S0029,概率论与数理统计,第一学期,2023
S0029,强化学习,第二学期,2023
S0029,深度学习,第二学期,2023
S0029,操作系统,第二学期,2023
S0029,区块链技术,第二学期,2023
S0029,大数据技术,第三学期,2023
S0029,量子计算导论,第四学期,2023
S0029,数据结构,第四学期,2023
S0029,软件工程,第四学期,2023
S0029,算法设计与分析,第四学期,2023
S0029,自动驾驶技术,第五学期,2023
S0030,高等数学,第一学期,2023
S0030,概率论与数理统计,第一学期,2023
S0030,云计算,第一学期,2023
S0030,算法设计与分析,第一学期,2023
S0030,数据结构,第二学期,2023
S0030,密码学基础,第二学期,2023
S0030,自动驾驶技术,第二学期,2023
S0030,计算机视觉,第二学期,2023
S0030,信息安全,第三学期,2023
S0030,深度学习,第三学期,2023
S0030,大数据技术,第三学期,2023
S0030,区块链技术,第四学期,2023
S0030,嵌入式系统,第四学期,2023
S0031,计算机网络,第一学期,2023
S0031,程序设计基础,第二学期,2023
S0031,自动驾驶技术,第二学期,2023
S0031,人工智能导论,第二学期,2023
S0031,数据挖掘,第二学期,2023
S0031,云计算,第三学期,2023
S0031,大学物理,第三学期,2023
S0031,计算机组成原理,第四学期,2023
S0031,操作系统,第四学期,2023
S0031,自然语言处理,第四学期,2023
S0031,离散数学,第五学期,2023
S0032,高等数学,第一学期,2023
S0032,计算机网络,第二学期,2023
S0032,程序设计基础,第二学期,2023
S0032,离散数学,第三学期,2023
S0032,大学物理,第四学期,2023
S0032,数据库原理,第五学期,2023
S0032,算法设计与分析,第六学期,2023
S0032,信息安全,第一学期,2024
S0032,量子计算导论,第一学期,2024
S0032,机器学习,第二学期,2024
S0032,数据挖掘,第二学期,2024
S0033,计算机网络,第一学期,2023
S0033,线性代数,第二学期,2023
S0033,计算机组成原理,第二学期,2023
S0033,操作系统,第三学期,2023
S0033,信息安全,第三学期,2023
S0033,云计算,第三学期,2023
S0033,自动驾驶技术,第三学期,2023
S0033,软件工程,第四学期,2023
S0033,计算机视觉,第五学期,2023
S0033,数据结构,第六学期,2023
S0033,数据挖掘,第一学期,2024
S0033,概率论与数理统计,第一学期,2024
S0034,高等数学,第一学期,2023
S0034,离散数学,第一学期,2023
S0034,大数据技术,第一学期,2023
S0034,信息安全,第一学期,2023
S0034,人工智能导论,第二学期,2023
S0034,数据结构,第二学期,2023
S0034,计算机组成原理,第三学期,2023
S0034,操作系统,第三学期,2023
S0035,高等数学,第一学期,2023
S0035,概率论与数理统计,第二学期,2023
S0035,离散数学,第二学期,2023
S0035,密码学基础,第二学期,2023
S0035,大学物理,第二学期,2023
S0035,计算机组成原理,第三学期,2023
S0035,操作系统,第三学期,2023
S0035,量子计算导论,第三学期,2023
S0035,数据结构,第四学期,2023
S0035,人工智能导论,第四学期,2023
S0035,数据挖掘,第四学期,2023
S0035,区块链技术,第四学期,2023
S0035,信息安全,第五学期,2023
S0035,计算机视觉,第六学期,2023
S0035,大数据技术,第一学期,2024
S0036,程序设计基础,第一学期,2023
S0036,高等数学,第二学期,2023
S0036,数据结构,第二学期,2023
S0036,计算机网络,第二学期,2023
S0036,线性代数,第三学期,2023
S0036,计算机视觉,第四学期,2023
S0036,软件工程,第四学期,2023
S0036,强化学习,第五学期,2023
S0036,量子计算导论,第五学期,2023
S0036,嵌入式系统,第五学期,2023
S0036,自然语言处理,第五学期,2023
S0037,算法设计与分析,第一学期,2023
S0037,信息安全,第一学期,2023
S0037,区块链技术,第一学期,2023
S0037,人工智能导论,第一学期,2023
S0037,机器学习,第二学期,2023
S0037,计算机视觉,第二学期,2023
S0037,深度学习,第三学期,2023
S0037,离散数学,第三学期,2023
S0038,高等数学,第一学期,2023
S0038,计算机网络,第二学期,2023
S0038,线性代数,第三学期,2023
S0038,离散数学,第三学期,2023
S0038,大学物理,第四学期,2023
S0038,大数据技术,第四学期,2023
S0038,数据挖掘,第四学期,2023
S0038,计算机视觉,第四学期,2023
S0038,软件工程,第五学期,2023
S0038,操作系统,第六学期,2023
S0038,机器学习,第六学期,2023
S0038,量子计算导论,第一学期,2024
S0038,物联网技术,第一学期,2024
S0038,数据结构,第一学期,2024
S0039,区块链技术,第一学期,2023
S0039,云计算,第一学期,2023
S0039,密码学基础,第一学期,2023
S0039,强化学习,第二学期,2023
S0039,数据挖掘,第二学期,2023
S0039,算法设计与分析,第二学期,2023
S0039,大数据技术,第三学期,2023
S0039,线性代数,第三学期,2023
S0039,嵌入式系统,第三学期,2023
S0039,自动驾驶技术,第四学期,2023
S0039,大学物理,第四学期,2023
S0039,计算机组成原理,第四学期,2023
S0039,操作系统,第四学期,2023
S0039,软件工程,第五学期,2023
S0039,物联网技术,第五学期,2023
S0040,程序设计基础,第一学期,2023
S0040,嵌入式系统,第一学期,2023
S0040,概率论与数理统计,第一学期,2023
S0040,软件工程,第一学期,2023
S0040,离散数学,第二学期,2023
S0040,操作系统,第三学期,2023
S0040,大数据技术,第四学期,2023
S0040,计算机组成原理,第四学期,2023
S0040,强化学习,第四学期,2023
S0040,云计算,第四学期,2023
S0040,算法设计与分析,第五学期,2023
S0040,密码学基础,第五学期,2023
S0040,物联网技术,第五学期,2023
S0040,大学物理,第六学期,2023
S0040,量子计算导论,第一学期,2024
S0041,高等数学,第一学期,2023
S0041,强化学习,第一学期,2023
S0041,信息安全,第二学期,2023
S0041,区块链技术,第三学期,2023
S0041,软件工程,第三学期,2023
S0041,数据库原理,第三学期,2023
S0041,计算机组成原理,第四学期,2023
S0041,人工智能导论,第五学期,2023
S0041,算法设计与分析,第五学期,2023
S0041,数据挖掘,第五学期,2023
S0041,物联网技术,第五学期,2023
S0042,计算机网络,第一学期,2023
S0042,高等数学,第一学期,2023
S0042,离散数学,第一学期,2023
S0042,机器学习,第一学期,2023
S0042,自然语言处理,第二学期,2023
S0042,云计算,第二学期,2023
S0042,数据库原理,第二学期,2023
S0042,数据挖掘,第二学期,2023
S0042,计算机组成原理,第三学期,2023
S0042,操作系统,第四学期,2023
S0042,信息安全,第四学期,2023
S0042,大数据技术,第五学期,2023
S0042,量子计算导论,第六学期,2023
S0043,高等数学,第一学期,2023
S0043,数据挖掘,第二学期,2023
S0043,深度学习,第二学期,2023
S0043,机器学习,第二学期,2023
S0043,自然语言处理,第二学期,2023
S0043,大数据技术,第三学期,2023
S0043,数据结构,第三学期,2023
S0043,软件工程,第三学期,2023
S0044,计算机网络,第一学期,2023
S0044,区块链技术,第一学期,2023
S0044,强化学习,第一学期,2023
S0044,数据挖掘,第一学期,2023
S0044,操作系统,第二学期,2023
S0044,物联网技术,第二学期,2023
S0044,机器学习,第二学期,2023
S0044,数据结构,第三学期,2023
S0044,算法设计与分析,第三学期,2023
S0044,离散数学,第四学期,2023
S0045,机器学习,第一学期,2023
S0045,计算机视觉,第一学期,2023
S0045,量子计算导论,第一学期,2023
S0045,信息安全,第一学期,2023
S0045,密码学基础,第二学期,2023
S0045,软件工程,第三学期,2023
S0045,物联网技术,第四学期,2023
S0045,算法设计与分析,第四学期,2023
S0045,概率论与数理统计,第四学期,2023
S0045,人工智能导论,第四学期,2023
S0045,云计算,第五学期,2023
S0046,计算机网络,第一学期,2023
S0046,高等数学,第一学期,2023
S0046,操作系统,第一学期,2023
S0046,算法设计与分析,第二学期,2023
S0046,数据结构,第三学期,2023
S0046,数据挖掘,第三学期,2023
S0046,计算机组成原理,第四学期,2023
S0046,量子计算导论,第四学期,2023
S0047,程序设计基础,第一学期,2023
S0047,计算机网络,第一学期,2023
S0047,自动驾驶技术,第一学期,2023
S0047,软件工程,第二学期,2023
S0047,机器学习,第三学期,2023
S0047,大数据技术,第三学期,2023
S0047,数据挖掘,第四学期,2023
S0047,操作系统,第四学期,2023
S0047,密码学基础,第四学期,2023
S0048,计算机网络,第一学期,2023
S0048,大数据技术,第一学期,2023
S0048,计算机视觉,第一学期,2023
S0048,信息安全,第一学期,2023
S0048,计算机组成原理,第二学期,2023
S0048,操作系统,第二学期,2023
S0048,大学物理,第二学期,2023
S0048,概率论与数理统计,第三学期,2023
S0048,数据库原理,第三学期,2023
S0048,区块链技术,第三学期,2023
S0048,线性代数,第三学期,2023
S0048,物联网技术,第四学期,2023
S0049,高等数学,第一学期,2023
S0049,离散数学,第一学期,2023
S0049,计算机网络,第二学期,2023
S0049,密码学基础,第二学期,2023
S0049,区块链技术,第二学期,2023
S0049,自动驾驶技术,第三学期,2023
S0049,嵌入式系统,第三学期,2023
S0049,计算机视觉,第三学期,2023
S0049,量子计算导论,第三学期,2023
S0049,算法设计与分析,第四学期,2023
S0049,软件工程,第五学期,2023
S0049,机器学习,第六学期,2023
S0050,计算机网络,第一学期,2023
S0050,高等数学,第一学期,2023
S0050,大学物理,第一学期,2023
S0050,数据库原理,第二学期,2023
S0050,信息安全,第三学期,2023
S0050,深度学习,第三学期,2023
S0050,人工智能导论,第三学期,2023
S0050,数据结构,第三学期,2023
S0050,计算机视觉,第四学期,2023
S0050,数据挖掘,第四学期,2023
S0051,云计算,第一学期,2023
S0051,软件工程,第二学期,2023
S0051,操作系统,第二学期,2023
S0051,强化学习,第二学期,2023
S0051,数据库原理,第二学期,2023
S0051,大学物理,第三学期,2023
S0051,嵌入式系统,第三学期,2023
S0051,量子计算导论,第三学期,2023
S0051,区块链技术,第三学期,2023
S0051,人工智能导论,第四学期,2023
S0051,概率论与数理统计,第五学期,2023
S0051,自动驾驶技术,第五学期,2023
S0052,程序设计基础,第一学期,2023
S0052,数据结构,第一学期,2023
S0052,算法设计与分析,第一学期,2023
S0052,数据库原理,第一学期,2023
S0052,区块链技术,第二学期,2023
S0052,自动驾驶技术,第二学期,2023
S0052,线性代数,第二学期,2023
S0052,云计算,第二学期,2023
S0052,量子计算导论,第三学期,2023
S0052,计算机组成原理,第三学期,2023
S0052,操作系统,第三学期,2023
S0053,计算机网络,第一学期,2023
S0053,高等数学,第二学期,2023
S0053,大学物理,第三学期,2023
S0053,计算机组成原理,第三学期,2023
S0053,嵌入式系统,第三学期,2023
S0053,机器学习,第三学期,2023
S0053,区块链技术,第四学期,2023
S0053,算法设计与分析,第四学期,2023
S0053,软件工程,第四学期,2023
S0053,自动驾驶技术,第四学期,2023
S0053,信息安全,第五学期,2023
S0053,数据挖掘,第五学期,2023
S0053,人工智能导论,第六学期,2023
S0054,计算机网络,第一学期,2023
S0054,概率论与数理统计,第一学期,2023
S0054,物联网技术,第二学期,2023
S0054,强化学习,第二学期,2023
S0054,深度学习,第二学期,2023
S0054,密码学基础,第二学期,2023
S0054,线性代数,第三学期,2023
S0054,量子计算导论,第四学期,2023
S0054,操作系统,第四学期,2023
S0054,机器学习,第五学期,2023
S0054,计算机视觉,第五学期,2023
S0054,大数据技术,第五学期,2023
S0055,程序设计基础,第一学期,2023
S0055,计算机网络,第一学期,2023
S0055,自然语言处理,第一学期,2023
S0055,离散数学,第一学期,2023
S0055,人工智能导论,第二学期,2023
S0055,嵌入式系统,第三学期,2023
S0055,机器学习,第四学期,2023
S0055,密码学基础,第四学期,2023
S0055,区块链技术,第四学期,2023
S0055,大数据技术,第四学期,2023
S0055,信息安全,第五学期,2023
S0055,计算机组成原理,第六学期,2023
S0055,操作系统,第六学期,2023
S0055,线性代数,第六学期,2023
S0055,算法设计与分析,第一学期,2024
S0056,高等数学,第一学期,2023
S0056,程序设计基础,第一学期,2023
S0056,大学物理,第二学期,2023
S0056,计算机组成原理,第三学期,2023
S0056,数据结构,第三学期,2023
S0056,离散数学,第三学期,2023
S0056,操作系统,第四学期,2023
S0056,算法设计与分析,第五学期,2023
S0056,计算机视觉,第五学期,2023
S0056,自然语言处理,第五学期,2023
S0056,机器学习,第五学期,2023
S0056,物联网技术,第六学期,2023
S0056,云计算,第六学期,2023
S0057,程序设计基础,第一学期,2023
S0057,数据结构,第二学期,2023
S0057,数据库原理,第二学期,2023
S0057,区块链技术,第三学期,2023
S0057,机器学习,第三学期,2023
S0057,自然语言处理,第四学期,2023
S0057,数据挖掘,第四学期,2023
S0057,强化学习,第五学期,2023
S0057,云计算,第五学期,2023
S0057,软件工程,第五学期,2023
S0057,信息安全,第六学期,2023
S0057,嵌入式系统,第六学期,2023
S0058,计算机网络,第一学期,2023
S0058,量子计算导论,第一学期,2023
S0058,算法设计与分析,第一学期,2023
S0058,数据挖掘,第一学期,2023
S0058,密码学基础,第二学期,2023
S0058,区块链技术,第二学期,2023
S0058,软件工程,第二学期,2023
S0058,物联网技术,第二学期,2023
S0058,自然语言处理,第三学期,2023
S0058,深度学习,第三学期,2023
S0058,信息安全,第三学期,2023
S0058,机器学习,第三学期,2023
S0058,计算机视觉,第四学期,2023
S0058,计算机组成原理,第四学期,2023
S0058,大学物理,第五学期,2023
S0059,高等数学,第一学期,2023
S0059,程序设计基础,第一学期,2023
S0059,概率论与数理统计,第一学期,2023
S0059,强化学习,第一学期,2023
S0059,量子计算导论,第二学期,2023
S0059,人工智能导论,第二学期,2023
S0059,机器学习,第二学期,2023
S0059,深度学习,第二学期,2023
S0059,算法设计与分析,第三学期,2023
S0059,自动驾驶技术,第三学期,2023
S0059,密码学基础,第四学期,2023
S0059,云计算,第四学期,2023
S0059,大数据技术,第四学期,2023
S0059,嵌入式系统,第四学期,2023
S0059,数据库原理,第五学期,2023
S0060,计算机网络,第一学期,2023
S0060,程序设计基础,第一学期,2023
S0060,算法设计与分析,第二学期,2023
S0060,区块链技术,第二学期,2023
S0060,嵌入式系统,第二学期,2023
S0060,物联网技术,第二学期,2023
S0060,线性代数,第三学期,2023
S0060,计算机视觉,第四学期,2023
S0060,机器学习,第五学期,2023
S0060,量子计算导论,第六学期,2023
S0060,人工智能导论,第六学期,2023
S0060,操作系统,第六学期,2023
S0060,密码学基础,第一学期,2024
S0060,概率论与数理统计,第一学期,2024
S0061,线性代数,第一学期,2023
S0061,数据挖掘,第一学期,2023
S0061,密码学基础,第二学期,2023
S0061,机器学习,第三学期,2023
S0061,强化学习,第三学期,2023
S0061,深度学习,第三学期,2023
S0061,离散数学,第三学期,2023
S0061,操作系统,第四学期,2023
S0061,云计算,第四学期,2023
S0061,计算机组成原理,第四学期,2023
S0061,区块链技术,第四学期,2023
S0061,大数据技术,第五学期,2023
S0061,数据库原理,第五学期,2023
S0061,量子计算导论,第五学期,2023
S0062,高等数学,第一学期,2023
S0062,计算机网络,第二学期,2023
S0062,概率论与数理统计,第二学期,2023
S0062,离散数学,第二学期,2023
S0062,线性代数,第二学期,2023
S0062,大学物理,第三学期,2023
S0062,计算机组成原理,第四学期,2023
S0062,操作系统,第五学期,2023
S0062,云计算,第六学期,2023
S0062,人工智能导论,第一学期,2024
S0062,区块链技术,第一学期,2024
S0062,软件工程,第一学期,2024
S0062,强化学习,第二学期,2024
S0062,算法设计与分析,第二学期,2024
S0063,程序设计基础,第一学期,2023
S0063,计算机网络,第二学期,2023
S0063,操作系统,第三学期,2023
S0063,云计算,第四学期,2023
S0063,信息安全,第四学期,2023
S0063,区块链技术,第五学期,2023
S0063,大学物理,第五学期,2023
S0063,概率论与数理统计,第五学期,2023
S0063,深度学习,第五学期,2023
S0064,程序设计基础,第一学期,2023
S0064,计算机网络,第一学期,2023
S0064,数据结构,第一学期,2023
S0064,大数据技术,第一学期,2023
S0064,强化学习,第二学期,2023
S0064,计算机组成原理,第二学期,2023
S0064,嵌入式系统,第二学期,2023
S0064,离散数学,第三学期,2023
S0064,密码学基础,第三学期,2023
S0064,区块链技术,第三学期,2023
S0064,大学物理,第三学期,2023
S0064,深度学习,第四学期,2023
S0064,自然语言处理,第五学期,2023
S0064,概率论与数理统计,第五学期,2023
S0064,人工智能导论,第五学期,2023
S0065,操作系统,第一学期,2023
S0065,软件工程,第一学期,2023
S0065,数据结构,第一学期,2023
S0065,算法设计与分析,第一学期,2023
S0065,机器学习,第二学期,2023
S0065,计算机视觉,第二学期,2023
S0065,区块链技术,第三学期,2023
S0065,物联网技术,第四学期,2023
S0066,计算机网络,第一学期,2023
S0066,程序设计基础,第一学期,2023
S0066,数据结构,第二学期,2023
S0066,数据库原理,第二学期,2023
S0066,操作系统,第三学期,2023
S0066,嵌入式系统,第三学期,2023
S0066,深度学习,第三学期,2023
S0066,区块链技术,第三学期,2023
S0066,大学物理,第四学期,2023
S0066,线性代数,第五学期,2023
S0066,量子计算导论,第五学期,2023
S0067,计算机网络,第一学期,2023
S0067,高等数学,第一学期,2023
S0067,概率论与数理统计,第一学期,2023
S0067,大学物理,第一学期,2023
S0067,嵌入式系统,第二学期,2023
S0067,物联网技术,第二学期,2023
S0067,数据挖掘,第二学期,2023
S0067,算法设计与分析,第三学期,2023
S0067,数据结构,第四学期,2023
S0067,人工智能导论,第五学期,2023
S0067,强化学习,第五学期,2023
S0067,操作系统,第五学期,2023
S0067,深度学习,第五学期,2023
S0068,计算机网络,第一学期,2023
S0068,高等数学,第一学期,2023
S0068,概率论与数理统计,第一学期,2023
S0068,离散数学,第一学期,2023
S0068,数据结构,第二学期,2023
S0068,人工智能导论,第二学期,2023
S0068,算法设计与分析,第三学期,2023
S0068,物联网技术,第三学期,2023
S0068,深度学习,第四学期,2023
S0068,量子计算导论,第五学期,2023
S0068,自然语言处理,第五学期,2023
S0068,嵌入式系统,第五学期,2023
S0068,强化学习,第六学期,2023
S0068,区块链技术,第一学期,2024
S0068,软件工程,第二学期,2024
S0069,高等数学,第一学期,2023
S0069,大学物理,第二学期,2023
S0069,计算机组成原理,第二学期,2023
S0069,程序设计基础,第二学期,2023
S0069,操作系统,第二学期,2023
S0069,数据结构,第三学期,2023
S0069,深度学习,第四学期,2023
S0069,物联网技术,第四学期,2023
S0069,密码学基础,第四学期,2023
S0069,计算机视觉,第五学期,2023
S0069,机器学习,第六学期,2023
S0070,计算机网络,第一学期,2023
S0070,操作系统,第二学期,2023
S0070,信息安全,第二学期,2023
S0070,强化学习,第二学期,2023
S0070,数据挖掘,第二学期,2023
S0070,物联网技术,第三学期,2023
S0070,自动驾驶技术,第三学期,2023
S0070,计算机视觉,第四学期,2023
S0070,嵌入式系统,第四学期,2023
S0070,计算机组成原理,第四学期,2023
S0070,深度学习,第四学期,2023
S0070,算法设计与分析,第五学期,2023
S0071,高等数学,第一学期,2023
S0071,计算机网络,第一学期,2023
S0071,离散数学,第一学期,2023
S0071,机器学习,第一学期,2023
S0071,物联网技术,第二学期,2023
S0071,量子计算导论,第二学期,2023
S0071,云计算,第二学期,2023
S0071,自动驾驶技术,第二学期,2023
S0072,计算机网络,第一学期,2023
S0072,概率论与数理统计,第一学期,2023
S0072,数据库原理,第一学期,2023
S0072,线性代数,第一学期,2023
S0072,区块链技术,第二学期,2023
S0072,嵌入式系统,第二学期,2023
S0072,大学物理,第二学期,2023
S0072,密码学基础,第二学期,2023
S0072,深度学习,第三学期,2023
S0072,自动驾驶技术,第三学期,2023
S0072,信息安全,第四学期,2023
S0072,大数据技术,第五学期,2023
S0073,高等数学,第一学期,2023
S0073,离散数学,第一学期,2023
S0073,密码学基础,第二学期,2023
S0073,大学物理,第二学期,2023
S0073,强化学习,第二学期,2023
S0073,区块链技术,第三学期,2023
S0073,云计算,第四学期,2023
S0073,操作系统,第五学期,2023
S0073,数据库原理,第六学期,2023
S0073,人工智能导论,第六学期,2023
S0073,计算机视觉,第六学期,2023
S0073,数据结构,第六学期,2023
S0073,嵌入式系统,第一学期,2024
S0074,线性代数,第一学期,2023
S0074,数据结构,第二学期,2023
S0074,数据挖掘,第三学期,2023
S0074,计算机组成原理,第三学期,2023
S0074,嵌入式系统,第三学期,2023
S0074,量子计算导论,第三学期,2023
S0074,离散数学,第四学期,2023
S0074,深度学习,第四学期,2023
S0074,区块链技术,第五学期,2023
S0074,大数据技术,第五学期,2023
S0074,计算机视觉,第六学期,2023
S0075,线性代数,第一学期,2023
S0075,概率论与数理统计,第二学期,2023
S0075,机器学习,第二学期,2023
S0075,计算机视觉,第三学期,2023
S0075,大数据技术,第三学期,2023
S0075,数据库原理,第三学期,2023
S0075,数据结构,第三学期,2023
S0075,区块链技术,第四学期,2023
S0075,操作系统,第四学期,2023
S0076,程序设计基础,第一学期,2023
S0076,区块链技术,第一学期,2023
S0076,信息安全,第一学期,2023
S0076,大数据技术,第一学期,2023
S0076,密码学基础,第二学期,2023
S0076,云计算,第二学期,2023
S0076,概率论与数理统计,第三学期,2023
S0076,深度学习,第三学期,2023
S0076,机器学习,第四学期,2023
S0076,自然语言处理,第四学期,2023
S0076,线性代数,第四学期,2023
S0076,物联网技术,第四学期,2023
S0076,大学物理,第五学期,2023
S0076,软件工程,第五学期,2023
S0077,高等数学,第一学期,2023
S0077,计算机网络,第一学期,2023
S0077,大学物理,第一学期,2023
S0077,计算机组成原理,第一学期,2023
S0077,嵌入式系统,第二学期,2023
S0077,人工智能导论,第二学期,2023
S0077,深度学习,第二学期,2023
S0077,密码学基础,第二学期,2023
S0078,程序设计基础,第一学期,2023
S0078,高等数学,第一学期,2023
S0078,数据结构,第一学期,2023
S0078,算法设计与分析,第一学期,2023
S0078,区块链技术,第二学期,2023
S0078,强化学习,第二学期,2023
S0078,机器学习,第三学期,2023
S0078,深度学习,第四学期,2023
S0078,大数据技术,第四学期,2023
S0078,计算机组成原理,第五学期,2023
S0078,嵌入式系统,第五学期,2023
S0078,密码学基础,第六学期,2023
S0078,云计算,第六学期,2023
S0078,信息安全,第六学期,2023
S0079,高等数学,第一学期,2023
S0079,线性代数,第二学期,2023
S0079,计算机视觉,第二学期,2023
S0079,大数据技术,第二学期,2023
S0079,软件工程,第三学期,2023
S0079,强化学习,第三学期,2023
S0079,数据挖掘,第三学期,2023
S0079,嵌入式系统,第三学期,2023
S0079,操作系统,第四学期,2023
S0079,数据结构,第四学期,2023
S0079,区块链技术,第四学期,2023
S0080,程序设计基础,第一学期,2023
S0080,密码学基础,第一学期,2023
S0080,自动驾驶技术,第一学期,2023
S0080,数据挖掘,第一学期,2023
S0080,云计算,第二学期,2023
S0080,量子计算导论,第二学期,2023
S0080,强化学习,第三学期,2023
S0080,嵌入式系统,第四学期,2023
S0080,大学物理,第四学期,2023
S0080,计算机组成原理,第四学期,2023
S0080,软件工程,第四学期,2023
S0080,概率论与数理统计,第五学期,2023
S0080,人工智能导论,第五学期,2023
S0080,物联网技术,第六学期,2023
S0080,区块链技术,第一学期,2024
S0081,程序设计基础,第一学期,2023
S0081,高等数学,第二学期,2023
S0081,计算机网络,第二学期,2023
S0081,强化学习,第二学期,2023
S0081,嵌入式系统,第二学期,2023
S0081,操作系统,第三学期,2023
S0081,信息安全,第四学期,2023
S0081,区块链技术,第四学期,2023
S0082,高等数学,第一学期,2023
S0082,离散数学,第一学期,2023
S0082,密码学基础,第一学期,2023
S0082,数据挖掘,第一学期,2023
S0082,人工智能导论,第二学期,2023
S0082,大数据技术,第二学期,2023
S0082,算法设计与分析,第三学期,2023
S0082,软件工程,第三学期,2023
S0082,信息安全,第四学期,2023
S0082,计算机组成原理,第五学期,2023
S0082,强化学习,第五学期,2023
S0082,自动驾驶技术,第五学期,2023
S0082,云计算,第五学期,2023
S0083,计算机网络,第一学期,2023
S0083,程序设计基础,第二学期,2023
S0083,数据结构,第三学期,2023
S0083,数据库原理,第三学期,2023
S0083,计算机视觉,第三学期,2023
S0083,大数据技术,第三学期,2023
S0083,信息安全,第四学期,2023
S0083,计算机组成原理,第五学期,2023
S0083,嵌入式系统,第六学期,2023
S0083,概率论与数理统计,第六学期,2023
S0083,自然语言处理,第六学期,2023
S0084,高等数学,第一学期,2023
S0084,计算机网络,第一学期,2023
S0084,大学物理,第二学期,2023
S0084,计算机视觉,第二学期,2023
S0084,密码学基础,第二学期,2023
S0084,信息安全,第二学期,2023
S0084,人工智能导论,第三学期,2023
S0084,数据库原理,第三学期,2023
S0084,深度学习,第三学期,2023
S0084,强化学习,第四学期,2023
S0084,数据挖掘,第四学期,2023
S0085,数据结构,第一学期,2023
S0085,计算机组成原理,第一学期,2023
S0085,概率论与数理统计,第一学期,2023
S0085,人工智能导论,第一学期,2023
S0085,机器学习,第二学期,2023
S0085,强化学习,第二学期,2023
S0085,数据挖掘,第二学期,2023
S0085,区块链技术,第二学期,2023
S0086,高等数学,第一学期,2023
S0086,计算机网络,第一学期,2023
S0086,深度学习,第一学期,2023
S0086,自动驾驶技术,第二学期,2023
S0086,信息安全,第三学期,2023
S0086,机器学习,第三学期,2023
S0086,强化学习,第三学期,2023
S0086,物联网技术,第三学期,2023
S0086,计算机组成原理,第四学期,2023
S0087,高等数学,第一学期,2023
S0087,数据结构,第一学期,2023
S0087,深度学习,第一学期,2023
S0087,大数据技术,第二学期,2023
S0087,数据挖掘,第三学期,2023
S0087,云计算,第四学期,2023
S0087,机器学习,第四学期,2023
S0087,强化学习,第四学期,2023
S0088,高等数学,第一学期,2023
S0088,大学物理,第二学期,2023
S0088,线性代数,第二学期,2023
S0088,强化学习,第三学期,2023
S0088,深度学习,第三学期,2023
S0088,物联网技术,第三学期,2023
S0088,量子计算导论,第三学期,2023
S0088,人工智能导论,第四学期,2023
S0089,程序设计基础,第一学期,2023
S0089,计算机网络,第一学期,2023
S0089,计算机视觉,第二学期,2023
S0089,大数据技术,第二学期,2023
S0089,机器学习,第二学期,2023
S0089,自动驾驶技术,第二学期,2023
S0089,自然语言处理,第三学期,2023
S0089,软件工程,第三学期,2023
S0089,大学物理,第三学期,2023
S0089,量子计算导论,第三学期,2023
S0089,算法设计与分析,第四学期,2023
S0089,线性代数,第四学期,2023
S0090,高等数学,第一学期,2023
S0090,程序设计基础,第一学期,2023
S0090,计算机网络,第二学期,2023
S0090,离散数学,第三学期,2023
S0090,算法设计与分析,第四学期,2023
S0090,嵌入式系统,第四学期,2023
S0090,大数据技术,第四学期,2023
S0090,区块链技术,第四学期,2023
S0090,计算机视觉,第五学期,2023
S0090,计算机组成原理,第五学期,2023
S0090,自然语言处理,第五学期,2023
S0090,云计算,第六学期,2023
S0090,强化学习,第一学期,2024
S0090,自动驾驶技术,第一学期,2024
S0091,高等数学,第一学期,2023
S0091,离散数学,第一学期,2023
S0091,线性代数,第一学期,2023
S0091,大学物理,第一学期,2023
S0091,物联网技术,第二学期,2023
S0091,嵌入式系统,第二学期,2023
S0091,人工智能导论,第二学期,2023
S0091,计算机视觉,第三学期,2023
S0091,量子计算导论,第三学期,2023
S0091,数据结构,第三学期,2023
S0091,操作系统,第三学期,2023
S0091,自然语言处理,第四学期,2023
S0092,高等数学,第一学期,2023
S0092,云计算,第一学期,2023
S0092,机器学习,第一学期,2023
S0092,计算机视觉,第一学期,2023
S0092,算法设计与分析,第二学期,2023
S0092,物联网技术,第二学期,2023
S0092,嵌入式系统,第二学期,2023
S0092,大数据技术,第二学期,2023
S0092,操作系统,第三学期,2023
S0092,数据库原理,第三学期,2023
S0092,人工智能导论,第三学期,2023
S0093,自动驾驶技术,第一学期,2023
S0093,概率论与数理统计,第一学期,2023
S0093,人工智能导论,第一学期,2023
S0093,机器学习,第一学期,2023
S0093,强化学习,第二学期,2023
S0093,自然语言处理,第二学期,2023
S0093,密码学基础,第二学期,2023
S0093,大学物理,第二学期,2023
S0094,程序设计基础,第一学期,2023
S0094,数据结构,第一学期,2023
S0094,计算机网络,第一学期,2023
S0094,信息安全,第一学期,2023
S0094,自然语言处理,第二学期,2023
S0094,大学物理,第三学期,2023
S0094,计算机组成原理,第三学期,2023
S0094,嵌入式系统,第三学期,2023
S0094,操作系统,第三学期,2023
S0094,云计算,第四学期,2023
S0094,机器学习,第四学期,2023
S0094,深度学习,第五学期,2023
S0094,数据挖掘,第六学期,2023
S0094,区块链技术,第六学期,2023
S0095,计算机网络,第一学期,2023
S0095,高等数学,第一学期,2023
S0095,离散数学,第一学期,2023
S0095,强化学习,第二学期,2023
S0095,大数据技术,第二学期,2023
S0095,深度学习,第二学期,2023
S0095,人工智能导论,第二学期,2023
S0095,嵌入式系统,第三学期,2023
S0095,机器学习,第三学期,2023
S0096,程序设计基础,第一学期,2023
S0096,高等数学,第二学期,2023
S0096,离散数学,第三学期,2023
S0096,数据结构,第四学期,2023
S0096,数据库原理,第五学期,2023
S0096,线性代数,第五学期,2023
S0096,大学物理,第五学期,2023
S0096,嵌入式系统,第五学期,2023
S0097,程序设计基础,第一学期,2023
S0097,数据结构,第一学期,2023
S0097,计算机网络,第一学期,2023
S0097,软件工程,第一学期,2023
S0097,强化学习,第二学期,2023
S0097,数据挖掘,第三学期,2023
S0097,计算机视觉,第四学期,2023
S0097,线性代数,第四学期,2023
S0097,离散数学,第四学期,2023
S0098,计算机网络,第一学期,2023
S0098,高等数学,第一学期,2023
S0098,区块链技术,第一学期,2023
S0098,强化学习,第一学期,2023
S0098,数据结构,第二学期,2023
S0098,数据库原理,第二学期,2023
S0098,物联网技术,第三学期,2023
S0098,软件工程,第三学期,2023
S0098,自然语言处理,第三学期,2023
S0098,密码学基础,第三学期,2023
S0098,计算机组成原理,第四学期,2023
S0098,嵌入式系统,第四学期,2023
S0098,云计算,第四学期,2023
S0098,深度学习,第四学期,2023
S0098,数据挖掘,第五学期,2023
S0099,程序设计基础,第一学期,2023
S0099,高等数学,第一学期,2023
S0099,概率论与数理统计,第一学期,2023
S0099,线性代数,第一学期,2023
S0099,云计算,第二学期,2023
S0099,密码学基础,第二学期,2023
S0099,算法设计与分析,第三学期,2023
S0099,大数据技术,第三学期,2023
S0099,机器学习,第三学期,2023
S0099,区块链技术,第三学期,2023
S0099,软件工程,第四学期,2023
S0100,计算机网络,第一学期,2023
S0100,程序设计基础,第一学期,2023
S0100,数据结构,第一学期,2023
S0100,算法设计与分析,第二学期,2023
S0100,自然语言处理,第二学期,2023
S0100,概率论与数理统计,第二学期,2023
S0100,软件工程,第二学期,2023
S0100,区块链技术,第三学期,2023
S0100,密码学基础,第三学期,2023
S0100,量子计算导论,第三学期,2023
S0100,大学物理,第三学期,2023
S0100,机器学习,第四学期,2023
S0101,计算机网络,第一学期,2023
S0101,高等数学,第一学期,2023
S0101,线性代数,第二学期,2023
S0101,离散数学,第二学期,2023
S0101,操作系统,第二学期,2023
S0101,信息安全,第二学期,2023
S0101,软件工程,第三学期,2023
S0101,自然语言处理,第三学期,2023
S0101,数据挖掘,第三学期,2023
S0101,强化学习,第三学期,2023
S0101,物联网技术,第四学期,2023
S0101,区块链技术,第四学期,2023
S0101,数据库原理,第五学期,2023
S0101,人工智能导论,第五学期,2023
S0101,数据结构,第五学期,2023
S0102,计算机网络,第一学期,2023
S0102,高等数学,第一学期,2023
S0102,大学物理,第二学期,2023
S0102,线性代数,第三学期,2023
S0102,计算机组成原理,第三学期,2023
S0102,嵌入式系统,第四学期,2023
S0102,机器学习,第五学期,2023
S0102,数据库原理,第六学期,2023
S0102,区块链技术,第六学期,2023
S0102,信息安全,第六学期,2023
S0102,量子计算导论,第六学期,2023
S0102,算法设计与分析,第一学期,2024
S0102,数据结构,第一学期,2024
S0103,计算机网络,第一学期,2023
S0103,高等数学,第一学期,2023
S0103,线性代数,第一学期,2023
S0103,数据库原理,第一学期,2023
S0103,物联网技术,第二学期,2023
S0103,嵌入式系统,第二学期,2023
S0103,操作系统,第二学期,2023
S0103,算法设计与分析,第二学期,2023
S0103,强化学习,第三学期,2023
S0103,软件工程,第四学期,2023
S0103,量子计算导论,第四学期,2023
S0103,机器学习,第四学期,2023
S0104,计算机网络,第一学期,2023
S0104,计算机组成原理,第一学期,2023
S0104,嵌入式系统,第二学期,2023
S0104,强化学习,第二学期,2023
S0104,机器学习,第二学期,2023
S0104,数据库原理,第三学期,2023
S0104,人工智能导论,第四学期,2023
S0104,信息安全,第四学期,2023
S0104,大学物理,第五学期,2023
S0105,高等数学,第一学期,2023
S0105,概率论与数理统计,第二学期,2023
S0105,计算机网络,第三学期,2023
S0105,数据库原理,第三学期,2023
S0105,自然语言处理,第四学期,2023
S0105,大数据技术,第四学期,2023
S0105,操作系统,第四学期,2023
S0105,机器学习,第四学期,2023
S0106,程序设计基础,第一学期,2023
S0106,计算机网络,第一学期,2023
S0106,数据结构,第一学期,2023
S0106,算法设计与分析,第一学期,2023
S0106,自动驾驶技术,第二学期,2023
S0106,大学物理,第二学期,2023
S0106,计算机组成原理,第二学期,2023
S0106,嵌入式系统,第二学期,2023
S0106,区块链技术,第三学期,2023
S0106,离散数学,第四学期,2023
S0106,软件工程,第四学期,2023
S0106,强化学习,第四学期,2023
S0106,计算机视觉,第四学期,2023
S0107,计算机网络,第一学期,2023
S0107,高等数学,第二学期,2023
S0107,线性代数,第二学期,2023
S0107,云计算,第二学期,2023
S0107,数据结构,第二学期,2023
S0107,数据库原理,第三学期,2023
S0107,信息安全,第三学期,2023
S0107,强化学习,第三学期,2023
S0108,高等数学,第一学期,2023
S0108,离散数学,第一学期,2023
S0108,密码学基础,第一学期,2023
S0108,计算机网络,第一学期,2023
S0108,区块链技术,第二学期,2023
S0108,大学物理,第二学期,2023
S0108,程序设计基础,第二学期,2023
S0108,线性代数,第三学期,2023
S0108,计算机组成原理,第三学期,2023
S0108,嵌入式系统,第三学期,2023
S0108,物联网技术,第三学期,2023
S0108,自然语言处理,第四学期,2023
S0108,数据挖掘,第四学期,2023
S0108,量子计算导论,第五学期,2023
S0109,概率论与数理统计,第一学期,2023
S0109,机器学习,第一学期,2023
S0109,强化学习,第一学期,2023
S0109,深度学习,第二学期,2023
S0109,计算机组成原理,第三学期,2023
S0109,大学物理,第三学期,2023
S0109,密码学基础,第三学期,2023
S0109,云计算,第三学期,2023
S0109,数据库原理,第四学期,2023
S0109,算法设计与分析,第五学期,2023
S0109,物联网技术,第五学期,2023
S0110,自然语言处理,第一学期,2023
S0110,计算机组成原理,第二学期,2023
S0110,嵌入式系统,第三学期,2023
S0110,操作系统,第三学期,2023
S0110,信息安全,第三学期,2023
S0110,线性代数,第三学期,2023
S0110,大学物理,第四学期,2023
S0110,离散数学,第五学期,2023
S0110,软件工程,第五学期,2023
S0110,云计算,第五学期,2023
S0110,密码学基础,第五学期,2023
S0110,量子计算导论,第六学期,2023
S0110,大数据技术,第一学期,2024
S0111,程序设计基础,第一学期,2023
S0111,高等数学,第一学期,2023
S0111,离散数学,第一学期,2023
S0111,计算机视觉,第一学期,2023
S0111,算法设计与分析,第二学期,2023
S0111,物联网技术,第二学期,2023
S0111,操作系统,第二学期,2023
S0111,嵌入式系统,第三学期,2023
S0111,大数据技术,第三学期,2023
S0111,自动驾驶技术,第三学期,2023
S0111,软件工程,第三学期,2023
S0112,计算机网络,第一学期,2023
S0112,程序设计基础,第一学期,2023
S0112,数据结构,第一学期,2023
S0112,算法设计与分析,第一学期,2023
S0112,数据库原理,第二学期,2023
S0112,云计算,第三学期,2023
S0112,离散数学,第三学期,2023
S0112,嵌入式系统,第三学期,2023
S0112,物联网技术,第四学期,2023
S0112,计算机组成原理,第四学期,2023
S0112,大数据技术,第四学期,2023
S0112,量子计算导论,第五学期,2023
S0112,概率论与数理统计,第五学期,2023
S0112,区块链技术,第五学期,2023
S0112,深度学习,第五学期,2023
S0113,程序设计基础,第一学期,2023
S0113,数据结构,第二学期,2023
S0113,数据库原理,第三学期,2023
S0113,算法设计与分析,第三学期,2023
S0113,概率论与数理统计,第四学期,2023
S0113,信息安全,第五学期,2023
S0113,大数据技术,第五学期,2023
S0113,自动驾驶技术,第五学期,2023
S0113,物联网技术,第六学期,2023
S0114,高等数学,第一学期,2023
S0114,计算机网络,第一学期,2023
S0114,大学物理,第一学期,2023
S0114,程序设计基础,第一学期,2023
S0114,密码学基础,第二学期,2023
S0114,大数据技术,第二学期,2023
S0114,计算机视觉,第二学期,2023
S0114,云计算,第二学期,2023
S0114,操作系统,第三学期,2023
S0114,信息安全,第四学期,2023
S0114,深度学习,第五学期,2023
S0115,高等数学,第一学期,2023
S0115,线性代数,第一学期,2023
S0115,离散数学,第一学期,2023
S0115,软件工程,第二学期,2023
S0115,数据结构,第二学期,2023
S0115,信息安全,第二学期,2023
S0115,物联网技术,第三学期,2023
S0115,强化学习,第三学期,2023
S0116,高等数学,第一学期,2023
S0116,计算机网络,第二学期,2023
S0116,线性代数,第二学期,2023
S0116,深度学习,第二学期,2023
S0116,信息安全,第二学期,2023
S0116,云计算,第三学期,2023
S0116,区块链技术,第三学期,2023
S0116,强化学习,第三学期,2023
S0116,计算机视觉,第三学期,2023
S0116,自动驾驶技术,第四学期,2023
S0116,机器学习,第五学期,2023
S0117,高等数学,第一学期,2023
S0117,线性代数,第一学期,2023
S0117,概率论与数理统计,第二学期,2023
S0117,量子计算导论,第二学期,2023
S0117,嵌入式系统,第二学期,2023
S0117,计算机视觉,第二学期,2023
S0117,物联网技术,第三学期,2023
S0117,自动驾驶技术,第三学期,2023
S0117,强化学习,第四学期,2023
S0117,大数据技术,第四学期,2023
S0117,云计算,第五学期,2023
S0117,软件工程,第五学期,2023
S0117,算法设计与分析,第六学期,2023
S0117,区块链技术,第六学期,2023
S0118,高等数学,第一学期,2023
S0118,大学物理,第一学期,2023
S0118,线性代数,第一学期,2023
S0118,信息安全,第一学期,2023
S0118,计算机视觉,第二学期,2023
S0118,操作系统,第三学期,2023
S0118,自然语言处理,第三学期,2023
S0118,嵌入式系统,第三学期,2023
S0118,软件工程,第三学期,2023
S0118,大数据技术,第四学期,2023
S0118,数据库原理,第四学期,2023
S0118,量子计算导论,第四学期,2023
S0118,区块链技术,第五学期,2023
S0118,机器学习,第五学期,2023
S0118,数据结构,第五学期,2023
S0119,高等数学,第一学期,2023
S0119,计算机网络,第一学期,2023
S0119,离散数学,第一学期,2023
S0119,数据库原理,第二学期,2023
S0119,计算机组成原理,第二学期,2023
S0119,人工智能导论,第二学期,2023
S0119,云计算,第二学期,2023
S0119,数据挖掘,第三学期,2023
S0119,信息安全,第三学期,2023
S0120,计算机网络,第一学期,2023
S0120,物联网技术,第二学期,2023
S0120,计算机组成原理,第二学期,2023
S0120,概率论与数理统计,第二学期,2023
S0120,离散数学,第二学期,2023
S0120,大学物理,第三学期,2023
S0120,云计算,第三学期,2023
S0120,信息安全,第四学期,2023
S0120,区块链技术,第四学期,2023
S0121,程序设计基础,第一学期,2023
S0121,数据结构,第一学期,2023
S0121,数据库原理,第一学期,2023
S0121,大数据技术,第一学期,2023
S0121,深度学习,第二学期,2023
S0121,物联网技术,第三学期,2023
S0121,操作系统,第三学期,2023
S0121,强化学习,第三学期,2023
S0121,密码学基础,第三学期,2023
S0122,计算机网络,第一学期,2023
S0122,自动驾驶技术,第二学期,2023
S0122,算法设计与分析,第二学期,2023
S0122,信息安全,第二学期,2023
S0122,云计算,第三学期,2023
S0122,嵌入式系统,第三学期,2023
S0122,物联网技术,第四学期,2023
S0122,强化学习,第四学期,2023
S0122,操作系统,第五学期,2023
S0122,软件工程,第六学期,2023
S0122,大学物理,第一学期,2024
S0123,程序设计基础,第一学期,2023
S0123,计算机网络,第一学期,2023
S0123,高等数学,第二学期,2023
S0123,离散数学,第二学期,2023
S0123,线性代数,第二学期,2023
S0123,大学物理,第二学期,2023
S0123,密码学基础,第三学期,2023
S0123,区块链技术,第三学期,2023
S0123,信息安全,第三学期,2023
S0123,自动驾驶技术,第三学期,2023
S0123,嵌入式系统,第四学期,2023
S0123,计算机视觉,第四学期,2023
S0123,操作系统,第五学期,2023
S0124,程序设计基础,第一学期,2023
S0124,概率论与数理统计,第二学期,2023
S0124,自动驾驶技术,第二学期,2023
S0124,数据挖掘,第二学期,2023
S0124,云计算,第二学期,2023
S0124,大学物理,第三学期,2023
S0124,物联网技术,第四学期,2023
S0124,软件工程,第五学期,2023
S0124,量子计算导论,第六学期,2023
S0124,机器学习,第一学期,2024
S0124,操作系统,第一学期,2024
S0125,高等数学,第一学期,2023
S0125,离散数学,第一学期,2023
S0125,密码学基础,第二学期,2023
S0125,线性代数,第二学期,2023
S0125,数据结构,第二学期,2023
S0125,数据库原理,第二学期,2023
S0125,人工智能导论,第三学期,2023
S0125,强化学习,第三学期,2023
S0125,信息安全,第四学期,2023
S0125,嵌入式系统,第五学期,2023
S0125,云计算,第六学期,2023
S0125,自动驾驶技术,第一学期,2024
S0125,自然语言处理,第一学期,2024
S0126,高等数学,第一学期,2023
S0126,大学物理,第一学期,2023
S0126,离散数学,第一学期,2023
S0126,机器学习,第一学期,2023
S0126,深度学习,第二学期,2023
S0126,强化学习,第二学期,2023
S0126,信息安全,第二学期,2023
S0126,操作系统,第三学期,2023
S0126,云计算,第四学期,2023
S0127,程序设计基础,第一学期,2023
S0127,数据结构,第一学期,2023
S0127,算法设计与分析,第一学期,2023
S0127,数据库原理,第一学期,2023
S0127,高等数学,第二学期,2023
S0127,大学物理,第三学期,2023
S0127,概率论与数理统计,第四学期,2023
S0127,操作系统,第四学期,2023
S0127,大数据技术,第四学期,2023
S0127,密码学基础,第四学期,2023
S0127,机器学习,第五学期,2023
S0127,物联网技术,第六学期,2023
S0127,自动驾驶技术,第一学期,2024
S0127,量子计算导论,第一学期,2024
S0128,高等数学,第一学期,2023
S0128,大学物理,第一学期,2023
S0128,计算机组成原理,第一学期,2023
S0128,线性代数,第二学期,2023
S0128,数据结构,第三学期,2023
S0128,算法设计与分析,第三学期,2023
S0128,量子计算导论,第四学期,2023
S0128,强化学习,第四学期,2023
S0128,计算机视觉,第四学期,2023
S0128,自动驾驶技术,第四学期,2023
S0128,人工智能导论,第五学期,2023
S0128,物联网技术,第五学期,2023
S0129,计算机网络,第一学期,2023
S0129,高等数学,第一学期,2023
S0129,大学物理,第一学期,2023
S0129,线性代数,第二学期,2023
S0129,计算机组成原理,第三学期,2023
S0129,离散数学,第四学期,2023
S0129,区块链技术,第四学期,2023
S0129,数据库原理,第五学期,2023
S0129,数据挖掘,第五学期,2023
S0129,人工智能导论,第五学期,2023
S0129,自动驾驶技术,第五学期,2023
S0129,算法设计与分析,第六学期,2023
S0129,物联网技术,第六学期,2023
S0130,高等数学,第一学期,2023
S0130,离散数学,第二学期,2023
S0130,密码学基础,第二学期,2023
S0130,算法设计与分析,第二学期,2023
S0130,人工智能导论,第二学期,2023
S0130,机器学习,第三学期,2023
S0130,计算机视觉,第四学期,2023
S0130,计算机组成原理,第四学期,2023
S0130,嵌入式系统,第四学期,2023
S0131,程序设计基础,第一学期,2023
S0131,大学物理,第二学期,2023
S0131,大数据技术,第二学期,2023
S0131,离散数学,第二学期,2023
S0131,线性代数,第二学期,2023
S0131,数据库原理,第三学期,2023
S0131,区块链技术,第三学期,2023
S0131,概率论与数理统计,第四学期,2023
S0131,软件工程,第四学期,2023
S0132,程序设计基础,第一学期,2023
S0132,数据结构,第一学期,2023
S0132,计算机网络,第一学期,2023
S0132,概率论与数理统计,第二学期,2023
S0132,人工智能导论,第三学期,2023
S0132,机器学习,第三学期,2023
S0132,自然语言处理,第三学期,2023
S0132,强化学习,第三学期,2023
S0132,自动驾驶技术,第四学期,2023
S0132,信息安全,第四学期,2023
S0132,云计算,第五学期,2023
S0132,计算机组成原理,第五学期,2023
S0132,量子计算导论,第五学期,2023
S0133,深度学习,第一学期,2023
S0133,数据结构,第一学期,2023
S0133,数据库原理,第一学期,2023
S0133,信息安全,第二学期,2023
S0133,软件工程,第二学期,2023
S0133,离散数学,第二学期,2023
S0133,概率论与数理统计,第二学期,2023
S0133,大学物理,第三学期,2023
S0133,区块链技术,第四学期,2023
S0133,操作系统,第四学期,2023
S0133,机器学习,第四学期,2023
S0133,计算机视觉,第四学期,2023
S0133,物联网技术,第五学期,2023
S0133,量子计算导论,第五学期,2023
S0134,计算机网络,第一学期,2023
S0134,深度学习,第二学期,2023
S0134,算法设计与分析,第二学期,2023
S0134,强化学习,第三学期,2023
S0134,计算机组成原理,第三学期,2023
S0134,信息安全,第三学期,2023
S0134,大学物理,第三学期,2023
S0134,密码学基础,第四学期,2023
S0134,量子计算导论,第四学期,2023
S0134,数据结构,第四学期,2023
S0135,计算机网络,第一学期,2023
S0135,高等数学,第一学期,2023
S0135,嵌入式系统,第二学期,2023
S0135,云计算,第二学期,2023
S0135,数据库原理,第二学期,2023
S0135,区块链技术,第三学期,2023
S0135,数据结构,第四学期,2023
S0135,计算机组成原理,第五学期,2023
S0136,机器学习,第一学期,2023
S0136,深度学习,第一学期,2023
S0136,强化学习,第一学期,2023
S0136,人工智能导论,第一学期,2023
S0136,云计算,第二学期,2023
S0136,概率论与数理统计,第三学期,2023
S0136,自动驾驶技术,第三学期,2023
S0136,计算机组成原理,第四学期,2023
S0136,操作系统,第四学期,2023
S0136,嵌入式系统,第五学期,2023
S0136,密码学基础,第五学期,2023
S0136,区块链技术,第六学期,2023
S0136,大学物理,第六学期,2023
S0136,物联网技术,第六学期,2023
S0137,程序设计基础,第一学期,2023
S0137,计算机网络,第一学期,2023
S0137,数据结构,第一学期,2023
S0137,算法设计与分析,第二学期,2023
S0137,区块链技术,第三学期,2023
S0137,云计算,第三学期,2023
S0137,量子计算导论,第三学期,2023
S0137,概率论与数理统计,第三学期,2023
S0137,人工智能导论,第四学期,2023
S0137,机器学习,第四学期,2023
S0137,强化学习,第四学期,2023
S0137,深度学习,第五学期,2023
S0137,计算机组成原理,第五学期,2023
S0137,自动驾驶技术,第五学期,2023
S0137,离散数学,第五学期,2023
S0138,高等数学,第一学期,2023
S0138,概率论与数理统计,第一学期,2023
S0138,强化学习,第一学期,2023
S0138,操作系统,第二学期,2023
S0138,数据结构,第二学期,2023
S0138,数据库原理,第三学期,2023
S0138,软件工程,第三学期,2023
S0138,计算机视觉,第三学期,2023
S0138,计算机组成原理,第四学期,2023
S0138,信息安全,第四学期,2023
S0138,密码学基础,第五学期,2023
S0138,量子计算导论,第五学期,2023
S0139,高等数学,第一学期,2023
S0139,程序设计基础,第一学期,2023
S0139,概率论与数理统计,第一学期,2023
S0139,线性代数,第一学期,2023
S0139,数据结构,第二学期,2023
S0139,算法设计与分析,第二学期,2023
S0139,量子计算导论,第三学期,2023
S0139,大数据技术,第三学期,2023
S0139,机器学习,第三学期,2023
S0139,深度学习,第三学期,2023
S0139,强化学习,第四学期,2023
S0139,物联网技术,第五学期,2023
S0139,云计算,第五学期,2023
S0139,计算机组成原理,第六学期,2023
S0139,自动驾驶技术,第六学期,2023
S0140,程序设计基础,第一学期,2023
S0140,计算机网络,第二学期,2023
S0140,嵌入式系统,第三学期,2023
S0140,计算机组成原理,第三学期,2023
S0140,操作系统,第三学期,2023
S0140,信息安全,第三学期,2023
S0140,云计算,第四学期,2023
S0140,数据挖掘,第四学期,2023
S0140,密码学基础,第五学期,2023
S0140,软件工程,第五学期,2023
S0140,强化学习,第五学期,2023
S0140,算法设计与分析,第五学期,2023
S0140,机器学习,第六学期,2023
S0140,深度学习,第一学期,2024
S0140,数据库原理,第一学期,2024
S0141,高等数学,第一学期,2023
S0141,概率论与数理统计,第二学期,2023
S0141,数据结构,第二学期,2023
S0141,强化学习,第三学期,2023
S0141,大数据技术,第三学期,2023
S0141,计算机组成原理,第三学期,2023
S0141,嵌入式系统,第三学期,2023
S0141,深度学习,第四学期,2023
S0141,云计算,第五学期,2023
S0142,高等数学,第一学期,2023
S0142,程序设计基础,第二学期,2023
S0142,离散数学,第二学期,2023
S0142,线性代数,第三学期,2023
S0142,密码学基础,第三学期,2023
S0142,大学物理,第三学期,2023
S0142,数据结构,第四学期,2023
S0142,操作系统,第四学期,2023
S0142,软件工程,第四学期,2023
S0142,自然语言处理,第四学期,2023
S0142,区块链技术,第五学期,2023
S0143,高等数学,第一学期,2023
S0143,线性代数,第一学期,2023
S0143,计算机网络,第一学期,2023
S0143,概率论与数理统计,第一学期,2023
S0143,量子计算导论,第二学期,2023
S0143,计算机视觉,第二学期,2023
S0143,人工智能导论,第二学期,2023
S0143,操作系统,第二学期,2023
S0143,信息安全,第三学期,2023
S0143,深度学习,第四学期,2023
S0143,数据挖掘,第五学期,2023
S0144,高等数学,第一学期,2023
S0144,计算机网络,第一学期,2023
S0144,操作系统,第一学期,2023
S0144,物联网技术,第一学期,2023
S0144,数据库原理,第二学期,2023
S0144,大数据技术,第二学期,2023
S0144,密码学基础,第三学期,2023
S0144,软件工程,第四学期,2023
S0144,计算机视觉,第四学期,2023
S0144,数据结构,第四学期,2023
S0144,量子计算导论,第五学期,2023
S0145,操作系统,第一学期,2023
S0145,软件工程,第一学期,2023
S0145,算法设计与分析,第一学期,2023
S0145,数据结构,第一学期,2023
S0145,嵌入式系统,第二学期,2023
S0145,人工智能导论,第二学期,2023
S0145,大学物理,第二学期,2023
S0145,计算机组成原理,第二学期,2023
S0145,自然语言处理,第三学期,2023
S0146,高等数学,第一学期,2023
S0146,大学物理,第二学期,2023
S0146,线性代数,第二学期,2023
S0146,算法设计与分析,第三学期,2023
S0146,强化学习,第四学期,2023
S0146,人工智能导论,第四学期,2023
S0146,数据结构,第四学期,2023
S0146,物联网技术,第四学期,2023
S0146,计算机视觉,第五学期,2023
S0146,自然语言处理,第五学期,2023
S0146,软件工程,第五学期,2023
S0146,自动驾驶技术,第五学期,2023
S0146,云计算,第六学期,2023
S0146,大数据技术,第六学期,2023
S0147,程序设计基础,第一学期,2023
S0147,自然语言处理,第一学期,2023
S0147,密码学基础,第二学期,2023
S0147,计算机组成原理,第二学期,2023
S0147,操作系统,第二学期,2023
S0147,数据挖掘,第三学期,2023
S0147,物联网技术,第三学期,2023
S0147,信息安全,第四学期,2023
S0147,量子计算导论,第四学期,2023
S0147,软件工程,第四学期,2023
S0147,区块链技术,第四学期,2023
S0147,云计算,第五学期,2023
S0147,机器学习,第五学期,2023
S0147,人工智能导论,第五学期,2023
S0148,程序设计基础,第一学期,2023
S0148,线性代数,第二学期,2023
S0148,操作系统,第二学期,2023
S0148,大数据技术,第二学期,2023
S0148,嵌入式系统,第二学期,2023
S0148,量子计算导论,第三学期,2023
S0148,概率论与数理统计,第三学期,2023
S0148,离散数学,第三学期,2023
S0148,数据挖掘,第三学期,2023
S0148,自然语言处理,第四学期,2023
S0148,计算机组成原理,第四学期,2023
S0149,高等数学,第一学期,2023
S0149,计算机网络,第二学期,2023
S0149,线性代数,第二学期,2023
S0149,机器学习,第二学期,2023
S0149,大数据技术,第二学期,2023
S0149,密码学基础,第三学期,2023
S0149,区块链技术,第四学期,2023
S0149,数据挖掘,第四学期,2023
S0149,信息安全,第四学期,2023
S0150,计算机网络,第一学期,2023
S0150,大数据技术,第一学期,2023
S0150,嵌入式系统,第一学期,2023
S0150,人工智能导论,第一学期,2023
S0150,线性代数,第二学期,2023
S0150,数据库原理,第二学期,2023
S0150,离散数学,第二学期,2023
S0150,机器学习,第三学期,2023
S0150,数据挖掘,第三学期,2023
S0150,强化学习,第四学期,2023
S0150,算法设计与分析,第四学期,2023
S0150,数据结构,第五学期,2023
S0150,操作系统,第五学期,2023
S0150,密码学基础,第五学期,2023
S0150,量子计算导论,第五学期,2023
S0151,计算机网络,第一学期,2023
S0151,数据结构,第二学期,2023
S0151,算法设计与分析,第二学期,2023
S0151,人工智能导论,第二学期,2023
S0151,操作系统,第二学期,2023
S0151,信息安全,第三学期,2023
S0151,云计算,第三学期,2023
S0151,区块链技术,第三学期,2023
S0151,线性代数,第三学期,2023
S0151,大学物理,第四学期,2023
S0151,计算机组成原理,第四学期,2023
S0151,深度学习,第五学期,2023
S0151,物联网技术,第五学期,2023
S0152,计算机网络,第一学期,2023
S0152,程序设计基础,第一学期,2023
S0152,云计算,第一学期,2023
S0152,计算机视觉,第一学期,2023
S0152,操作系统,第二学期,2023
S0152,自动驾驶技术,第二学期,2023
S0152,密码学基础,第三学期,2023
S0152,软件工程,第三学期,2023
S0152,机器学习,第四学期,2023
S0152,强化学习,第四学期,2023
S0152,人工智能导论,第五学期,2023
S0152,计算机组成原理,第五学期,2023
S0152,嵌入式系统,第五学期,2023
S0152,大学物理,第五学期,2023
S0152,离散数学,第六学期,2023
S0153,计算机网络,第一学期,2023
S0153,程序设计基础,第一学期,2023
S0153,密码学基础,第二学期,2023
S0153,区块链技术,第二学期,2023
S0153,数据挖掘,第二学期,2023
S0153,计算机视觉,第二学期,2023
S0153,软件工程,第三学期,2023
S0153,量子计算导论,第四学期,2023
S0153,算法设计与分析,第五学期,2023
S0153,概率论与数理统计,第五学期,2023
S0153,大学物理,第五学期,2023
S0153,嵌入式系统,第五学期,2023
S0153,人工智能导论,第六学期,2023
S0154,高等数学,第一学期,2023
S0154,离散数学,第一学期,2023
S0154,线性代数,第一学期,2023
S0154,机器学习,第一学期,2023
S0154,计算机视觉,第二学期,2023
S0154,强化学习,第二学期,2023
S0154,软件工程,第二学期,2023
S0154,数据挖掘,第三学期,2023
S0154,嵌入式系统,第三学期,2023
S0154,操作系统,第三学期,2023
S0154,区块链技术,第三学期,2023
S0154,大数据技术,第四学期,2023
S0154,人工智能导论,第五学期,2023
S0155,计算机网络,第一学期,2023
S0155,程序设计基础,第一学期,2023
S0155,数据结构,第一学期,2023
S0155,自动驾驶技术,第二学期,2023
S0155,自然语言处理,第二学期,2023
S0155,嵌入式系统,第二学期,2023
S0155,物联网技术,第二学期,2023
S0155,大学物理,第三学期,2023
S0155,软件工程,第四学期,2023
S0155,云计算,第四学期,2023
S0155,线性代数,第五学期,2023
S0155,计算机视觉,第五学期,2023
S0156,高等数学,第一学期,2023
S0156,离散数学,第二学期,2023
S0156,操作系统,第二学期,2023
S0156,人工智能导论,第二学期,2023
S0156,量子计算导论,第二学期,2023
S0156,信息安全,第三学期,2023
S0156,算法设计与分析,第四学期,2023
S0156,数据结构,第四学期,2023
S0156,数据挖掘,第四学期,2023
S0157,高等数学,第一学期,2023
S0157,离散数学,第一学期,2023
S0157,线性代数,第二学期,2023
S0157,嵌入式系统,第三学期,2023
S0157,人工智能导论,第三学期,2023
S0157,自然语言处理,第四学期,2023
S0157,信息安全,第五学期,2023
S0157,算法设计与分析,第五学期,2023
S0157,量子计算导论,第五学期,2023
S0157,计算机视觉,第六学期,2023
S0157,自动驾驶技术,第六学期,2023
S0158,计算机网络,第一学期,2023
S0158,云计算,第一学期,2023
S0158,强化学习,第一学期,2023
S0158,深度学习,第一学期,2023
S0158,物联网技术,第二学期,2023
S0158,操作系统,第二学期,2023
S0158,计算机视觉,第三学期,2023
S0158,计算机组成原理,第三学期,2023
S0158,线性代数,第三学期,2023
S0158,密码学基础,第四学期,2023
S0158,软件工程,第四学期,2023
S0158,自动驾驶技术,第五学期,2023
S0158,数据挖掘,第五学期,2023
S0159,程序设计基础,第一学期,2023
S0159,计算机网络,第一学期,2023
S0159,云计算,第二学期,2023
S0159,大数据技术,第二学期,2023
S0159,线性代数,第二学期,2023
S0159,量子计算导论,第二学期,2023
S0159,数据挖掘,第三学期,2023
S0159,自然语言处理,第三学期,2023
S0160,程序设计基础,第一学期,2023
S0160,计算机网络,第一学期,2023
S0160,数据结构,第一学期,2023
S0160,数据库原理,第二学期,2023
S0160,大学物理,第二学期,2023
S0160,密码学基础,第二学期,2023
S0160,区块链技术,第二学期,2023
S0160,自然语言处理,第三学期,2023
S0160,机器学习,第三学期,2023
S0160,深度学习,第三学期,2023
S0160,数据挖掘,第三学期,2023
S0160,物联网技术,第四学期,2023
S0160,自动驾驶技术,第四学期,2023
S0160,概率论与数理统计,第四学期,2023
S0160,量子计算导论,第四学期,2023
S0161,计算机网络,第一学期,2023
S0161,数据库原理,第一学期,2023
S0161,软件工程,第一学期,2023
S0161,物联网技术,第一学期,2023
S0161,人工智能导论,第二学期,2023
S0161,操作系统,第二学期,2023
S0161,大数据技术,第二学期,2023
S0161,数据挖掘,第二学期,2023
S0161,嵌入式系统,第三学期,2023
S0162,程序设计基础,第一学期,2023
S0162,数据结构,第二学期,2023
S0162,算法设计与分析,第三学期,2023
S0162,离散数学,第三学期,2023
S0162,概率论与数理统计,第四学期,2023
S0162,深度学习,第五学期,2023
S0162,计算机组成原理,第五学期,2023
S0162,嵌入式系统,第五学期,2023
S0162,线性代数,第五学期,2023
S0162,量子计算导论,第六学期,2023
S0162,区块链技术,第六学期,2023
S0162,密码学基础,第一学期,2024
S0162,自动驾驶技术,第一学期,2024
S0162,云计算,第一学期,2024
S0162,数据挖掘,第一学期,2024
S0163,计算机网络,第一学期,2023
S0163,高等数学,第一学期,2023
S0163,数据结构,第一学期,2023
S0163,计算机视觉,第一学期,2023
S0163,量子计算导论,第二学期,2023
S0163,计算机组成原理,第二学期,2023
S0163,物联网技术,第二学期,2023
S0163,区块链技术,第二学期,2023
S0163,人工智能导论,第三学期,2023
S0163,大数据技术,第四学期,2023
S0163,密码学基础,第四学期,2023
S0163,软件工程,第四学期,2023
S0164,计算机网络,第一学期,2023
S0164,人工智能导论,第一学期,2023
S0164,嵌入式系统,第一学期,2023
S0164,物联网技术,第一学期,2023
S0164,信息安全,第二学期,2023
S0164,区块链技术,第二学期,2023
S0164,线性代数,第二学期,2023
S0164,数据结构,第三学期,2023
S0164,机器学习,第四学期,2023
S0164,自然语言处理,第四学期,2023
S0164,强化学习,第四学期,2023
S0165,高等数学,第一学期,2023
S0165,线性代数,第一学期,2023
S0165,大学物理,第二学期,2023
S0165,离散数学,第二学期,2023
S0165,人工智能导论,第二学期,2023
S0165,物联网技术,第二学期,2023
S0165,数据库原理,第三学期,2023
S0165,区块链技术,第四学期,2023
S0165,计算机视觉,第四学期,2023
S0166,程序设计基础,第一学期,2023
S0166,高等数学,第二学期,2023
S0166,数据结构,第二学期,2023
S0166,线性代数,第二学期,2023
S0166,计算机网络,第二学期,2023
S0166,大学物理,第三学期,2023
S0166,密码学基础,第三学期,2023
S0166,区块链技术,第三学期,2023
S0166,软件工程,第三学期,2023
S0166,云计算,第四学期,2023
S0166,数据挖掘,第四学期,2023
S0167,计算机组成原理,第一学期,2023
S0167,操作系统,第一学期,2023
S0167,算法设计与分析,第二学期,2023
S0167,离散数学,第二学期,2023
S0167,物联网技术,第二学期,2023
S0167,云计算,第二学期,2023
S0167,量子计算导论,第三学期,2023
S0167,线性代数,第三学期,2023
S0167,大数据技术,第三学期,2023
S0168,计算机网络,第一学期,2023
S0168,程序设计基础,第二学期,2023
S0168,概率论与数理统计,第三学期,2023
S0168,计算机视觉,第三学期,2023
S0168,大学物理,第三学期,2023
S0168,计算机组成原理,第三学期,2023
S0168,数据挖掘,第四学期,2023
S0168,物联网技术,第四学期,2023
S0168,机器学习,第五学期,2023
S0168,自动驾驶技术,第五学期,2023
S0168,软件工程,第五学期,2023
S0168,信息安全,第六学期,2023
S0168,量子计算导论,第一学期,2024
S0168,区块链技术,第二学期,2024
S0169,高等数学,第一学期,2023
S0169,概率论与数理统计,第二学期,2023
S0169,线性代数,第三学期,2023
S0169,量子计算导论,第三学期,2023
S0169,大数据技术,第四学期,2023
S0169,嵌入式系统,第五学期,2023
S0169,自然语言处理,第六学期,2023
S0169,物联网技术,第六学期,2023
S0169,软件工程,第六学期,2023
S0169,强化学习,第六学期,2023
S0169,数据结构,第一学期,2024
S0169,算法设计与分析,第一学期,2024
S0169,深度学习,第二学期,2024
S0169,机器学习,第二学期,2024
S0169,信息安全,第二学期,2024
S0170,软件工程,第一学期,2023
S0170,人工智能导论,第二学期,2023
S0170,嵌入式系统,第二学期,2023
S0170,数据结构,第二学期,2023
S0170,计算机视觉,第三学期,2023
S0170,数据挖掘,第四学期,2023
S0170,云计算,第五学期,2023
S0170,自动驾驶技术,第五学期,2023
S0170,离散数学,第五学期,2023
S0170,大学物理,第六学期,2023
S0170,计算机组成原理,第一学期,2024
S0170,操作系统,第一学期,2024
S0170,区块链技术,第二学期,2024
S0171,计算机网络,第一学期,2023
S0171,高等数学,第二学期,2023
S0171,大学物理,第二学期,2023
S0171,强化学习,第二学期,2023
S0171,物联网技术,第二学期,2023
S0171,云计算,第三学期,2023
S0171,操作系统,第三学期,2023
S0171,数据库原理,第四学期,2023
S0172,高等数学,第一学期,2023
S0172,概率论与数理统计,第二学期,2023
S0172,离散数学,第二学期,2023
S0172,大学物理,第三学期,2023
S0172,密码学基础,第三学期,2023
S0172,数据结构,第四学期,2023
S0172,云计算,第五学期,2023
S0172,深度学习,第五学期,2023
S0172,嵌入式系统,第五学期,2023
S0173,程序设计基础,第一学期,2023
S0173,数据结构,第一学期,2023
S0173,自动驾驶技术,第二学期,2023
S0173,计算机组成原理,第三学期,2023
S0173,线性代数,第四学期,2023
S0173,计算机视觉,第四学期,2023
S0173,概率论与数理统计,第四学期,2023
S0173,软件工程,第四学期,2023
S0173,密码学基础,第五学期,2023
S0173,深度学习,第五学期,2023
S0174,高等数学,第一学期,2023
S0174,大学物理,第一学期,2023
S0174,大数据技术,第一学期,2023
S0174,嵌入式系统,第一学期,2023
S0174,人工智能导论,第二学期,2023
S0174,强化学习,第三学期,2023
S0174,数据结构,第三学期,2023
S0174,算法设计与分析,第三学期,2023
S0174,物联网技术,第四学期,2023
S0174,操作系统,第五学期,2023
S0174,自然语言处理,第六学期,2023
S0174,数据挖掘,第一学期,2024
S0174,信息安全,第一学期,2024
S0175,高等数学,第一学期,2023
S0175,大学物理,第二学期,2023
S0175,程序设计基础,第二学期,2023
S0175,离散数学,第二学期,2023
S0175,密码学基础,第二学期,2023
S0175,区块链技术,第三学期,2023
S0175,操作系统,第三学期,2023
S0175,大数据技术,第三学期,2023
S0175,数据库原理,第三学期,2023
S0176,程序设计基础,第一学期,2023
S0176,高等数学,第一学期,2023
S0176,离散数学,第一学期,2023
S0176,线性代数,第二学期,2023
S0176,大学物理,第二学期,2023
S0176,概率论与数理统计,第三学期,2023
S0176,区块链技术,第四学期,2023
S0176,计算机视觉,第四学期,2023
S0176,算法设计与分析,第四学期,2023
S0176,机器学习,第四学期,2023
S0176,自动驾驶技术,第五学期,2023
S0176,强化学习,第五学期,2023
S0176,深度学习,第六学期,2023
S0176,信息安全,第一学期,2024
S0176,物联网技术,第一学期,2024
S0177,计算机网络,第一学期,2023
S0177,区块链技术,第二学期,2023
S0177,操作系统,第三学期,2023
S0177,密码学基础,第三学期,2023
S0177,概率论与数理统计,第三学期,2023
S0177,数据结构,第四学期,2023
S0177,软件工程,第四学期,2023
S0177,物联网技术,第五学期,2023
S0177,嵌入式系统,第五学期,2023
S0178,高等数学,第一学期,2023
S0178,大学物理,第二学期,2023
S0178,线性代数,第二学期,2023
S0178,概率论与数理统计,第二学期,2023
S0178,程序设计基础,第三学期,2023
S0178,数据结构,第三学期,2023
S0178,密码学基础,第四学期,2023
S0178,云计算,第五学期,2023
S0178,计算机视觉,第五学期,2023
S0179,程序设计基础,第一学期,2023
S0179,自动驾驶技术,第二学期,2023
S0179,数据挖掘,第二学期,2023
S0179,强化学习,第二学期,2023
S0179,软件工程,第二学期,2023
S0179,机器学习,第三学期,2023
S0179,自然语言处理,第四学期,2023
S0179,量子计算导论,第五学期,2023
S0179,操作系统,第六学期,2023
S0179,大数据技术,第一学期,2024
S0179,大学物理,第一学期,2024
S0179,区块链技术,第一学期,2024
S0179,物联网技术,第一学期,2024
S0179,人工智能导论,第二学期,2024
S0179,密码学基础,第二学期,2024
S0180,密码学基础,第一学期,2023
S0180,区块链技术,第一学期,2023
S0180,自然语言处理,第一学期,2023
S0180,计算机视觉,第一学期,2023
S0180,自动驾驶技术,第二学期,2023
S0180,大学物理,第二学期,2023
S0180,计算机组成原理,第二学期,2023
S0180,机器学习,第二学期,2023
S0180,云计算,第三学期,2023
S0180,数据库原理,第三学期,2023
S0180,离散数学,第三学期,2023
S0180,线性代数,第四学期,2023
S0180,算法设计与分析,第四学期,2023
S0180,大数据技术,第四学期,2023
S0181,计算机网络,第一学期,2023
S0181,程序设计基础,第一学期,2023
S0181,计算机组成原理,第一学期,2023
S0181,算法设计与分析,第二学期,2023
S0181,人工智能导论,第二学期,2023
S0181,大数据技术,第三学期,2023
S0181,物联网技术,第三学期,2023
S0181,自动驾驶技术,第三学期,2023
S0181,量子计算导论,第四学期,2023
S0181,线性代数,第四学期,2023
S0181,软件工程,第四学期,2023
S0181,数据挖掘,第四学期,2023
S0181,深度学习,第五学期,2023
S0181,强化学习,第六学期,2023
S0182,算法设计与分析,第一学期,2023
S0182,大数据技术,第一学期,2023
S0182,物联网技术,第二学期,2023
S0182,计算机组成原理,第三学期,2023
S0182,操作系统,第四学期,2023
S0182,密码学基础,第五学期,2023
S0182,信息安全,第五学期,2023
S0182,离散数学,第五学期,2023
S0183,高等数学,第一学期,2023
S0183,线性代数,第一学期,2023
S0183,人工智能导论,第一学期,2023
S0183,软件工程,第二学期,2023
S0183,区块链技术,第二学期,2023
S0183,量子计算导论,第三学期,2023
S0183,大数据技术,第三学期,2023
S0183,深度学习,第四学期,2023
S0183,操作系统,第四学期,2023
S0184,计算机网络,第一学期,2023
S0184,密码学基础,第一学期,2023
S0184,区块链技术,第一学期,2023
S0184,人工智能导论,第二学期,2023
S0184,数据库原理,第二学期,2023
S0184,嵌入式系统,第二学期,2023
S0184,物联网技术,第三学期,2023
S0184,数据挖掘,第三学期,2023
S0184,概率论与数理统计,第四学期,2023
S0185,高等数学,第一学期,2023
S0185,概率论与数理统计,第一学期,2023
S0185,线性代数,第一学期,2023
S0185,量子计算导论,第二学期,2023
S0185,计算机网络,第三学期,2023
S0185,数据挖掘,第三学期,2023
S0185,信息安全,第四学期,2023
S0185,密码学基础,第五学期,2023
S0185,人工智能导论,第五学期,2023
S0185,算法设计与分析,第五学期,2023
S0185,计算机视觉,第五学期,2023
S0185,数据库原理,第六学期,2023
S0186,量子计算导论,第一学期,2023
S0186,机器学习,第一学期,2023
S0186,数据结构,第一学期,2023
S0186,算法设计与分析,第一学期,2023
S0186,自动驾驶技术,第二学期,2023
S0186,大学物理,第二学期,2023
S0186,计算机组成原理,第三学期,2023
S0186,信息安全,第三学期,2023
S0186,离散数学,第四学期,2023
S0186,密码学基础,第五学期,2023
S0187,程序设计基础,第一学期,2023
S0187,物联网技术,第一学期,2023
S0187,数据库原理,第二学期,2023
S0187,操作系统,第三学期,2023
S0187,区块链技术,第四学期,2023
S0187,自动驾驶技术,第四学期,2023
S0187,算法设计与分析,第四学期,2023
S0187,云计算,第四学期,2023
S0187,计算机组成原理,第五学期,2023
S0187,机器学习,第五学期,2023
S0187,离散数学,第五学期,2023
S0188,程序设计基础,第一学期,2023
S0188,强化学习,第二学期,2023
S0188,概率论与数理统计,第三学期,2023
S0188,机器学习,第三学期,2023
S0188,嵌入式系统,第三学期,2023
S0188,计算机组成原理,第三学期,2023
S0188,密码学基础,第四学期,2023
S0188,线性代数,第五学期,2023
S0188,信息安全,第五学期,2023
S0189,计算机网络,第一学期,2023
S0189,程序设计基础,第一学期,2023
S0189,数据结构,第一学期,2023
S0189,机器学习,第二学期,2023
S0189,深度学习,第二学期,2023
S0189,计算机视觉,第二学期,2023
S0189,自然语言处理,第二学期,2023
S0189,自动驾驶技术,第三学期,2023
S0189,强化学习,第三学期,2023
S0189,信息安全,第四学期,2023
S0189,大学物理,第四学期,2023
S0189,计算机组成原理,第四学期,2023
S0189,嵌入式系统,第四学期,2023
S0189,概率论与数理统计,第五学期,2023
S0189,离散数学,第五学期,2023
S0190,计算机网络,第一学期,2023
S0190,强化学习,第一学期,2023
S0190,离散数学,第一学期,2023
S0190,密码学基础,第一学期,2023
S0190,算法设计与分析,第二学期,2023
S0190,信息安全,第三学期,2023
S0190,自动驾驶技术,第三学期,2023
S0190,深度学习,第三学期,2023
S0190,嵌入式系统,第三学期,2023
S0191,程序设计基础,第一学期,2023
S0191,计算机网络,第一学期,2023
S0191,物联网技术,第一学期,2023
S0191,自然语言处理,第一学期,2023
S0191,深度学习,第二学期,2023
S0191,大数据技术,第三学期,2023
S0191,云计算,第三学期,2023
S0191,强化学习,第四学期,2023
S0191,人工智能导论,第四学期,2023
S0192,计算机网络,第一学期,2023
S0192,深度学习,第一学期,2023
S0192,自动驾驶技术,第二学期,2023
S0192,云计算,第二学期,2023
S0192,信息安全,第二学期,2023
S0192,嵌入式系统,第二学期,2023
S0192,大学物理,第三学期,2023
S0192,机器学习,第三学期,2023
S0192,密码学基础,第三学期,2023
S0192,数据结构,第四学期,2023
S0193,程序设计基础,第一学期,2023
S0193,数据结构,第一学期,2023
S0193,数据库原理,第一学期,2023
S0193,区块链技术,第一学期,2023
S0193,大数据技术,第二学期,2023
S0193,数据挖掘,第二学期,2023
S0193,量子计算导论,第二学期,2023
S0193,自然语言处理,第三学期,2023
S0193,计算机视觉,第四学期,2023
S0193,软件工程,第四学期,2023
S0194,计算机网络,第一学期,2023
S0194,操作系统,第一学期,2023
S0194,信息安全,第一学期,2023
S0194,云计算,第一学期,2023
S0194,人工智能导论,第二学期,2023
S0194,算法设计与分析,第二学期,2023
S0194,概率论与数理统计,第二学期,2023
S0194,数据库原理,第三学期,2023
S0194,嵌入式系统,第三学期,2023
S0194,物联网技术,第三学期,2023
S0194,离散数学,第三学期,2023
S0194,软件工程,第四学期,2023
S0194,密码学基础,第四学期,2023
S0194,大学物理,第四学期,2023
S0195,程序设计基础,第一学期,2023
S0195,数据结构,第二学期,2023
S0195,自然语言处理,第三学期,2023
S0195,密码学基础,第三学期,2023
S0195,区块链技术,第三学期,2023
S0195,计算机组成原理,第三学期,2023
S0195,软件工程,第四学期,2023
S0195,大学物理,第五学期,2023
S0195,概率论与数理统计,第五学期,2023
S0196,高等数学,第一学期,2023
S0196,概率论与数理统计,第一学期,2023
S0196,计算机网络,第一学期,2023
S0196,离散数学,第二学期,2023
S0196,数据挖掘,第三学期,2023
S0196,自然语言处理,第三学期,2023
S0196,区块链技术,第四学期,2023
S0196,强化学习,第五学期,2023
S0196,云计算,第五学期,2023
S0196,大数据技术,第五学期,2023
S0196,计算机视觉,第五学期,2023
S0197,高等数学,第一学期,2023
S0197,程序设计基础,第一学期,2023
S0197,线性代数,第一学期,2023
S0197,离散数学,第二学期,2023
S0197,密码学基础,第二学期,2023
S0197,计算机网络,第三学期,2023
S0197,区块链技术,第四学期,2023
S0197,人工智能导论,第五学期,2023
S0197,软件工程,第六学期,2023
S0197,计算机组成原理,第一学期,2024
S0197,云计算,第二学期,2024
S0197,数据挖掘,第二学期,2024
S0197,物联网技术,第二学期,2024
S0197,强化学习,第二学期,2024
S0198,高等数学,第一学期,2023
S0198,计算机网络,第二学期,2023
S0198,大学物理,第二学期,2023
S0198,程序设计基础,第三学期,2023
S0198,概率论与数理统计,第四学期,2023
S0198,计算机组成原理,第五学期,2023
S0198,数据结构,第五学期,2023
S0198,数据库原理,第五学期,2023
S0198,计算机视觉,第五学期,2023
S0198,信息安全,第六学期,2023
S0198,物联网技术,第六学期,2023
S0198,机器学习,第六学期,2023
S0198,自动驾驶技术,第一学期,2024
S0198,量子计算导论,第二学期,2024
S0198,区块链技术,第二学期,2024
S0199,程序设计基础,第一学期,2023
S0199,计算机网络,第一学期,2023
S0199,线性代数,第一学期,2023
S0199,量子计算导论,第一学期,2023
S0199,自动驾驶技术,第二学期,2023
S0199,大数据技术,第三学期,2023
S0199,区块链技术,第三学期,2023
S0199,云计算,第三学期,2023
S0199,概率论与数理统计,第三学期,2023
S0199,自然语言处理,第四学期,2023
S0199,离散数学,第四学期,2023
S0199,软件工程,第四学期,2023
S0199,算法设计与分析,第四学期,2023
S0199,密码学基础,第五学期,2023
S0199,大学物理,第六学期,2023
S0200,计算机网络,第一学期,2023
S0200,高等数学,第一学期,2023
S0200,程序设计基础,第一学期,2023
S0200,概率论与数理统计,第一学期,2023
S0200,数据结构,第二学期,2023
S0200,离散数学,第二学期,2023
S0200,数据库原理,第二学期,2023
S0200,算法设计与分析,第二学期,2023
S0200,人工智能导论,第三学期,2023
S0200,强化学习,第三学期,2023
S0200,嵌入式系统,第三学期,2023
S0200,信息安全,第三学期,2023
S0201,程序设计基础,第一学期,2023
S0201,计算机网络,第二学期,2023
S0201,数据结构,第二学期,2023
S0201,数据库原理,第二学期,2023
S0201,强化学习,第二学期,2023
S0201,大数据技术,第三学期,2023
S0201,机器学习,第三学期,2023
S0201,数据挖掘,第四学期,2023
S0201,深度学习,第四学期,2023
S0201,云计算,第四学期,2023
S0201,计算机组成原理,第四学期,2023
S0201,自动驾驶技术,第五学期,2023
S0201,区块链技术,第六学期,2023
S0201,线性代数,第六学期,2023
S0202,高等数学,第一学期,2023
S0202,计算机视觉,第一学期,2023
S0202,数据结构,第二学期,2023
S0202,软件工程,第三学期,2023
S0202,区块链技术,第三学期,2023
S0202,信息安全,第三学期,2023
S0202,计算机组成原理,第三学期,2023
S0202,操作系统,第四学期,2023
S0203,高等数学,第一学期,2023
S0203,离散数学,第一学期,2023
S0203,概率论与数理统计,第二学期,2023
S0203,线性代数,第二学期,2023
S0203,量子计算导论,第三学期,2023
S0203,深度学习,第三学期,2023
S0203,操作系统,第三学期,2023
S0203,数据库原理,第四学期,2023
S0203,自然语言处理,第四学期,2023
S0203,强化学习,第四学期,2023
S0203,计算机组成原理,第五学期,2023
S0204,高等数学,第一学期,2023
S0204,程序设计基础,第一学期,2023
S0204,离散数学,第二学期,2023
S0204,线性代数,第二学期,2023
S0204,密码学基础,第三学期,2023
S0204,数据库原理,第三学期,2023
S0204,自然语言处理,第四学期,2023
S0204,算法设计与分析,第四学期,2023
S0205,计算机网络,第一学期,2023
S0205,区块链技术,第一学期,2023
S0205,自然语言处理,第一学期,2023
S0205,人工智能导论,第二学期,2023
S0205,密码学基础,第三学期,2023
S0205,量子计算导论,第三学期,2023
S0205,深度学习,第三学期,2023
S0205,离散数学,第四学期,2023
S0205,物联网技术,第四学期,2023
S0205,自动驾驶技术,第四学期,2023
S0205,线性代数,第四学期,2023
S0205,嵌入式系统,第五学期,2023
S0206,计算机网络,第一学期,2023
S0206,计算机视觉,第一学期,2023
S0206,线性代数,第一学期,2023
S0206,机器学习,第一学期,2023
S0206,深度学习,第二学期,2023
S0206,密码学基础,第二学期,2023
S0206,量子计算导论,第二学期,2023
S0206,大学物理,第二学期,2023
S0206,操作系统,第三学期,2023
S0206,数据结构,第四学期,2023
S0207,高等数学,第一学期,2023
S0207,程序设计基础,第一学期,2023
S0207,概率论与数理统计,第一学期,2023
S0207,人工智能导论,第一学期,2023
S0207,机器学习,第二学期,2023
S0207,区块链技术,第二学期,2023
S0207,操作系统,第二学期,2023
S0207,算法设计与分析,第二学期,2023
S0207,自动驾驶技术,第三学期,2023
S0207,量子计算导论,第三学期,2023
S0207,云计算,第三学期,2023
S0207,数据挖掘,第三学期,2023
S0207,计算机组成原理,第四学期,2023
S0208,程序设计基础,第一学期,2023
S0208,高等数学,第一学期,2023
S0208,大学物理,第二学期,2023
S0208,数据结构,第二学期,2023
S0208,数据库原理,第二学期,2023
S0208,自动驾驶技术,第二学期,2023
S0208,区块链技术,第三学期,2023
S0208,软件工程,第三学期,2023
S0208,人工智能导论,第三学期,2023
S0208,密码学基础,第三学期,2023
S0208,云计算,第四学期,2023
S0208,深度学习,第五学期,2023
S0208,大数据技术,第六学期,2023
S0208,物联网技术,第一学期,2024
S0209,计算机网络,第一学期,2023
S0209,概率论与数理统计,第二学期,2023
S0209,软件工程,第二学期,2023
S0209,数据结构,第二学期,2023
S0209,人工智能导论,第三学期,2023
S0209,机器学习,第三学期,2023
S0209,数据库原理,第四学期,2023
S0209,深度学习,第四学期,2023
S0209,物联网技术,第五学期,2023
S0210,自动驾驶技术,第一学期,2023
S0210,嵌入式系统,第一学期,2023
S0210,数据库原理,第一学期,2023
S0210,云计算,第一学期,2023
S0210,计算机组成原理,第二学期,2023
S0210,强化学习,第二学期,2023
S0210,信息安全,第二学期,2023
S0210,量子计算导论,第二学期,2023
S0210,密码学基础,第三学期,2023
S0210,计算机视觉,第三学期,2023
S0211,程序设计基础,第一学期,2023
S0211,软件工程,第一学期,2023
S0211,线性代数,第一学期,2023
S0211,操作系统,第一学期,2023
S0211,区块链技术,第二学期,2023
S0211,大数据技术,第二学期,2023
S0211,大学物理,第二学期,2023
S0211,计算机组成原理,第二学期,2023
S0211,密码学基础,第三学期,2023
S0211,强化学习,第三学期,2023
S0211,算法设计与分析,第三学期,2023
S0212,程序设计基础,第一学期,2023
S0212,数据结构,第二学期,2023
S0212,量子计算导论,第二学期,2023
S0212,大学物理,第二学期,2023
S0212,区块链技术,第三学期,2023
S0212,人工智能导论,第四学期,2023
S0212,密码学基础,第四学期,2023
S0212,云计算,第四学期,2023
S0212,概率论与数理统计,第五学期,2023
S0212,操作系统,第五学期,2023
S0212,深度学习,第六学期,2023
S0212,自然语言处理,第六学期,2023
S0212,线性代数,第一学期,2024
S0213,程序设计基础,第一学期,2023
S0213,操作系统,第一学期,2023
S0213,信息安全,第一学期,2023
S0213,人工智能导论,第一学期,2023
S0213,线性代数,第二学期,2023
S0213,机器学习,第二学期,2023
S0213,自动驾驶技术,第二学期,2023
S0213,密码学基础,第二学期,2023
S0214,计算机网络,第一学期,2023
S0214,高等数学,第一学期,2023
S0214,操作系统,第二学期,2023
S0214,自然语言处理,第三学期,2023
S0214,自动驾驶技术,第三学期,2023
S0214,算法设计与分析,第三学期,2023
S0214,数据库原理,第三学期,2023
S0214,物联网技术,第四学期,2023
S0215,计算机网络,第一学期,2023
S0215,高等数学,第一学期,2023
S0215,离散数学,第一学期,2023
S0215,数据挖掘,第一学期,2023
S0215,深度学习,第二学期,2023
S0215,数据结构,第二学期,2023
S0215,区块链技术,第二学期,2023
S0215,自动驾驶技术,第二学期,2023
S0215,云计算,第三学期,2023
S0215,物联网技术,第四学期,2023
S0215,强化学习,第四学期,2023
S0215,信息安全,第五学期,2023
S0216,程序设计基础,第一学期,2023
S0216,高等数学,第一学期,2023
S0216,大学物理,第二学期,2023
S0216,线性代数,第二学期,2023
S0216,概率论与数理统计,第三学期,2023
S0216,机器学习,第三学期,2023
S0216,自动驾驶技术,第四学期,2023
S0216,嵌入式系统,第四学期,2023
S0217,程序设计基础,第一学期,2023
S0217,高等数学,第一学期,2023
S0217,云计算,第一学期,2023
S0217,嵌入式系统,第一学期,2023
S0217,算法设计与分析,第二学期,2023
S0217,数据挖掘,第二学期,2023
S0217,数据库原理,第二学期,2023
S0217,计算机视觉,第二学期,2023
S0218,高等数学,第一学期,2023
S0218,概率论与数理统计,第二学期,2023
S0218,线性代数,第二学期,2023
S0218,大数据技术,第二学期,2023
S0218,数据结构,第二学期,2023
S0218,算法设计与分析,第三学期,2023
S0218,计算机组成原理,第三学期,2023
S0218,自然语言处理,第三学期,2023
S0218,机器学习,第四学期,2023
S0219,计算机网络,第一学期,2023
S0219,程序设计基础,第二学期,2023
S0219,高等数学,第二学期,2023
S0219,概率论与数理统计,第二学期,2023
S0219,线性代数,第三学期,2023
S0219,大学物理,第三学期,2023
S0219,离散数学,第四学期,2023
S0219,密码学基础,第四学期,2023
S0219,区块链技术,第四学期,2023
S0219,数据库原理,第四学期,2023
S0219,大数据技术,第五学期,2023
S0219,嵌入式系统,第五学期,2023
S0219,深度学习,第五学期,2023
S0219,强化学习,第五学期,2023
S0220,信息安全,第一学期,2023
S0220,数据库原理,第一学期,2023
S0220,深度学习,第一学期,2023
S0220,强化学习,第一学期,2023
S0220,数据挖掘,第二学期,2023
S0220,物联网技术,第二学期,2023
S0220,线性代数,第三学期,2023
S0220,计算机视觉,第三学期,2023
S0220,区块链技术,第三学期,2023
S0220,自然语言处理,第三学期,2023
S0221,程序设计基础,第一学期,2023
S0221,计算机网络,第一学期,2023
S0221,高等数学,第一学期,2023
S0221,大学物理,第一学期,2023
S0221,深度学习,第二学期,2023
S0221,人工智能导论,第三学期,2023
S0221,大数据技术,第三学期,2023
S0221,自然语言处理,第三学期,2023
S0221,数据挖掘,第三学期,2023
S0221,云计算,第四学期,2023
S0222,高等数学,第一学期,2023
S0222,计算机组成原理,第二学期,2023
S0222,数据库原理,第二学期,2023
S0222,数据挖掘,第二学期,2023
S0222,深度学习,第二学期,2023
S0222,机器学习,第三学期,2023
S0222,算法设计与分析,第四学期,2023
S0222,信息安全,第五学期,2023
S0222,量子计算导论,第五学期,2023
S0222,密码学基础,第六学期,2023
S0222,物联网技术,第六学期,2023
S0222,区块链技术,第六学期,2023
S0223,程序设计基础,第一学期,2023
S0223,强化学习,第一学期,2023
S0223,算法设计与分析,第一学期,2023
S0223,物联网技术,第一学期,2023
S0223,数据库原理,第二学期,2023
S0223,大数据技术,第二学期,2023
S0223,计算机组成原理,第二学期,2023
S0223,操作系统,第二学期,2023
S0223,离散数学,第三学期,2023
S0223,云计算,第三学期,2023
S0223,自动驾驶技术,第三学期,2023
S0223,区块链技术,第三学期,2023
S0223,密码学基础,第四学期,2023
S0223,概率论与数理统计,第四学期,2023
S0223,人工智能导论,第四学期,2023
S0224,高等数学,第一学期,2023
S0224,大学物理,第一学期,2023
S0224,概率论与数理统计,第一学期,2023
S0224,离散数学,第一学期,2023
S0224,程序设计基础,第二学期,2023
S0224,数据结构,第二学期,2023
S0224,强化学习,第二学期,2023
S0224,信息安全,第三学期,2023
S0224,量子计算导论,第三学期,2023
S0224,计算机视觉,第三学期,2023
S0224,大数据技术,第三学期,2023
S0224,软件工程,第四学期,2023
S0224,物联网技术,第四学期,2023
S0224,深度学习,第四学期,2023
S0225,计算机网络,第一学期,2023
S0225,强化学习,第一学期,2023
S0225,数据结构,第一学期,2023
S0225,数据库原理,第一学期,2023
S0225,算法设计与分析,第二学期,2023
S0225,离散数学,第二学期,2023
S0225,人工智能导论,第二学期,2023
S0225,大数据技术,第三学期,2023
S0225,嵌入式系统,第三学期,2023
S0225,大学物理,第三学期,2023
S0226,程序设计基础,第一学期,2023
S0226,量子计算导论,第一学期,2023
S0226,深度学习,第一学期,2023
S0226,机器学习,第一学期,2023
S0226,计算机组成原理,第二学期,2023
S0226,数据挖掘,第二学期,2023
S0226,密码学基础,第二学期,2023
S0226,线性代数,第二学期,2023
S0226,离散数学,第三学期,2023
S0226,信息安全,第三学期,2023
S0227,量子计算导论,第一学期,2023
S0227,数据结构,第一学期,2023
S0227,算法设计与分析,第一学期,2023
S0227,线性代数,第一学期,2023
S0227,数据挖掘,第二学期,2023
S0227,信息安全,第三学期,2023
S0227,云计算,第三学期,2023
S0227,区块链技术,第三学期,2023
S0227,大数据技术,第三学期,2023
S0227,深度学习,第四学期,2023
S0227,密码学基础,第四学期,2023
S0227,软件工程,第四学期,2023
S0227,计算机视觉,第四学期,2023
S0227,操作系统,第五学期,2023
S0227,物联网技术,第五学期,2023
S0228,程序设计基础,第一学期,2023
S0228,数据结构,第二学期,2023
S0228,数据库原理,第二学期,2023
S0228,信息安全,第三学期,2023
S0228,软件工程,第三学期,2023
S0228,机器学习,第四学期,2023
S0228,自然语言处理,第四学期,2023
S0228,计算机视觉,第五学期,2023
S0228,自动驾驶技术,第五学期,2023
S0228,嵌入式系统,第五学期,2023
S0228,大学物理,第五学期,2023
S0228,计算机组成原理,第六学期,2023
S0228,操作系统,第六学期,2023
S0228,区块链技术,第六学期,2023
S0228,离散数学,第六学期,2023
S0229,嵌入式系统,第一学期,2023
S0229,线性代数,第一学期,2023
S0229,区块链技术,第一学期,2023
S0229,大学物理,第二学期,2023
S0229,概率论与数理统计,第二学期,2023
S0229,人工智能导论,第二学期,2023
S0229,云计算,第二学期,2023
S0229,算法设计与分析,第三学期,2023
S0230,高等数学,第一学期,2023
S0230,计算机网络,第一学期,2023
S0230,线性代数,第一学期,2023
S0230,离散数学,第一学期,2023
S0230,概率论与数理统计,第二学期,2023
S0230,信息安全,第二学期,2023
S0230,算法设计与分析,第三学期,2023
S0230,数据结构,第四学期,2023
S0230,数据挖掘,第四学期,2023
S0230,机器学习,第五学期,2023
S0231,计算机网络,第一学期,2023
S0231,大数据技术,第二学期,2023
S0231,操作系统,第三学期,2023
S0231,信息安全,第三学期,2023
S0231,自动驾驶技术,第三学期,2023
S0231,概率论与数理统计,第三学期,2023
S0231,人工智能导论,第四学期,2023
S0231,机器学习,第五学期,2023
S0231,深度学习,第五学期,2023
S0231,数据挖掘,第六学期,2023
S0231,数据结构,第六学期,2023
S0231,量子计算导论,第六学期,2023
S0232,程序设计基础,第一学期,2023
S0232,高等数学,第二学期,2023
S0232,计算机网络,第二学期,2023
S0232,计算机视觉,第二学期,2023
S0232,软件工程,第三学期,2023
S0232,云计算,第三学期,2023
S0232,嵌入式系统,第四学期,2023
S0232,信息安全,第五学期,2023
S0233,计算机网络,第一学期,2023
S0233,高等数学,第一学期,2023
S0233,物联网技术,第一学期,2023
S0233,区块链技术,第二学期,2023
S0233,操作系统,第二学期,2023
S0233,信息安全,第二学期,2023
S0233,软件工程,第二学期,2023
S0233,自动驾驶技术,第三学期,2023
S0233,机器学习,第三学期,2023
S0234,计算机组成原理,第一学期,2023
S0234,信息安全,第一学期,2023
S0234,人工智能导论,第一学期,2023
S0234,算法设计与分析,第一学期,2023
S0234,数据库原理,第二学期,2023
S0234,概率论与数理统计,第二学期,2023
S0234,大数据技术,第二学期,2023
S0234,线性代数,第二学期,2023
S0235,高等数学,第一学期,2023
S0235,离散数学,第一学期,2023
S0235,密码学基础,第一学期,2023
S0235,数据库原理,第二学期,2023
S0235,数据结构,第二学期,2023
S0235,算法设计与分析,第二学期,2023
S0235,自然语言处理,第二学期,2023
S0235,机器学习,第三学期,2023
S0235,深度学习,第三学期,2023
S0235,强化学习,第四学期,2023
S0236,程序设计基础,第一学期,2023
S0236,数据结构,第一学期,2023
S0236,离散数学,第一学期,2023
S0236,计算机组成原理,第一学期,2023
S0236,嵌入式系统,第二学期,2023
S0236,大数据技术,第三学期,2023
S0236,云计算,第三学期,2023
S0236,软件工程,第三学期,2023
S0236,物联网技术,第四学期,2023
S0236,量子计算导论,第四学期,2023
S0236,数据挖掘,第五学期,2023
S0236,自动驾驶技术,第六学期,2023
S0236,线性代数,第六学期,2023
S0236,密码学基础,第一学期,2024
S0237,高等数学,第一学期,2023
S0237,概率论与数理统计,第一学期,2023
S0237,离散数学,第一学期,2023
S0237,计算机网络,第一学期,2023
S0237,数据库原理,第二学期,2023
S0237,信息安全,第三学期,2023
S0237,大数据技术,第三学期,2023
S0237,自动驾驶技术,第四学期,2023
S0237,量子计算导论,第四学期,2023
S0237,机器学习,第五学期,2023
S0237,软件工程,第五学期,2023
S0237,算法设计与分析,第六学期,2023
S0237,区块链技术,第六学期,2023
S0238,高等数学,第一学期,2023
S0238,大学物理,第二学期,2023
S0238,程序设计基础,第二学期,2023
S0238,数据结构,第二学期,2023
S0238,数据库原理,第三学期,2023
S0238,概率论与数理统计,第三学期,2023
S0238,人工智能导论,第三学期,2023
S0238,机器学习,第四学期,2023
S0238,操作系统,第四学期,2023
S0238,软件工程,第五学期,2023
S0238,区块链技术,第五学期,2023
S0238,信息安全,第五学期,2023
S0238,自动驾驶技术,第六学期,2023
S0239,高等数学,第一学期,2023
S0239,离散数学,第一学期,2023
S0239,计算机网络,第二学期,2023
S0239,嵌入式系统,第三学期,2023
S0239,自动驾驶技术,第三学期,2023
S0239,深度学习,第三学期,2023
S0239,操作系统,第三学期,2023
S0239,自然语言处理,第四学期,2023
S0239,软件工程,第四学期,2023
S0240,程序设计基础,第一学期,2023
S0240,高等数学,第二学期,2023
S0240,计算机网络,第二学期,2023
S0240,线性代数,第三学期,2023
S0240,大学物理,第三学期,2023
S0240,计算机组成原理,第三学期,2023
S0240,区块链技术,第三学期,2023
S0240,自然语言处理,第四学期,2023
S0241,高等数学,第一学期,2023
S0241,自动驾驶技术,第二学期,2023
S0241,算法设计与分析,第二学期,2023
S0241,自然语言处理,第二学期,2023
S0241,软件工程,第三学期,2023
S0241,强化学习,第三学期,2023
S0241,云计算,第三学期,2023
S0241,数据结构,第三学期,2023
S0241,区块链技术,第四学期,2023
S0241,数据挖掘,第四学期,2023
S0242,数据结构,第一学期,2023
S0242,数据库原理,第一学期,2023
S0242,软件工程,第二学期,2023
S0242,线性代数,第二学期,2023
S0242,概率论与数理统计,第三学期,2023
S0242,人工智能导论,第三学期,2023
S0242,计算机组成原理,第三学期,2023
S0242,强化学习,第三学期,2023
S0242,数据挖掘,第四学期,2023
S0242,密码学基础,第四学期,2023
S0242,大学物理,第四学期,2023
S0243,程序设计基础,第一学期,2023
S0243,云计算,第一学期,2023
S0243,信息安全,第一学期,2023
S0243,数据库原理,第一学期,2023
S0243,软件工程,第二学期,2023
S0243,线性代数,第二学期,2023
S0243,计算机视觉,第二学期,2023
S0243,概率论与数理统计,第二学期,2023
S0243,嵌入式系统,第三学期,2023
S0243,大学物理,第四学期,2023
S0243,自动驾驶技术,第四学期,2023
S0243,离散数学,第五学期,2023
S0244,程序设计基础,第一学期,2023
S0244,数据挖掘,第二学期,2023
S0244,机器学习,第二学期,2023
S0244,深度学习,第三学期,2023
S0244,操作系统,第四学期,2023
S0244,密码学基础,第五学期,2023
S0244,云计算,第五学期,2023
S0244,数据库原理,第五学期,2023
S0244,大数据技术,第五学期,2023
S0244,软件工程,第六学期,2023
S0244,自动驾驶技术,第六学期,2023
S0244,嵌入式系统,第一学期,2024
S0244,大学物理,第二学期,2024
S0244,算法设计与分析,第二学期,2024
S0244,区块链技术,第二学期,2024
S0245,计算机网络,第一学期,2023
S0245,程序设计基础,第一学期,2023
S0245,密码学基础,第二学期,2023
S0245,区块链技术,第三学期,2023
S0245,操作系统,第三学期,2023
S0245,信息安全,第三学期,2023
S0245,计算机组成原理,第三学期,2023
S0245,计算机视觉,第四学期,2023
S0245,强化学习,第四学期,2023
S0245,概率论与数理统计,第五学期,2023
S0245,人工智能导论,第五学期,2023
S0245,自然语言处理,第六学期,2023
S0245,深度学习,第六学期,2023
S0245,数据库原理,第六学期,2023
S0245,软件工程,第一学期,2024
S0246,高等数学,第一学期,2023
S0246,操作系统,第一学期,2023
S0246,嵌入式系统,第二学期,2023
S0246,信息安全,第二学期,2023
S0246,自动驾驶技术,第二学期,2023
S0246,机器学习,第三学期,2023
S0246,自然语言处理,第三学期,2023
S0246,人工智能导论,第四学期,2023
S0246,大数据技术,第五学期,2023
S0246,量子计算导论,第五学期,2023
S0247,高等数学,第一学期,2023
S0247,概率论与数理统计,第一学期,2023
S0247,离散数学,第一学期,2023
S0247,大学物理,第二学期,2023
S0247,计算机组成原理,第二学期,2023
S0247,嵌入式系统,第二学期,2023
S0247,云计算,第二学期,2023
S0247,强化学习,第三学期,2023
S0247,深度学习,第三学期,2023
S0247,软件工程,第三学期,2023
S0247,物联网技术,第三学期,2023
S0247,大数据技术,第四学期,2023
S0247,量子计算导论,第四学期,2023
S0248,高等数学,第一学期,2023
S0248,大学物理,第二学期,2023
S0248,嵌入式系统,第二学期,2023
S0248,自动驾驶技术,第三学期,2023
S0248,操作系统,第三学期,2023
S0248,数据库原理,第三学期,2023
S0248,强化学习,第三学期,2023
S0248,信息安全,第四学期,2023
S0249,高等数学,第一学期,2023
S0249,程序设计基础,第一学期,2023
S0249,数据结构,第二学期,2023
S0249,量子计算导论,第二学期,2023
S0249,计算机视觉,第二学期,2023
S0249,操作系统,第二学期,2023
S0249,大数据技术,第三学期,2023
S0249,人工智能导论,第三学期,2023
S0249,自动驾驶技术,第三学期,2023
S0249,嵌入式系统,第四学期,2023
S0250,高等数学,第一学期,2023
S0250,程序设计基础,第一学期,2023
S0250,概率论与数理统计,第二学期,2023
S0250,数据结构,第二学期,2023
S0250,大学物理,第二学期,2023
S0250,人工智能导论,第二学期,2023
S0250,嵌入式系统,第三学期,2023
S0250,物联网技术,第四学期,2023
S0250,计算机视觉,第五学期,2023
S0250,密码学基础,第六学期,2023
S0250,自动驾驶技术,第六学期,2023
S0251,高等数学,第一学期,2023
S0251,概率论与数理统计,第二学期,2023
S0251,计算机网络,第三学期,2023
S0251,离散数学,第三学期,2023
S0251,程序设计基础,第四学期,2023
S0251,软件工程,第四学期,2023
S0251,计算机组成原理,第四学期,2023
S0251,大数据技术,第四学期,2023
S0251,自动驾驶技术,第五学期,2023
S0251,自然语言处理,第五学期,2023
S0251,数据挖掘,第五学期,2023
S0251,计算机视觉,第五学期,2023
S0252,高等数学,第一学期,2023
S0252,大学物理,第二学期,2023
S0252,人工智能导论,第二学期,2023
S0252,数据库原理,第二学期,2023
S0252,操作系统,第二学期,2023
S0252,大数据技术,第三学期,2023
S0252,机器学习,第四学期,2023
S0252,算法设计与分析,第五学期,2023
S0252,密码学基础,第五学期,2023
S0253,高等数学,第一学期,2023
S0253,线性代数,第一学期,2023
S0253,区块链技术,第二学期,2023
S0253,数据库原理,第二学期,2023
S0253,云计算,第二学期,2023
S0253,嵌入式系统,第二学期,2023
S0253,信息安全,第三学期,2023
S0253,深度学习,第四学期,2023
S0254,计算机网络,第一学期,2023
S0254,机器学习,第一学期,2023
S0254,强化学习,第一学期,2023
S0254,区块链技术,第一学期,2023
S0254,信息安全,第二学期,2023
S0254,线性代数,第二学期,2023
S0254,自动驾驶技术,第二学期,2023
S0254,操作系统,第二学期,2023
S0255,高等数学,第一学期,2023
S0255,概率论与数理统计,第一学期,2023
S0255,大学物理,第二学期,2023
S0255,程序设计基础,第二学期,2023
S0255,数据结构,第二学期,2023
S0255,人工智能导论,第三学期,2023
S0255,软件工程,第三学期,2023
S0255,密码学基础,第三学期,2023
S0255,大数据技术,第四学期,2023
S0255,强化学习,第四学期,2023
S0255,云计算,第四学期,2023
S0256,计算机网络,第一学期,2023
S0256,嵌入式系统,第二学期,2023
S0256,物联网技术,第三学期,2023
S0256,密码学基础,第三学期,2023
S0256,计算机组成原理,第三学期,2023
S0256,数据库原理,第三学期,2023
S0256,线性代数,第四学期,2023
S0256,大数据技术,第四学期,2023
S0256,信息安全,第四学期,2023
S0256,自然语言处理,第五学期,2023
S0256,概率论与数理统计,第五学期,2023
S0257,高等数学,第一学期,2023
S0257,线性代数,第二学期,2023
S0257,计算机网络,第三学期,2023
S0257,人工智能导论,第三学期,2023
S0257,数据库原理,第三学期,2023
S0257,物联网技术,第四学期,2023
S0257,量子计算导论,第四学期,2023
S0257,数据结构,第五学期,2023
S0258,程序设计基础,第一学期,2023
S0258,数据结构,第一学期,2023
S0258,算法设计与分析,第一学期,2023
S0258,离散数学,第二学期,2023
S0258,云计算,第三学期,2023
S0258,大学物理,第三学期,2023
S0258,计算机组成原理,第三学期,2023
S0258,操作系统,第三学期,2023
S0258,概率论与数理统计,第四学期,2023
S0258,计算机视觉,第五学期,2023
S0258,机器学习,第五学期,2023
S0258,信息安全,第六学期,2023
S0258,密码学基础,第六学期,2023
S0259,计算机网络,第一学期,2023
S0259,区块链技术,第一学期,2023
S0259,自动驾驶技术,第一学期,2023
S0259,操作系统,第一学期,2023
S0259,云计算,第二学期,2023
S0259,计算机视觉,第三学期,2023
S0259,机器学习,第三学期,2023
S0259,自然语言处理,第四学期,2023
S0259,深度学习,第四学期,2023
S0259,人工智能导论,第五学期,2023
S0259,数据库原理,第六学期,2023
S0259,离散数学,第六学期,2023
S0259,线性代数,第六学期,2023
S0259,数据结构,第六学期,2023
S0260,计算机网络,第一学期,2023
S0260,高等数学,第二学期,2023
S0260,线性代数,第三学期,2023
S0260,大学物理,第四学期,2023
S0260,计算机组成原理,第四学期,2023
S0260,嵌入式系统,第四学期,2023
S0260,物联网技术,第四学期,2023
S0260,深度学习,第五学期,2023
S0260,算法设计与分析,第五学期,2023
S0260,强化学习,第五学期,2023
S0260,自然语言处理,第五学期,2023
S0260,数据库原理,第六学期,2023
S0260,密码学基础,第六学期,2023
S0260,量子计算导论,第六学期,2023
S0260,计算机视觉,第一学期,2024
S0261,计算机网络,第一学期,2023
S0261,高等数学,第一学期,2023
S0261,概率论与数理统计,第一学期,2023
S0261,大学物理,第一学期,2023
S0261,操作系统,第二学期,2023
S0261,信息安全,第三学期,2023
S0261,物联网技术,第三学期,2023
S0261,深度学习,第三学期,2023
S0261,强化学习,第三学期,2023
S0261,大数据技术,第四学期,2023
S0261,自然语言处理,第五学期,2023
S0261,算法设计与分析,第六学期,2023
S0262,计算机网络,第一学期,2023
S0262,概率论与数理统计,第二学期,2023
S0262,信息安全,第三学期,2023
S0262,人工智能导论,第三学期,2023
S0262,自动驾驶技术,第三学期,2023
S0262,操作系统,第四学期,2023
S0262,数据挖掘,第五学期,2023
S0262,物联网技术,第六学期,2023
S0263,计算机网络,第一学期,2023
S0263,高等数学,第一学期,2023
S0263,概率论与数理统计,第一学期,2023
S0263,深度学习,第一学期,2023
S0263,自然语言处理,第二学期,2023
S0263,机器学习,第二学期,2023
S0263,计算机视觉,第三学期,2023
S0263,物联网技术,第三学期,2023
S0263,算法设计与分析,第三学期,2023
S0263,大数据技术,第三学期,2023
S0264,计算机网络,第一学期,2023
S0264,高等数学,第二学期,2023
S0264,概率论与数理统计,第二学期,2023
S0264,线性代数,第二学期,2023
S0264,机器学习,第二学期,2023
S0264,深度学习,第三学期,2023
S0264,强化学习,第三学期,2023
S0264,操作系统,第三学期,2023
S0264,嵌入式系统,第三学期,2023
S0264,大数据技术,第四学期,2023
S0264,区块链技术,第四学期,2023
S0264,自动驾驶技术,第四学期,2023
S0264,计算机组成原理,第五学期,2023
S0265,计算机网络,第一学期,2023
S0265,高等数学,第一学期,2023
S0265,算法设计与分析,第一学期,2023
S0265,信息安全,第二学期,2023
S0265,区块链技术,第二学期,2023
S0265,数据库原理,第三学期,2023
S0265,数据挖掘,第三学期,2023
S0265,物联网技术,第三学期,2023
S0265,自动驾驶技术,第三学期,2023
S0266,高等数学,第一学期,2023
S0266,计算机网络,第二学期,2023
S0266,线性代数,第二学期,2023
S0266,程序设计基础,第二学期,2023
S0266,数据结构,第二学期,2023
S0266,离散数学,第三学期,2023
S0266,算法设计与分析,第四学期,2023
S0266,强化学习,第五学期,2023
S0266,计算机组成原理,第五学期,2023
S0266,数据挖掘,第五学期,2023
S0267,信息安全,第一学期,2023
S0267,操作系统,第一学期,2023
S0267,物联网技术,第二学期,2023
S0267,量子计算导论,第二学期,2023
S0267,强化学习,第三学期,2023
S0267,计算机组成原理,第三学期,2023
S0267,数据库原理,第三学期,2023
S0267,大数据技术,第三学期,2023
S0267,数据结构,第四学期,2023
S0268,高等数学,第一学期,2023
S0268,计算机网络,第一学期,2023
S0268,大学物理,第一学期,2023
S0268,计算机组成原理,第一学期,2023
S0268,嵌入式系统,第二学期,2023
S0268,物联网技术,第二学期,2023
S0268,密码学基础,第二学期,2023
S0268,区块链技术,第二学期,2023
S0268,大数据技术,第三学期,2023
S0268,量子计算导论,第三学期,2023
S0268,机器学习,第四学期,2023
S0268,数据库原理,第四学期,2023
S0269,程序设计基础,第一学期,2023
S0269,强化学习,第一学期,2023
S0269,密码学基础,第二学期,2023
S0269,操作系统,第二学期,2023
S0269,人工智能导论,第三学期,2023
S0269,计算机视觉,第三学期,2023
S0269,机器学习,第三学期,2023
S0269,软件工程,第三学期,2023
S0269,概率论与数理统计,第四学期,2023
S0269,离散数学,第四学期,2023
S0269,云计算,第四学期,2023
S0270,高等数学,第一学期,2023
S0270,线性代数,第一学期,2023
S0270,概率论与数理统计,第一学期,2023
S0270,量子计算导论,第一学期,2023
S0270,软件工程,第二学期,2023
S0270,计算机视觉,第二学期,2023
S0270,算法设计与分析,第二学期,2023
S0270,密码学基础,第二学期,2023
S0270,人工智能导论,第三学期,2023
S0270,强化学习,第三学期,2023
S0270,信息安全,第三学期,2023
S0270,嵌入式系统,第三学期,2023
S0270,物联网技术,第四学期,2023
S0270,自然语言处理,第五学期,2023
S0271,高等数学,第一学期,2023
S0271,操作系统,第二学期,2023
S0271,算法设计与分析,第二学期,2023
S0271,大数据技术,第二学期,2023
S0271,机器学习,第二学期,2023
S0271,深度学习,第三学期,2023
S0271,数据库原理,第四学期,2023
S0271,数据挖掘,第四学期,2023
S0271,密码学基础,第五学期,2023
S0271,软件工程,第六学期,2023
S0272,高等数学,第一学期,2023
S0272,大学物理,第二学期,2023
S0272,计算机组成原理,第二学期,2023
S0272,离散数学,第三学期,2023
S0272,密码学基础,第四学期,2023
S0272,强化学习,第四学期,2023
S0272,区块链技术,第五学期,2023
S0272,数据结构,第六学期,2023
S0272,算法设计与分析,第六学期,2023
S0272,人工智能导论,第六学期,2023
S0272,物联网技术,第六学期,2023
S0272,自然语言处理,第一学期,2024
S0273,程序设计基础,第一学期,2023
S0273,计算机网络,第一学期,2023
S0273,操作系统,第一学期,2023
S0273,云计算,第一学期,2023
S0273,机器学习,第二学期,2023
S0273,区块链技术,第三学期,2023
S0273,数据库原理,第三学期,2023
S0273,大学物理,第三学期,2023
S0274,高等数学,第一学期,2023
S0274,离散数学,第一学期,2023
S0274,大学物理,第一学期,2023
S0274,计算机网络,第一学期,2023
S0274,计算机组成原理,第二学期,2023
S0274,密码学基础,第二学期,2023
S0274,自然语言处理,第二学期,2023
S0274,云计算,第二学期,2023
S0274,大数据技术,第三学期,2023
S0274,强化学习,第四学期,2023
S0274,深度学习,第四学期,2023
S0274,算法设计与分析,第四学期,2023
S0274,数据挖掘,第四学期,2023
S0274,自动驾驶技术,第五学期,2023
S0274,计算机视觉,第五学期,2023
S0275,程序设计基础,第一学期,2023
S0275,概率论与数理统计,第一学期,2023
S0275,数据库原理,第二学期,2023
S0275,自动驾驶技术,第三学期,2023
S0275,数据挖掘,第三学期,2023
S0275,算法设计与分析,第三学期,2023
S0275,操作系统,第三学期,2023
S0275,量子计算导论,第四学期,2023
S0276,计算机网络,第一学期,2023
S0276,线性代数,第一学期,2023
S0276,操作系统,第一学期,2023
S0276,信息安全,第二学期,2023
S0276,离散数学,第二学期,2023
S0276,软件工程,第三学期,2023
S0276,数据结构,第三学期,2023
S0276,计算机视觉,第三学期,2023
S0276,量子计算导论,第四学期,2023
S0276,机器学习,第四学期,2023
S0277,程序设计基础,第一学期,2023
S0277,计算机网络,第二学期,2023
S0277,高等数学,第二学期,2023
S0277,离散数学,第三学期,2023
S0277,密码学基础,第四学期,2023
S0277,区块链技术,第四学期,2023
S0277,人工智能导论,第四学期,2023
S0277,自动驾驶技术,第四学期,2023
S0277,深度学习,第五学期,2023
S0277,物联网技术,第五学期,2023
S0277,云计算,第五学期,2023
S0278,计算机网络,第一学期,2023
S0278,高等数学,第一学期,2023
S0278,概率论与数理统计,第二学期,2023
S0278,数据结构,第二学期,2023
S0278,软件工程,第二学期,2023
S0278,自然语言处理,第二学期,2023
S0278,大数据技术,第三学期,2023
S0278,操作系统,第四学期,2023
S0278,深度学习,第五学期,2023
S0278,数据挖掘,第六学期,2023
S0278,物联网技术,第六学期,2023
S0279,高等数学,第一学期,2023
S0279,概率论与数理统计,第一学期,2023
S0279,离散数学,第一学期,2023
S0279,密码学基础,第二学期,2023
S0279,大数据技术,第三学期,2023
S0279,自然语言处理,第三学期,2023
S0279,自动驾驶技术,第三学期,2023
S0279,软件工程,第四学期,2023
S0279,深度学习,第五学期,2023
S0279,物联网技术,第五学期,2023
S0279,人工智能导论,第五学期,2023
S0279,操作系统,第五学期,2023
S0280,计算机网络,第一学期,2023
S0280,程序设计基础,第二学期,2023
S0280,高等数学,第三学期,2023
S0280,数据结构,第四学期,2023
S0280,算法设计与分析,第五学期,2023
S0280,信息安全,第五学期,2023
S0280,区块链技术,第六学期,2023
S0280,计算机视觉,第六学期,2023
S0280,物联网技术,第六学期,2023
S0280,量子计算导论,第六学期,2023
S0280,云计算,第一学期,2024
S0280,密码学基础,第一学期,2024
S0281,高等数学,第一学期,2023
S0281,程序设计基础,第一学期,2023
S0281,数据结构,第二学期,2023
S0281,算法设计与分析,第二学期,2023
S0281,密码学基础,第二学期,2023
S0281,嵌入式系统,第三学期,2023
S0281,信息安全,第四学期,2023
S0281,数据挖掘,第四学期,2023
S0281,深度学习,第四学期,2023
S0282,高等数学,第一学期,2023
S0282,线性代数,第一学期,2023
S0282,程序设计基础,第一学期,2023
S0282,离散数学,第二学期,2023
S0282,大学物理,第二学期,2023
S0282,人工智能导论,第三学期,2023
S0282,计算机视觉,第三学期,2023
S0282,区块链技术,第三学期,2023
S0282,物联网技术,第三学期,2023
S0282,量子计算导论,第四学期,2023
S0282,大数据技术,第四学期,2023
S0283,信息安全,第一学期,2023
S0283,区块链技术,第一学期,2023
S0283,操作系统,第一学期,2023
S0283,概率论与数理统计,第一学期,2023
S0283,数据库原理,第二学期,2023
S0283,自然语言处理,第二学期,2023
S0283,计算机视觉,第三学期,2023
S0283,数据结构,第三学期,2023
S0283,密码学基础,第四学期,2023
S0284,程序设计基础,第一学期,2023
S0284,离散数学,第一学期,2023
S0284,大学物理,第一学期,2023
S0284,强化学习,第二学期,2023
S0284,计算机视觉,第二学期,2023
S0284,机器学习,第二学期,2023
S0284,自动驾驶技术,第二学期,2023
S0284,深度学习,第三学期,2023
S0284,数据挖掘,第三学期,2023
S0284,操作系统,第四学期,2023
S0284,信息安全,第四学期,2023
S0284,概率论与数理统计,第五学期,2023
S0285,程序设计基础,第一学期,2023
S0285,数据结构,第一学期,2023
S0285,高等数学,第一学期,2023
S0285,密码学基础,第二学期,2023
S0285,软件工程,第二学期,2023
S0285,信息安全,第二学期,2023
S0285,强化学习,第二学期,2023
S0285,自动驾驶技术,第三学期,2023
S0285,计算机组成原理,第三学期,2023
S0285,计算机视觉,第三学期,2023
S0285,深度学习,第四学期,2023
S0285,区块链技术,第四学期,2023
S0285,机器学习,第五学期,2023
S0285,数据挖掘,第六学期,2023
S0286,程序设计基础,第一学期,2023
S0286,计算机网络,第二学期,2023
S0286,高等数学,第三学期,2023
S0286,概率论与数理统计,第四学期,2023
S0286,大学物理,第四学期,2023
S0286,计算机组成原理,第五学期,2023
S0286,嵌入式系统,第五学期,2023
S0286,线性代数,第五学期,2023
S0286,信息安全,第六学期,2023
S0286,数据挖掘,第六学期,2023
S0286,强化学习,第六学期,2023
S0286,数据库原理,第六学期,2023
S0286,云计算,第一学期,2024
S0286,算法设计与分析,第一学期,2024
S0286,大数据技术,第一学期,2024
S0287,高等数学,第一学期,2023
S0287,大学物理,第一学期,2023
S0287,计算机组成原理,第二学期,2023
S0287,计算机网络,第二学期,2023
S0287,概率论与数理统计,第二学期,2023
S0287,密码学基础,第二学期,2023
S0287,物联网技术,第三学期,2023
S0287,数据挖掘,第四学期,2023
S0287,大数据技术,第五学期,2023
S0287,计算机视觉,第六学期,2023
S0288,计算机网络,第一学期,2023
S0288,数据挖掘,第一学期,2023
S0288,概率论与数理统计,第一学期,2023
S0288,自动驾驶技术,第二学期,2023
S0288,数据结构,第三学期,2023
S0288,数据库原理,第三学期,2023
S0288,线性代数,第四学期,2023
S0288,密码学基础,第五学期,2023
S0288,云计算,第五学期,2023
S0288,计算机组成原理,第六学期,2023
S0288,物联网技术,第一学期,2024
S0288,大学物理,第二学期,2024
S0289,程序设计基础,第一学期,2023
S0289,高等数学,第一学期,2023
S0289,离散数学,第一学期,2023
S0289,大学物理,第一学期,2023
S0289,计算机网络,第二学期,2023
S0289,人工智能导论,第二学期,2023
S0289,物联网技术,第二学期,2023
S0289,数据挖掘,第二学期,2023
S0289,自动驾驶技术,第三学期,2023
S0289,自然语言处理,第四学期,2023
S0289,数据库原理,第四学期,2023
S0289,云计算,第四学期,2023
S0289,信息安全,第四学期,2023
S0289,深度学习,第五学期,2023
S0289,嵌入式系统,第五学期,2023
S0290,计算机网络,第一学期,2023
S0290,计算机视觉,第一学期,2023
S0290,计算机组成原理,第一学期,2023
S0290,操作系统,第一学期,2023
S0290,云计算,第二学期,2023
S0290,嵌入式系统,第二学期,2023
S0290,信息安全,第二学期,2023
S0290,算法设计与分析,第二学期,2023
S0290,软件工程,第三学期,2023
S0290,数据库原理,第三学期,2023
S0290,深度学习,第三学期,2023
S0290,区块链技术,第三学期,2023
S0290,量子计算导论,第四学期,2023
S0290,数据结构,第四学期,2023
S0290,密码学基础,第四学期,2023
S0291,深度学习,第一学期,2023
S0291,云计算,第二学期,2023
S0291,数据挖掘,第二学期,2023
S0291,计算机组成原理,第二学期,2023
S0291,操作系统,第二学期,2023
S0291,算法设计与分析,第三学期,2023
S0291,数据结构,第四学期,2023
S0291,软件工程,第五学期,2023
S0291,机器学习,第六学期,2023
S0291,自动驾驶技术,第一学期,2024
S0291,区块链技术,第二学期,2024
S0292,自动驾驶技术,第一学期,2023
S0292,离散数学,第一学期,2023
S0292,强化学习,第一学期,2023
S0292,数据库原理,第二学期,2023
S0292,自然语言处理,第二学期,2023
S0292,概率论与数理统计,第三学期,2023
S0292,线性代数,第三学期,2023
S0292,人工智能导论,第三学期,2023
S0292,信息安全,第三学期,2023
S0293,程序设计基础,第一学期,2023
S0293,高等数学,第一学期,2023
S0293,线性代数,第二学期,2023
S0293,离散数学,第二学期,2023
S0293,密码学基础,第三学期,2023
S0293,计算机网络,第三学期,2023
S0293,计算机组成原理,第四学期,2023
S0293,操作系统,第四学期,2023
S0293,云计算,第四学期,2023
S0293,深度学习,第四学期,2023
S0293,数据库原理,第五学期,2023
S0293,强化学习,第五学期,2023
S0293,自动驾驶技术,第五学期,2023
S0294,高等数学,第一学期,2023
S0294,大学物理,第二学期,2023
S0294,线性代数,第三学期,2023
S0294,概率论与数理统计,第四学期,2023
S0294,量子计算导论,第四学期,2023
S0294,密码学基础,第五学期,2023
S0294,区块链技术,第五学期,2023
S0294,大数据技术,第五学期,2023
S0294,计算机视觉,第五学期,2023
S0294,深度学习,第六学期,2023
S0294,算法设计与分析,第一学期,2024
S0294,自动驾驶技术,第二学期,2024
S0294,机器学习,第二学期,2024
S0294,信息安全,第三学期,2024
S0295,高等数学,第一学期,2023
S0295,程序设计基础,第一学期,2023
S0295,离散数学,第一学期,2023
S0295,密码学基础,第一学期,2023
S0295,数据结构,第二学期,2023
S0295,数据库原理,第三学期,2023
S0295,深度学习,第三学期,2023
S0295,人工智能导论,第三学期,2023
S0295,机器学习,第三学期,2023
S0295,云计算,第四学期,2023
S0295,大数据技术,第四学期,2023
S0295,区块链技术,第四学期,2023
S0295,软件工程,第五学期,2023
S0296,大数据技术,第一学期,2023
S0296,自然语言处理,第一学期,2023
S0296,嵌入式系统,第二学期,2023
S0296,深度学习,第二学期,2023
S0296,自动驾驶技术,第三学期,2023
S0296,大学物理,第四学期,2023
S0296,信息安全,第四学期,2023
S0296,量子计算导论,第五学期,2023
S0296,区块链技术,第六学期,2023
S0296,人工智能导论,第一学期,2024
S0296,物联网技术,第一学期,2024
S0296,操作系统,第二学期,2024
S0296,离散数学,第二学期,2024
S0296,数据库原理,第二学期,2024
S0297,计算机网络,第一学期,2023
S0297,高等数学,第二学期,2023
S0297,概率论与数理统计,第三学期,2023
S0297,线性代数,第三学期,2023
S0297,程序设计基础,第四学期,2023
S0297,深度学习,第四学期,2023
S0297,人工智能导论,第五学期,2023
S0297,区块链技术,第五学期,2023
S0297,数据挖掘,第五学期,2023
S0297,大数据技术,第五学期,2023
S0297,数据库原理,第六学期,2023
S0297,强化学习,第一学期,2024
S0298,高等数学,第一学期,2023
S0298,线性代数,第二学期,2023
S0298,计算机网络,第二学期,2023
S0298,区块链技术,第二学期,2023
S0298,计算机组成原理,第二学期,2023
S0298,强化学习,第三学期,2023
S0298,计算机视觉,第四学期,2023
S0298,云计算,第四学期,2023
S0298,人工智能导论,第五学期,2023
S0298,机器学习,第五学期,2023
S0298,深度学习,第六学期,2023
S0298,密码学基础,第一学期,2024
S0298,量子计算导论,第一学期,2024
S0299,计算机网络,第一学期,2023
S0299,计算机视觉,第一学期,2023
S0299,深度学习,第一学期,2023
S0299,计算机组成原理,第一学期,2023
S0299,操作系统,第二学期,2023
S0299,信息安全,第二学期,2023
S0299,云计算,第二学期,2023
S0299,密码学基础,第二学期,2023
S0299,强化学习,第三学期,2023
S0299,人工智能导论,第四学期,2023
S0299,自动驾驶技术,第四学期,2023
S0299,离散数学,第五学期,2023
S0299,软件工程,第六学期,2023
S0299,数据库原理,第一学期,2024
S0300,高等数学,第一学期,2023
S0300,线性代数,第二学期,2023
S0300,强化学习,第二学期,2023
S0300,算法设计与分析,第三学期,2023
S0300,数据库原理,第三学期,2023
S0300,大数据技术,第四学期,2023
S0300,量子计算导论,第五学期,2023
S0300,区块链技术,第五学期,2023
S0301,计算机网络,第一学期,2023
S0301,高等数学,第二学期,2023
S0301,概率论与数理统计,第二学期,2023
S0301,线性代数,第二学期,2023
S0301,数据挖掘,第二学期,2023
S0301,区块链技术,第三学期,2023
S0301,自然语言处理,第四学期,2023
S0301,软件工程,第四学期,2023
S0301,计算机组成原理,第四学期,2023
S0301,计算机视觉,第四学期,2023
S0301,数据结构,第五学期,2023
S0302,高等数学,第一学期,2023
S0302,程序设计基础,第一学期,2023
S0302,区块链技术,第一学期,2023
S0302,计算机视觉,第一学期,2023
S0302,自动驾驶技术,第二学期,2023
S0302,数据库原理,第二学期,2023
S0302,信息安全,第二学期,2023
S0302,密码学基础,第三学期,2023
S0302,软件工程,第四学期,2023
S0303,高等数学,第一学期,2023
S0303,嵌入式系统,第一学期,2023
S0303,大数据技术,第一学期,2023
S0303,机器学习,第二学期,2023
S0303,云计算,第三学期,2023
S0303,数据结构,第三学期,2023
S0303,数据挖掘,第三学期,2023
S0303,区块链技术,第四学期,2023
S0303,量子计算导论,第五学期,2023
S0304,计算机网络,第一学期,2023
S0304,高等数学,第一学期,2023
S0304,线性代数,第一学期,2023
S0304,离散数学,第一学期,2023
S0304,操作系统,第二学期,2023
S0304,云计算,第三学期,2023
S0304,数据结构,第三学期,2023
S0304,深度学习,第三学期,2023
S0304,嵌入式系统,第三学期,2023
S0305,高等数学,第一学期,2023
S0305,大学物理,第一学期,2023
S0305,算法设计与分析,第一学期,2023
S0305,区块链技术,第二学期,2023
S0305,大数据技术,第二学期,2023
S0305,自动驾驶技术,第二学期,2023
S0305,人工智能导论,第二学期,2023
S0305,数据结构,第三学期,2023
S0305,深度学习,第四学期,2023
S0305,操作系统,第四学期,2023
S0306,高等数学,第一学期,2023
S0306,概率论与数理统计,第一学期,2023
S0306,线性代数,第一学期,2023
S0306,程序设计基础,第一学期,2023
S0306,数据结构,第二学期,2023
S0306,算法设计与分析,第三学期,2023
S0306,区块链技术,第三学期,2023
S0306,密码学基础,第三学期,2023
S0306,信息安全,第三学期,2023
S0306,自然语言处理,第四学期,2023
S0306,云计算,第五学期,2023
S0306,自动驾驶技术,第五学期,2023
S0307,数据库原理,第一学期,2023
S0307,密码学基础,第一学期,2023
S0307,数据结构,第一学期,2023
S0307,人工智能导论,第一学期,2023
S0307,自然语言处理,第二学期,2023
S0307,软件工程,第二学期,2023
S0307,离散数学,第二学期,2023
S0307,嵌入式系统,第二学期,2023
S0307,计算机组成原理,第三学期,2023
S0307,量子计算导论,第四学期,2023
S0307,强化学习,第四学期,2023
S0308,高等数学,第一学期,2023
S0308,线性代数,第二学期,2023
S0308,大学物理,第二学期,2023
S0308,强化学习,第二学期,2023
S0308,操作系统,第三学期,2023
S0308,物联网技术,第三学期,2023
S0308,信息安全,第三学期,2023
S0308,数据结构,第三学期,2023
S0309,程序设计基础,第一学期,2023
S0309,高等数学,第一学期,2023
S0309,离散数学,第一学期,2023
S0309,线性代数,第一学期,2023
S0309,机器学习,第二学期,2023
S0309,强化学习,第三学期,2023
S0309,物联网技术,第三学期,2023
S0309,计算机组成原理,第三学期,2023
S0309,算法设计与分析,第四学期,2023
S0309,区块链技术,第四学期,2023
S0310,高等数学,第一学期,2023
S0310,计算机网络,第一学期,2023
S0310,线性代数,第一学期,2023
S0310,数据库原理,第二学期,2023
S0310,深度学习,第三学期,2023
S0310,算法设计与分析,第三学期,2023
S0310,数据挖掘,第四学期,2023
S0310,信息安全,第四学期,2023
S0311,高等数学,第一学期,2023
S0311,物联网技术,第二学期,2023
S0311,计算机视觉,第三学期,2023
S0311,量子计算导论,第四学期,2023
S0311,操作系统,第五学期,2023
S0311,数据挖掘,第六学期,2023
S0311,云计算,第六学期,2023
S0311,自然语言处理,第六学期,2023
S0312,程序设计基础,第一学期,2023
S0312,计算机网络,第二学期,2023
S0312,数据结构,第二学期,2023
S0312,算法设计与分析,第二学期,2023
S0312,大学物理,第三学期,2023
S0312,软件工程,第三学期,2023
S0312,机器学习,第三学期,2023
S0312,计算机视觉,第三学期,2023
S0312,线性代数,第四学期,2023
S0312,物联网技术,第四学期,2023
S0312,数据挖掘,第四学期,2023
S0312,量子计算导论,第四学期,2023
S0313,高等数学,第一学期,2023
S0313,线性代数,第二学期,2023
S0313,软件工程,第二学期,2023
S0313,机器学习,第三学期,2023
S0313,计算机视觉,第三学期,2023
S0313,云计算,第四学期,2023
S0313,数据库原理,第四学期,2023
S0313,数据结构,第四学期,2023
S0313,物联网技术,第五学期,2023
S0314,高等数学,第一学期,2023
S0314,计算机网络,第二学期,2023
S0314,大学物理,第二学期,2023
S0314,离散数学,第二学期,2023
S0314,密码学基础,第二学期,2023
S0314,操作系统,第三学期,2023
S0314,信息安全,第三学期,2023
S0314,机器学习,第四学期,2023
S0314,计算机视觉,第四学期,2023
S0314,算法设计与分析,第四学期,2023
S0314,数据结构,第五学期,2023
S0315,程序设计基础,第一学期,2023
S0315,计算机网络,第二学期,2023
S0315,数据结构,第二学期,2023
S0315,数据库原理,第二学期,2023
S0315,概率论与数理统计,第二学期,2023
S0315,嵌入式系统,第三学期,2023
S0315,大学物理,第三学期,2023
S0315,机器学习,第四学期,2023
S0315,数据挖掘,第五学期,2023
S0315,自动驾驶技术,第五学期,2023
S0315,云计算,第六学期,2023
S0316,高等数学,第一学期,2023
S0316,强化学习,第一学期,2023
S0316,计算机视觉,第一学期,2023
S0316,量子计算导论,第一学期,2023
S0316,嵌入式系统,第二学期,2023
S0316,人工智能导论,第三学期,2023
S0316,数据挖掘,第三学期,2023
S0316,机器学习,第四学期,2023
S0316,大数据技术,第四学期,2023
S0317,计算机网络,第一学期,2023
S0317,高等数学,第二学期,2023
S0317,概率论与数理统计,第二学期,2023
S0317,线性代数,第二学期,2023
S0317,量子计算导论,第三学期,2023
S0317,数据结构,第三学期,2023
S0317,自动驾驶技术,第四学期,2023
S0317,嵌入式系统,第四学期,2023
S0317,物联网技术,第四学期,2023
S0317,数据挖掘,第四学期,2023
S0317,操作系统,第五学期,2023
S0317,信息安全,第五学期,2023
S0317,大数据技术,第五学期,2023
S0317,强化学习,第六学期,2023
S0318,高等数学,第一学期,2023
S0318,计算机网络,第二学期,2023
S0318,大学物理,第二学期,2023
S0318,计算机组成原理,第二学期,2023
S0318,大数据技术,第二学期,2023
S0318,信息安全,第三学期,2023
S0318,量子计算导论,第三学期,2023
S0318,机器学习,第四学期,2023
S0318,计算机视觉,第五学期,2023
S0318,物联网技术,第五学期,2023
S0319,概率论与数理统计,第一学期,2023
S0319,大学物理,第二学期,2023
S0319,大数据技术,第二学期,2023
S0319,云计算,第二学期,2023
S0319,数据挖掘,第二学期,2023
S0319,深度学习,第三学期,2023
S0319,数据库原理,第三学期,2023
S0319,算法设计与分析,第四学期,2023
S0319,离散数学,第五学期,2023
S0319,操作系统,第五学期,2023
S0320,高等数学,第一学期,2023
S0320,程序设计基础,第一学期,2023
S0320,计算机网络,第一学期,2023
S0320,大学物理,第一学期,2023
S0320,概率论与数理统计,第二学期,2023
S0320,计算机视觉,第三学期,2023
S0320,数据库原理,第三学期,2023
S0320,软件工程,第四学期,2023
S0320,自然语言处理,第四学期,2023
S0320,数据挖掘,第四学期,2023
S0320,机器学习,第四学期,2023
S0320,操作系统,第五学期,2023
S0320,算法设计与分析,第五学期,2023
S0321,高等数学,第一学期,2023
S0321,程序设计基础,第一学期,2023
S0321,计算机网络,第一学期,2023
S0321,数据结构,第一学期,2023
S0321,机器学习,第二学期,2023
S0321,自然语言处理,第三学期,2023
S0321,计算机视觉,第四学期,2023
S0321,自动驾驶技术,第四学期,2023
S0321,信息安全,第四学期,2023
S0321,人工智能导论,第四学期,2023
S0321,物联网技术,第五学期,2023
S0321,大数据技术,第五学期,2023
S0322,程序设计基础,第一学期,2023
S0322,量子计算导论,第一学期,2023
S0322,概率论与数理统计,第一学期,2023
S0322,大学物理,第一学期,2023
S0322,计算机组成原理,第二学期,2023
S0322,嵌入式系统,第二学期,2023
S0322,操作系统,第二学期,2023
S0322,算法设计与分析,第二学期,2023
S0322,强化学习,第三学期,2023
S0322,物联网技术,第三学期,2023
S0322,密码学基础,第三学期,2023
S0322,人工智能导论,第三学期,2023
S0322,大数据技术,第四学期,2023
S0322,自动驾驶技术,第四学期,2023
S0322,计算机视觉,第四学期,2023
S0323,高等数学,第一学期,2023
S0323,概率论与数理统计,第一学期,2023
S0323,人工智能导论,第一学期,2023
S0323,软件工程,第二学期,2023
S0323,数据挖掘,第二学期,2023
S0323,自动驾驶技术,第二学期,2023
S0323,数据结构,第二学期,2023
S0323,信息安全,第三学期,2023
S0324,计算机网络,第一学期,2023
S0324,计算机视觉,第二学期,2023
S0324,概率论与数理统计,第三学期,2023
S0324,密码学基础,第三学期,2023
S0324,线性代数,第四学期,2023
S0324,量子计算导论,第四学期,2023
S0324,自然语言处理,第四学期,2023
S0324,机器学习,第五学期,2023
S0324,大数据技术,第五学期,2023
S0324,操作系统,第五学期,2023
S0324,云计算,第五学期,2023
S0324,信息安全,第六学期,2023
S0325,计算机网络,第一学期,2023
S0325,高等数学,第一学期,2023
S0325,线性代数,第一学期,2023
S0325,离散数学,第一学期,2023
S0325,密码学基础,第二学期,2023
S0325,区块链技术,第三学期,2023
S0325,人工智能导论,第三学期,2023
S0325,自动驾驶技术,第四学期,2023
S0325,强化学习,第四学期,2023
S0325,自然语言处理,第五学期,2023
S0325,大数据技术,第六学期,2023
S0326,高等数学,第一学期,2023
S0326,程序设计基础,第一学期,2023
S0326,线性代数,第一学期,2023
S0326,数据结构,第一学期,2023
S0326,算法设计与分析,第二学期,2023
S0326,数据库原理,第三学期,2023
S0326,区块链技术,第四学期,2023
S0326,深度学习,第四学期,2023
S0326,操作系统,第四学期,2023
S0326,密码学基础,第四学期,2023
S0326,计算机视觉,第五学期,2023
S0326,强化学习,第六学期,2023
S0326,机器学习,第六学期,2023
S0326,数据挖掘,第六学期,2023
S0326,嵌入式系统,第六学期,2023
S0327,计算机网络,第一学期,2023
S0327,人工智能导论,第二学期,2023
S0327,机器学习,第三学期,2023
S0327,强化学习,第四学期,2023
S0327,嵌入式系统,第四学期,2023
S0327,算法设计与分析,第四学期,2023
S0327,云计算,第四学期,2023
S0327,区块链技术,第五学期,2023
S0327,操作系统,第五学期,2023
S0327,自动驾驶技术,第六学期,2023
S0327,量子计算导论,第六学期,2023
S0327,线性代数,第一学期,2024
S0328,高等数学,第一学期,2023
S0328,计算机网络,第一学期,2023
S0328,程序设计基础,第一学期,2023
S0328,量子计算导论,第一学期,2023
S0328,强化学习,第二学期,2023
S0328,数据库原理,第二学期,2023
S0328,计算机组成原理,第二学期,2023
S0328,计算机视觉,第三学期,2023
S0328,软件工程,第三学期,2023
S0328,人工智能导论,第三学期,2023
S0328,物联网技术,第三学期,2023
S0328,算法设计与分析,第四学期,2023
S0328,深度学习,第四学期,2023
S0329,高等数学,第一学期,2023
S0329,概率论与数理统计,第二学期,2023
S0329,强化学习,第三学期,2023
S0329,数据库原理,第三学期,2023
S0329,操作系统,第三学期,2023
S0329,云计算,第三学期,2023
S0329,量子计算导论,第四学期,2023
S0329,信息安全,第四学期,2023
S0329,数据结构,第四学期,2023
S0329,数据挖掘,第四学期,2023
S0330,程序设计基础,第一学期,2023
S0330,数据结构,第一学期,2023
S0330,算法设计与分析,第一学期,2023
S0330,机器学习,第二学期,2023
S0330,强化学习,第二学期,2023
S0330,离散数学,第三学期,2023
S0330,大学物理,第三学期,2023
S0330,物联网技术,第三学期,2023
S0330,信息安全,第三学期,2023
S0330,量子计算导论,第四学期,2023
S0330,线性代数,第四学期,2023
S0330,软件工程,第五学期,2023
S0331,程序设计基础,第一学期,2023
S0331,计算机网络,第一学期,2023
S0331,大学物理,第一学期,2023
S0331,软件工程,第一学期,2023
S0331,大数据技术,第二学期,2023
S0331,区块链技术,第二学期,2023
S0331,嵌入式系统,第三学期,2023
S0331,自然语言处理,第三学期,2023
S0331,数据挖掘,第四学期,2023
S0331,自动驾驶技术,第四学期,2023
S0331,机器学习,第四学期,2023
S0331,数据库原理,第五学期,2023
S0331,线性代数,第六学期,2023
S0331,量子计算导论,第六学期,2023
S0332,计算机网络,第一学期,2023
S0332,程序设计基础,第一学期,2023
S0332,数据结构,第一学期,2023
S0332,算法设计与分析,第一学期,2023
S0332,数据库原理,第二学期,2023
S0332,计算机视觉,第二学期,2023
S0332,嵌入式系统,第二学期,2023
S0332,密码学基础,第二学期,2023
S0332,自然语言处理,第三学期,2023
S0332,大数据技术,第四学期,2023
S0332,大学物理,第四学期,2023
S0332,机器学习,第四学期,2023
S0332,软件工程,第五学期,2023
S0332,离散数学,第六学期,2023
S0332,云计算,第一学期,2024
S0333,程序设计基础,第一学期,2023
S0333,计算机网络,第二学期,2023
S0333,数据结构,第二学期,2023
S0333,算法设计与分析,第三学期,2023
S0333,线性代数,第四学期,2023
S0333,人工智能导论,第四学期,2023
S0333,信息安全,第四学期,2023
S0333,概率论与数理统计,第四学期,2023
S0333,大数据技术,第五学期,2023
S0333,嵌入式系统,第五学期,2023
S0333,计算机视觉,第六学期,2023
S0333,云计算,第六学期,2023
S0333,软件工程,第六学期,2023
S0334,高等数学,第一学期,2023
S0334,程序设计基础,第一学期,2023
S0334,数据结构,第二学期,2023
S0334,算法设计与分析,第二学期,2023
S0334,操作系统,第三学期,2023
S0334,软件工程,第三学期,2023
S0334,自动驾驶技术,第四学期,2023
S0334,密码学基础,第四学期,2023
S0334,嵌入式系统,第四学期,2023
S0334,计算机组成原理,第四学期,2023
S0335,高等数学,第一学期,2023
S0335,概率论与数理统计,第一学期,2023
S0335,离散数学,第二学期,2023
S0335,线性代数,第二学期,2023
S0335,量子计算导论,第二学期,2023
S0335,深度学习,第二学期,2023
S0335,信息安全,第三学期,2023
S0335,数据结构,第三学期,2023
S0335,操作系统,第三学期,2023
S0335,嵌入式系统,第三学期,2023
S0335,大数据技术,第四学期,2023
S0335,数据挖掘,第五学期,2023
S0335,计算机视觉,第六学期,2023
S0335,自然语言处理,第一学期,2024
S0336,计算机组成原理,第一学期,2023
S0336,嵌入式系统,第一学期,2023
S0336,信息安全,第二学期,2023
S0336,大学物理,第三学期,2023
S0336,量子计算导论,第三学期,2023
S0336,机器学习,第三学期,2023
S0336,人工智能导论,第三学期,2023
S0336,离散数学,第四学期,2023
S0336,物联网技术,第四学期,2023
S0336,数据结构,第四学期,2023
S0336,云计算,第四学期,2023
S0336,密码学基础,第五学期,2023
S0337,高等数学,第一学期,2023
S0337,线性代数,第一学期,2023
S0337,大学物理,第二学期,2023
S0337,概率论与数理统计,第三学期,2023
S0337,量子计算导论,第三学期,2023
S0337,人工智能导论,第四学期,2023
S0337,机器学习,第四学期,2023
S0337,强化学习,第四学期,2023
S0337,信息安全,第四学期,2023
S0337,算法设计与分析,第五学期,2023
S0337,数据结构,第五学期,2023
S0337,操作系统,第五学期,2023
S0337,云计算,第六学期,2023
S0337,数据挖掘,第六学期,2023
S0338,程序设计基础,第一学期,2023
S0338,物联网技术,第一学期,2023
S0338,大学物理,第一学期,2023
S0338,计算机组成原理,第二学期,2023
S0338,嵌入式系统,第二学期,2023
S0338,操作系统,第二学期,2023
S0338,离散数学,第二学期,2023
S0338,数据库原理,第三学期,2023
S0338,大数据技术,第三学期,2023
S0338,云计算,第三学期,2023
S0338,人工智能导论,第四学期,2023
S0338,自动驾驶技术,第四学期,2023
S0338,深度学习,第四学期,2023
S0339,程序设计基础,第一学期,2023
S0339,人工智能导论,第二学期,2023
S0339,软件工程,第二学期,2023
S0339,数据库原理,第三学期,2023
S0339,计算机组成原理,第四学期,2023
S0339,自动驾驶技术,第四学期,2023
S0339,量子计算导论,第五学期,2023
S0339,大学物理,第五学期,2023
S0340,自然语言处理,第一学期,2023
S0340,嵌入式系统,第一学期,2023
S0340,概率论与数理统计,第一学期,2023
S0340,操作系统,第一学期,2023
S0340,数据结构,第二学期,2023
S0340,人工智能导论,第二学期,2023
S0340,机器学习,第三学期,2023
S0340,物联网技术,第三学期,2023
S0341,程序设计基础,第一学期,2023
S0341,高等数学,第一学期,2023
S0341,概率论与数理统计,第二学期,2023
S0341,数据结构,第三学期,2023
S0341,人工智能导论,第三学期,2023
S0341,数据库原理,第三学期,2023
S0341,操作系统,第四学期,2023
S0341,计算机组成原理,第四学期,2023
S0341,数据挖掘,第五学期,2023
S0342,计算机网络,第一学期,2023
S0342,密码学基础,第二学期,2023
S0342,区块链技术,第二学期,2023
S0342,深度学习,第二学期,2023
S0342,云计算,第二学期,2023
S0342,信息安全,第三学期,2023
S0342,大学物理,第三学期,2023
S0342,人工智能导论,第三学期,2023
S0342,计算机视觉,第三学期,2023
S0342,物联网技术,第四学期,2023
S0342,离散数学,第五学期,2023
S0343,高等数学,第一学期,2023
S0343,大学物理,第二学期,2023
S0343,概率论与数理统计,第二学期,2023
S0343,区块链技术,第三学期,2023
S0343,数据库原理,第三学期,2023
S0343,嵌入式系统,第四学期,2023
S0343,计算机视觉,第四学期,2023
S0343,软件工程,第五学期,2023
S0343,操作系统,第五学期,2023
S0343,大数据技术,第五学期,2023
S0343,数据结构,第五学期,2023
S0343,算法设计与分析,第六学期,2023
S0343,自然语言处理,第六学期,2023
S0344,高等数学,第一学期,2023
S0344,离散数学,第一学期,2023
S0344,大学物理,第二学期,2023
S0344,计算机组成原理,第二学期,2023
S0344,密码学基础,第三学期,2023
S0344,深度学习,第四学期,2023
S0344,人工智能导论,第四学期,2023
S0344,云计算,第五学期,2023
S0344,数据库原理,第五学期,2023
S0344,量子计算导论,第五学期,2023
S0344,自然语言处理,第五学期,2023
S0344,大数据技术,第六学期,2023
S0344,计算机视觉,第六学期,2023
S0344,物联网技术,第六学期,2023
S0345,高等数学,第一学期,2023
S0345,大学物理,第一学期,2023
S0345,概率论与数理统计,第一学期,2023
S0345,数据库原理,第一学期,2023
S0345,大数据技术,第二学期,2023
S0345,数据挖掘,第二学期,2023
S0345,算法设计与分析,第二学期,2023
S0345,机器学习,第三学期,2023
S0345,深度学习,第三学期,2023
S0345,人工智能导论,第三学期,2023
S0345,操作系统,第三学期,2023
S0346,程序设计基础,第一学期,2023
S0346,自然语言处理,第一学期,2023
S0346,信息安全,第二学期,2023
S0346,操作系统,第三学期,2023
S0346,计算机组成原理,第三学期,2023
S0346,大数据技术,第四学期,2023
S0346,概率论与数理统计,第四学期,2023
S0346,算法设计与分析,第四学期,2023
S0346,计算机视觉,第四学期,2023
S0346,云计算,第五学期,2023
S0346,线性代数,第五学期,2023
S0347,操作系统,第一学期,2023
S0347,强化学习,第二学期,2023
S0347,物联网技术,第二学期,2023
S0347,算法设计与分析,第二学期,2023
S0347,数据结构,第二学期,2023
S0347,数据库原理,第三学期,2023
S0347,大数据技术,第三学期,2023
S0347,计算机组成原理,第三学期,2023
S0347,机器学习,第三学期,2023
S0348,程序设计基础,第一学期,2023
S0348,数据结构,第一学期,2023
S0348,计算机网络,第二学期,2023
S0348,算法设计与分析,第二学期,2023
S0348,计算机组成原理,第二学期,2023
S0348,嵌入式系统,第二学期,2023
S0348,操作系统,第三学期,2023
S0348,软件工程,第三学期,2023
S0348,信息安全,第三学期,2023
S0348,线性代数,第三学期,2023
S0348,概率论与数理统计,第四学期,2023
S0348,密码学基础,第四学期,2023
S0348,计算机视觉,第四学期,2023
S0349,高等数学,第一学期,2023
S0349,概率论与数理统计,第一学期,2023
S0349,计算机网络,第一学期,2023
S0349,程序设计基础,第一学期,2023
S0349,大学物理,第二学期,2023
S0349,数据结构,第三学期,2023
S0349,人工智能导论,第三学期,2023
S0349,云计算,第四学期,2023
S0349,强化学习,第五学期,2023
S0349,计算机视觉,第六学期,2023
S0349,量子计算导论,第一学期,2024
S0349,操作系统,第一学期,2024
S0350,计算机网络,第一学期,2023
S0350,高等数学,第一学期,2023
S0350,人工智能导论,第二学期,2023
S0350,嵌入式系统,第二学期,2023
S0350,物联网技术,第二学期,2023
S0350,算法设计与分析,第二学期,2023
S0350,密码学基础,第三学期,2023
S0350,数据库原理,第三学期,2023
S0351,计算机网络,第一学期,2023
S0351,云计算,第一学期,2023
S0351,物联网技术,第一学期,2023
S0351,操作系统,第一学期,2023
S0351,算法设计与分析,第二学期,2023
S0351,量子计算导论,第二学期,2023
S0351,计算机组成原理,第二学期,2023
S0351,嵌入式系统,第二学期,2023
S0351,大学物理,第三学期,2023
S0351,数据挖掘,第三学期,2023
S0351,深度学习,第四学期,2023
S0351,强化学习,第五学期,2023
S0351,数据结构,第五学期,2023
S0351,人工智能导论,第六学期,2023
S0351,线性代数,第六学期,2023
S0352,高等数学,第一学期,2023
S0352,概率论与数理统计,第一学期,2023
S0352,量子计算导论,第一学期,2023
S0352,机器学习,第一学期,2023
S0352,深度学习,第二学期,2023
S0352,区块链技术,第二学期,2023
S0352,算法设计与分析,第三学期,2023
S0352,嵌入式系统,第三学期,2023
S0352,信息安全,第三学期,2023
S0352,物联网技术,第三学期,2023
S0353,计算机网络,第一学期,2023
S0353,程序设计基础,第二学期,2023
S0353,自然语言处理,第三学期,2023
S0353,物联网技术,第四学期,2023
S0353,强化学习,第五学期,2023
S0353,量子计算导论,第六学期,2023
S0353,人工智能导论,第六学期,2023
S0353,线性代数,第六学期,2023
S0353,大数据技术,第六学期,2023
S0353,自动驾驶技术,第一学期,2024
S0353,操作系统,第一学期,2024
S0353,计算机视觉,第一学期,2024
S0353,机器学习,第一学期,2024
S0353,数据库原理,第二学期,2024
S0353,概率论与数理统计,第二学期,2024
S0354,高等数学,第一学期,2023
S0354,离散数学,第二学期,2023
S0354,线性代数,第二学期,2023
S0354,程序设计基础,第二学期,2023
S0354,操作系统,第二学期,2023
S0354,人工智能导论,第三学期,2023
S0354,嵌入式系统,第四学期,2023
S0354,区块链技术,第五学期,2023
S0354,大数据技术,第五学期,2023
S0354,软件工程,第五学期,2023
S0354,机器学习,第五学期,2023
S0355,计算机网络,第一学期,2023
S0355,强化学习,第二学期,2023
S0355,线性代数,第二学期,2023
S0355,密码学基础,第二学期,2023
S0355,物联网技术,第二学期,2023
S0355,数据结构,第三学期,2023
S0355,数据库原理,第三学期,2023
S0355,大数据技术,第三学期,2023
S0355,自然语言处理,第三学期,2023
S0355,自动驾驶技术,第四学期,2023
S0355,计算机视觉,第四学期,2023
S0355,软件工程,第五学期,2023
S0355,量子计算导论,第六学期,2023
S0356,高等数学,第一学期,2023
S0356,离散数学,第二学期,2023
S0356,线性代数,第二学期,2023
S0356,概率论与数理统计,第三学期,2023
S0356,计算机网络,第四学期,2023
S0356,自动驾驶技术,第四学期,2023
S0356,云计算,第四学期,2023
S0356,物联网技术,第四学期,2023
S0356,计算机视觉,第五学期,2023
S0356,区块链技术,第五学期,2023
S0356,算法设计与分析,第五学期,2023
S0356,人工智能导论,第六学期,2023
S0357,高等数学,第一学期,2023
S0357,线性代数,第一学期,2023
S0357,嵌入式系统,第二学期,2023
S0357,深度学习,第二学期,2023
S0357,密码学基础,第二学期,2023
S0357,数据库原理,第二学期,2023
S0357,计算机组成原理,第三学期,2023
S0357,区块链技术,第四学期,2023
S0358,高等数学,第一学期,2023
S0358,大学物理,第一学期,2023
S0358,离散数学,第一学期,2023
S0358,密码学基础,第一学期,2023
S0358,概率论与数理统计,第二学期,2023
S0358,计算机组成原理,第三学期,2023
S0358,操作系统,第四学期,2023
S0358,线性代数,第四学期,2023
S0358,数据结构,第四学期,2023
S0358,算法设计与分析,第四学期,2023
S0358,人工智能导论,第五学期,2023
S0358,数据挖掘,第六学期,2023
S0358,自动驾驶技术,第一学期,2024
S0358,大数据技术,第一学期,2024
S0359,高等数学,第一学期,2023
S0359,线性代数,第一学期,2023
S0359,概率论与数理统计,第二学期,2023
S0359,计算机视觉,第二学期,2023
S0359,操作系统,第二学期,2023
S0359,大数据技术,第三学期,2023
S0359,数据库原理,第三学期,2023
S0359,自然语言处理,第三学期,2023
S0359,区块链技术,第四学期,2023
S0359,深度学习,第四学期,2023
S0359,算法设计与分析,第四学期,2023
S0360,计算机网络,第一学期,2023
S0360,计算机视觉,第一学期,2023
S0360,大数据技术,第二学期,2023
S0360,人工智能导论,第二学期,2023
S0360,计算机组成原理,第二学期,2023
S0360,嵌入式系统,第二学期,2023
S0360,物联网技术,第三学期,2023
S0360,操作系统,第三学期,2023
S0360,云计算,第三学期,2023
S0360,数据结构,第三学期,2023
S0360,算法设计与分析,第四学期,2023
S0360,数据库原理,第四学期,2023
S0360,量子计算导论,第五学期,2023
S0360,线性代数,第六学期,2023
S0361,程序设计基础,第一学期,2023
S0361,数据结构,第一学期,2023
S0361,算法设计与分析,第二学期,2023
S0361,操作系统,第三学期,2023
S0361,信息安全,第四学期,2023
S0361,计算机组成原理,第五学期,2023
S0361,嵌入式系统,第五学期,2023
S0361,自动驾驶技术,第五学期,2023
S0361,计算机视觉,第六学期,2023
S0361,数据挖掘,第六学期,2023
S0361,区块链技术,第一学期,2024
S0361,物联网技术,第二学期,2024
S0362,自然语言处理,第一学期,2023
S0362,线性代数,第一学期,2023
S0362,嵌入式系统,第一学期,2023
S0362,概率论与数理统计,第二学期,2023
S0362,量子计算导论,第三学期,2023
S0362,数据结构,第三学期,2023
S0362,人工智能导论,第三学期,2023
S0362,区块链技术,第三学期,2023
S0362,物联网技术,第四学期,2023
S0362,大数据技术,第四学期,2023
S0362,计算机组成原理,第四学期,2023
S0362,软件工程,第五学期,2023
S0363,程序设计基础,第一学期,2023
S0363,高等数学,第一学期,2023
S0363,大学物理,第一学期,2023
S0363,线性代数,第一学期,2023
S0363,离散数学,第二学期,2023
S0363,计算机网络,第二学期,2023
S0363,计算机视觉,第二学期,2023
S0363,算法设计与分析,第二学期,2023
S0363,机器学习,第三学期,2023
S0363,物联网技术,第三学期,2023
S0363,量子计算导论,第四学期,2023
S0363,云计算,第四学期,2023
S0363,软件工程,第四学期,2023
S0364,计算机网络,第一学期,2023
S0364,自然语言处理,第一学期,2023
S0364,操作系统,第一学期,2023
S0364,量子计算导论,第一学期,2023
S0364,机器学习,第二学期,2023
S0364,强化学习,第三学期,2023
S0364,深度学习,第三学期,2023
S0364,数据库原理,第三学期,2023
S0364,物联网技术,第三学期,2023
S0364,数据结构,第四学期,2023
S0364,算法设计与分析,第五学期,2023
S0364,自动驾驶技术,第五学期,2023
S0364,离散数学,第五学期,2023
S0364,计算机组成原理,第五学期,2023
S0365,大学物理,第一学期,2023
S0365,计算机组成原理,第一学期,2023
S0365,自然语言处理,第二学期,2023
S0365,概率论与数理统计,第二学期,2023
S0365,数据挖掘,第二学期,2023
S0365,计算机视觉,第三学期,2023
S0365,算法设计与分析,第四学期,2023
S0365,数据库原理,第四学期,2023
S0365,离散数学,第四学期,2023
S0365,机器学习,第四学期,2023
S0365,云计算,第五学期,2023
S0365,信息安全,第五学期,2023
S0365,人工智能导论,第五学期,2023
S0366,计算机网络,第一学期,2023
S0366,高等数学,第二学期,2023
S0366,深度学习,第三学期,2023
S0366,自然语言处理,第三学期,2023
S0366,密码学基础,第三学期,2023
S0366,区块链技术,第四学期,2023
S0366,数据结构,第四学期,2023
S0366,大数据技术,第四学期,2023
S0367,高等数学,第一学期,2023
S0367,概率论与数理统计,第一学期,2023
S0367,计算机网络,第一学期,2023
S0367,数据结构,第二学期,2023
S0367,数据库原理,第三学期,2023
S0367,计算机视觉,第三学期,2023
S0367,自然语言处理,第四学期,2023
S0367,操作系统,第四学期,2023
S0368,高等数学,第一学期,2023
S0368,线性代数,第一学期,2023
S0368,大数据技术,第二学期,2023
S0368,算法设计与分析,第二学期,2023
S0368,操作系统,第二学期,2023
S0368,数据挖掘,第二学期,2023
S0368,嵌入式系统,第三学期,2023
S0368,区块链技术,第三学期,2023
S0368,机器学习,第三学期,2023
S0368,深度学习,第三学期,2023
S0368,物联网技术,第四学期,2023
S0368,云计算,第四学期,2023
S0368,信息安全,第四学期,2023
S0369,高等数学,第一学期,2023
S0369,线性代数,第一学期,2023
S0369,计算机网络,第二学期,2023
S0369,大学物理,第三学期,2023
S0369,大数据技术,第三学期,2023
S0369,量子计算导论,第四学期,2023
S0369,嵌入式系统,第四学期,2023
S0369,计算机视觉,第五学期,2023
S0369,数据库原理,第六学期,2023
S0369,区块链技术,第六学期,2023
S0369,数据结构,第一学期,2024
S0369,密码学基础,第一学期,2024
S0370,高等数学,第一学期,2023
S0370,线性代数,第一学期,2023
S0370,计算机网络,第一学期,2023
S0370,计算机组成原理,第一学期,2023
S0370,强化学习,第二学期,2023
S0370,数据结构,第三学期,2023
S0370,自动驾驶技术,第四学期,2023
S0370,云计算,第五学期,2023
S0370,计算机视觉,第五学期,2023
S0370,自然语言处理,第五学期,2023
S0370,区块链技术,第五学期,2023
S0371,高等数学,第一学期,2023
S0371,大学物理,第二学期,2023
S0371,计算机组成原理,第二学期,2023
S0371,人工智能导论,第二学期,2023
S0371,计算机视觉,第二学期,2023
S0371,强化学习,第三学期,2023
S0371,量子计算导论,第三学期,2023
S0371,软件工程,第三学期,2023
S0371,自动驾驶技术,第四学期,2023
S0371,区块链技术,第四学期,2023
S0371,数据库原理,第四学期,2023
S0372,计算机网络,第一学期,2023
S0372,程序设计基础,第一学期,2023
S0372,数据结构,第一学期,2023
S0372,算法设计与分析,第一学期,2023
S0372,人工智能导论,第二学期,2023
S0372,计算机视觉,第二学期,2023
S0372,强化学习,第二学期,2023
S0372,深度学习,第三学期,2023
S0372,离散数学,第四学期,2023
S0372,数据挖掘,第四学期,2023
S0372,量子计算导论,第四学期,2023
S0372,自动驾驶技术,第四学期,2023
S0372,概率论与数理统计,第五学期,2023
S0373,计算机网络,第一学期,2023
S0373,机器学习,第二学期,2023
S0373,计算机视觉,第三学期,2023
S0373,大数据技术,第三学期,2023
S0373,概率论与数理统计,第三学期,2023
S0373,人工智能导论,第三学期,2023
S0373,计算机组成原理,第四学期,2023
S0373,量子计算导论,第五学期,2023
S0374,计算机网络,第一学期,2023
S0374,高等数学,第二学期,2023
S0374,线性代数,第三学期,2023
S0374,概率论与数理统计,第三学期,2023
S0374,强化学习,第三学期,2023
S0374,深度学习,第三学期,2023
S0374,数据挖掘,第四学期,2023
S0374,计算机组成原理,第五学期,2023
S0374,区块链技术,第五学期,2023
S0374,云计算,第五学期,2023
S0374,密码学基础,第六学期,2023
S0375,计算机网络,第一学期,2023
S0375,高等数学,第一学期,2023
S0375,离散数学,第一学期,2023
S0375,密码学基础,第一学期,2023
S0375,机器学习,第二学期,2023
S0375,自然语言处理,第三学期,2023
S0375,强化学习,第三学期,2023
S0375,计算机视觉,第三学期,2023
S0375,数据挖掘,第三学期,2023
S0375,算法设计与分析,第四学期,2023
S0375,操作系统,第四学期,2023
S0376,程序设计基础,第一学期,2023
S0376,嵌入式系统,第一学期,2023
S0376,物联网技术,第二学期,2023
S0376,线性代数,第二学期,2023
S0376,人工智能导论,第二学期,2023
S0376,大学物理,第二学期,2023
S0376,机器学习,第三学期,2023
S0376,自然语言处理,第三学期,2023
S0376,离散数学,第四学期,2023
S0376,操作系统,第四学期,2023
S0376,数据挖掘,第四学期,2023
S0376,区块链技术,第四学期,2023
S0377,程序设计基础,第一学期,2023
S0377,高等数学,第二学期,2023
S0377,概率论与数理统计,第二学期,2023
S0377,线性代数,第三学期,2023
S0377,数据库原理,第三学期,2023
S0377,自动驾驶技术,第三学期,2023
S0377,物联网技术,第四学期,2023
S0377,嵌入式系统,第四学期,2023
S0377,人工智能导论,第四学期,2023
S0377,算法设计与分析,第四学期,2023
S0377,计算机视觉,第五学期,2023
S0377,深度学习,第五学期,2023
S0377,强化学习,第六学期,2023
S0378,计算机视觉,第一学期,2023
S0378,离散数学,第一学期,2023
S0378,计算机组成原理,第二学期,2023
S0378,嵌入式系统,第二学期,2023
S0378,区块链技术,第二学期,2023
S0378,数据挖掘,第二学期,2023
S0378,信息安全,第三学期,2023
S0378,强化学习,第三学期,2023
S0378,自然语言处理,第四学期,2023
S0378,数据结构,第四学期,2023
S0378,大数据技术,第四学期,2023
S0378,概率论与数理统计,第五学期,2023
S0379,程序设计基础,第一学期,2023
S0379,数据结构,第二学期,2023
S0379,软件工程,第二学期,2023
S0379,区块链技术,第三学期,2023
S0379,深度学习,第三学期,2023
S0379,量子计算导论,第三学期,2023
S0379,计算机组成原理,第三学期,2023
S0379,概率论与数理统计,第四学期,2023
S0380,程序设计基础,第一学期,2023
S0380,数据结构,第一学期,2023
S0380,数据库原理,第一学期,2023
S0380,深度学习,第一学期,2023
S0380,自动驾驶技术,第二学期,2023
S0380,线性代数,第三学期,2023
S0380,区块链技术,第三学期,2023
S0380,大数据技术,第三学期,2023
S0381,计算机网络,第一学期,2023
S0381,人工智能导论,第一学期,2023
S0381,大学物理,第一学期,2023
S0381,区块链技术,第一学期,2023
S0381,数据结构,第二学期,2023
S0381,算法设计与分析,第二学期,2023
S0381,概率论与数理统计,第二学期,2023
S0381,线性代数,第二学期,2023
S0381,自动驾驶技术,第三学期,2023
S0381,信息安全,第三学期,2023
S0381,操作系统,第三学期,2023
S0381,强化学习,第三学期,2023
S0381,离散数学,第四学期,2023
S0382,程序设计基础,第一学期,2023
S0382,高等数学,第一学期,2023
S0382,概率论与数理统计,第一学期,2023
S0382,大学物理,第一学期,2023
S0382,计算机组成原理,第二学期,2023
S0382,量子计算导论,第二学期,2023
S0382,信息安全,第二学期,2023
S0382,密码学基础,第二学期,2023
S0382,机器学习,第三学期,2023
S0382,计算机视觉,第四学期,2023
S0382,数据库原理,第五学期,2023
S0382,软件工程,第五学期,2023
S0382,人工智能导论,第五学期,2023
S0382,算法设计与分析,第五学期,2023
S0383,计算机网络,第一学期,2023
S0383,算法设计与分析,第一学期,2023
S0383,量子计算导论,第一学期,2023
S0383,信息安全,第一学期,2023
S0383,人工智能导论,第二学期,2023
S0383,概率论与数理统计,第二学期,2023
S0383,操作系统,第二学期,2023
S0383,深度学习,第二学期,2023
S0383,大数据技术,第三学期,2023
S0383,软件工程,第三学期,2023
S0383,密码学基础,第四学期,2023
S0383,自然语言处理,第五学期,2023
S0384,程序设计基础,第一学期,2023
S0384,计算机网络,第一学期,2023
S0384,嵌入式系统,第一学期,2023
S0384,云计算,第一学期,2023
S0384,算法设计与分析,第二学期,2023
S0384,自然语言处理,第二学期,2023
S0384,数据库原理,第二学期,2023
S0384,信息安全,第二学期,2023
S0384,线性代数,第三学期,2023
S0384,机器学习,第三学期,2023
S0384,大学物理,第四学期,2023
S0384,离散数学,第四学期,2023
S0385,高等数学,第一学期,2023
S0385,线性代数,第二学期,2023
S0385,程序设计基础,第二学期,2023
S0385,数据结构,第三学期,2023
S0385,自然语言处理,第四学期,2023
S0385,人工智能导论,第四学期,2023
S0385,计算机视觉,第四学期,2023
S0385,操作系统,第五学期,2023
S0385,量子计算导论,第五学期,2023
S0386,密码学基础,第一学期,2023
S0386,数据库原理,第一学期,2023
S0386,嵌入式系统,第二学期,2023
S0386,计算机组成原理,第三学期,2023
S0386,数据挖掘,第三学期,2023
S0386,人工智能导论,第四学期,2023
S0386,强化学习,第四学期,2023
S0386,自然语言处理,第四学期,2023
S0386,数据结构,第五学期,2023
S0386,大学物理,第五学期,2023
S0387,程序设计基础,第一学期,2023
S0387,数据结构,第一学期,2023
S0387,信息安全,第一学期,2023
S0387,云计算,第一学期,2023
S0387,量子计算导论,第二学期,2023
S0387,人工智能导论,第二学期,2023
S0387,概率论与数理统计,第二学期,2023
S0387,机器学习,第二学期,2023
S0387,计算机视觉,第三学期,2023
S0387,自动驾驶技术,第三学期,2023
S0387,区块链技术,第三学期,2023
S0387,嵌入式系统,第四学期,2023
S0387,操作系统,第五学期,2023
S0387,大数据技术,第六学期,2023
S0388,计算机网络,第一学期,2023
S0388,程序设计基础,第一学期,2023
S0388,数据结构,第一学期,2023
S0388,信息安全,第二学期,2023
S0388,软件工程,第三学期,2023
S0388,操作系统,第三学期,2023
S0388,概率论与数理统计,第三学期,2023
S0388,机器学习,第四学期,2023
S0388,嵌入式系统,第四学期,2023
S0389,程序设计基础,第一学期,2023
S0389,高等数学,第二学期,2023
S0389,概率论与数理统计,第二学期,2023
S0389,离散数学,第二学期,2023
S0389,密码学基础,第二学期,2023
S0389,大学物理,第三学期,2023
S0389,算法设计与分析,第三学期,2023
S0389,数据挖掘,第三学期,2023
S0389,人工智能导论,第四学期,2023
S0389,嵌入式系统,第五学期,2023
S0389,大数据技术,第六学期,2023
S0389,信息安全,第六学期,2023
S0389,软件工程,第一学期,2024
S0389,操作系统,第二学期,2024
S0390,高等数学,第一学期,2023
S0390,线性代数,第一学期,2023
S0390,大学物理,第一学期,2023
S0390,计算机网络,第一学期,2023
S0390,软件工程,第二学期,2023
S0390,密码学基础,第二学期,2023
S0390,深度学习,第三学期,2023
S0390,嵌入式系统,第三学期,2023
S0390,自然语言处理,第三学期,2023
S0390,自动驾驶技术,第四学期,2023
S0390,数据挖掘,第四学期,2023
S0390,数据结构,第五学期,2023
S0390,算法设计与分析,第六学期,2023
S0390,数据库原理,第六学期,2023
S0390,强化学习,第六学期,2023
S0391,高等数学,第一学期,2023
S0391,概率论与数理统计,第二学期,2023
S0391,云计算,第二学期,2023
S0391,人工智能导论,第三学期,2023
S0391,机器学习,第三学期,2023
S0391,计算机视觉,第三学期,2023
S0391,嵌入式系统,第四学期,2023
S0391,物联网技术,第五学期,2023
S0391,信息安全,第六学期,2023
S0391,数据结构,第一学期,2024
S0391,数据库原理,第一学期,2024
S0391,软件工程,第二学期,2024
S0391,密码学基础,第二学期,2024
S0391,操作系统,第三学期,2024
S0391,量子计算导论,第四学期,2024
S0392,计算机网络,第一学期,2023
S0392,高等数学,第一学期,2023
S0392,离散数学,第一学期,2023
S0392,密码学基础,第一学期,2023
S0392,区块链技术,第二学期,2023
S0392,嵌入式系统,第二学期,2023
S0392,信息安全,第三学期,2023
S0392,软件工程,第四学期,2023
S0392,计算机组成原理,第四学期,2023
S0393,高等数学,第一学期,2023
S0393,概率论与数理统计,第一学期,2023
S0393,密码学基础,第一学期,2023
S0393,数据结构,第一学期,2023
S0393,大数据技术,第二学期,2023
S0393,量子计算导论,第二学期,2023
S0393,软件工程,第二学期,2023
S0393,信息安全,第三学期,2023
S0393,自然语言处理,第三学期,2023
S0393,嵌入式系统,第三学期,2023
S0393,操作系统,第四学期,2023
S0394,高等数学,第一学期,2023
S0394,大学物理,第一学期,2023
S0394,计算机组成原理,第一学期,2023
S0394,计算机视觉,第一学期,2023
S0394,数据挖掘,第二学期,2023
S0394,密码学基础,第二学期,2023
S0394,自然语言处理,第二学期,2023
S0394,深度学习,第三学期,2023
S0394,机器学习,第四学期,2023
S0394,区块链技术,第五学期,2023
S0394,软件工程,第六学期,2023
S0395,概率论与数理统计,第一学期,2023
S0395,操作系统,第一学期,2023
S0395,线性代数,第一学期,2023
S0395,量子计算导论,第一学期,2023
S0395,数据结构,第二学期,2023
S0395,数据库原理,第二学期,2023
S0395,大数据技术,第三学期,2023
S0395,数据挖掘,第三学期,2023
S0395,区块链技术,第三学期,2023
S0396,程序设计基础,第一学期,2023
S0396,区块链技术,第一学期,2023
S0396,概率论与数理统计,第一学期,2023
S0396,深度学习,第二学期,2023
S0396,大数据技术,第二学期,2023
S0396,数据挖掘,第二学期,2023
S0396,线性代数,第二学期,2023
S0396,云计算,第三学期,2023
S0396,大学物理,第三学期,2023
S0396,计算机组成原理,第四学期,2023
S0396,操作系统,第四学期,2023
S0396,人工智能导论,第五学期,2023
S0396,密码学基础,第六学期,2023
S0396,物联网技术,第六学期,2023
S0396,自然语言处理,第六学期,2023
S0397,计算机网络,第一学期,2023
S0397,概率论与数理统计,第二学期,2023
S0397,信息安全,第三学期,2023
S0397,大数据技术,第三学期,2023
S0397,算法设计与分析,第三学期,2023
S0397,机器学习,第三学期,2023
S0397,强化学习,第四学期,2023
S0397,自然语言处理,第四学期,2023
S0397,深度学习,第四学期,2023
S0397,数据结构,第四学期,2023
S0397,软件工程,第五学期,2023
S0398,高等数学,第一学期,2023
S0398,概率论与数理统计,第一学期,2023
S0398,大学物理,第一学期,2023
S0398,计算机网络,第一学期,2023
S0398,嵌入式系统,第二学期,2023
S0398,密码学基础,第三学期,2023
S0398,数据挖掘,第三学期,2023
S0398,大数据技术,第三学期,2023
S0398,机器学习,第三学期,2023
S0398,数据结构,第四学期,2023
S0399,高等数学,第一学期,2023
S0399,离散数学,第一学期,2023
S0399,自然语言处理,第一学期,2023
S0399,计算机视觉,第二学期,2023
S0399,自动驾驶技术,第二学期,2023
S0399,嵌入式系统,第二学期,2023
S0399,云计算,第三学期,2023
S0399,大数据技术,第三学期,2023
S0399,区块链技术,第三学期,2023
S0399,物联网技术,第四学期,2023
S0400,计算机网络,第一学期,2023
S0400,数据结构,第一学期,2023
S0400,算法设计与分析,第一学期,2023
S0400,大学物理,第一学期,2023
S0400,数据挖掘,第二学期,2023
S0400,物联网技术,第二学期,2023
S0400,量子计算导论,第二学期,2023
S0400,离散数学,第二学期,2023
S0400,区块链技术,第三学期,2023
S0400,概率论与数理统计,第三学期,2023
S0400,自然语言处理,第三学期,2023
S0400,自动驾驶技术,第四学期,2023
S0401,计算机网络,第一学期,2023
S0401,区块链技术,第二学期,2023
S0401,计算机视觉,第二学期,2023
S0401,自然语言处理,第三学期,2023
S0401,数据库原理,第三学期,2023
S0401,软件工程,第三学期,2023
S0401,密码学基础,第三学期,2023
S0401,量子计算导论,第四学期,2023
S0401,物联网技术,第四学期,2023
S0401,嵌入式系统,第四学期,2023
S0401,数据结构,第五学期,2023
S0401,人工智能导论,第六学期,2023
S0401,深度学习,第六学期,2023
S0401,云计算,第六学期,2023
S0401,机器学习,第六学期,2023
S0402,高等数学,第一学期,2023
S0402,程序设计基础,第一学期,2023
S0402,线性代数,第一学期,2023
S0402,离散数学,第一学期,2023
S0402,密码学基础,第二学期,2023
S0402,机器学习,第二学期,2023
S0402,深度学习,第二学期,2023
S0402,强化学习,第二学期,2023
S0402,大数据技术,第三学期,2023
S0402,算法设计与分析,第三学期,2023
S0402,人工智能导论,第三学期,2023
S0402,计算机组成原理,第四学期,2023
S0402,量子计算导论,第五学期,2023
S0402,数据挖掘,第五学期,2023
S0403,计算机网络,第一学期,2023
S0403,计算机视觉,第一学期,2023
S0403,操作系统,第一学期,2023
S0403,云计算,第二学期,2023
S0403,嵌入式系统,第二学期,2023
S0403,量子计算导论,第二学期,2023
S0403,人工智能导论,第二学期,2023
S0403,大学物理,第三学期,2023
S0403,计算机组成原理,第三学期,2023
S0403,数据结构,第四学期,2023
S0403,数据库原理,第四学期,2023
S0403,概率论与数理统计,第四学期,2023
S0404,计算机网络,第一学期,2023
S0404,人工智能导论,第二学期,2023
S0404,嵌入式系统,第二学期,2023
S0404,物联网技术,第二学期,2023
S0404,自然语言处理,第二学期,2023
S0404,数据库原理,第三学期,2023
S0404,深度学习,第三学期,2023
S0404,线性代数,第三学期,2023
S0404,离散数学,第三学期,2023
S0404,区块链技术,第四学期,2023
S0404,密码学基础,第四学期,2023
S0404,软件工程,第四学期,2023
S0404,量子计算导论,第四学期,2023
S0404,数据挖掘,第五学期,2023
S0405,程序设计基础,第一学期,2023
S0405,计算机网络,第二学期,2023
S0405,数据结构,第二学期,2023
S0405,大学物理,第二学期,2023
S0405,物联网技术,第二学期,2023
S0405,机器学习,第三学期,2023
S0405,深度学习,第三学期,2023
S0405,概率论与数理统计,第三学期,2023
S0405,嵌入式系统,第四学期,2023
S0405,数据挖掘,第五学期,2023
S0405,云计算,第五学期,2023
S0406,计算机网络,第一学期,2023
S0406,机器学习,第一学期,2023
S0406,自然语言处理,第二学期,2023
S0406,强化学习,第二学期,2023
S0406,大数据技术,第二学期,2023
S0406,嵌入式系统,第三学期,2023
S0406,信息安全,第三学期,2023
S0406,密码学基础,第三学期,2023
S0406,计算机组成原理,第三学期,2023
S0406,大学物理,第四学期,2023
S0406,软件工程,第四学期,2023
S0407,高等数学,第一学期,2023
S0407,大学物理,第一学期,2023
S0407,离散数学,第二学期,2023
S0407,强化学习,第三学期,2023
S0407,机器学习,第三学期,2023
S0407,计算机视觉,第三学期,2023
S0407,自然语言处理,第三学期,2023
S0407,物联网技术,第四学期,2023
S0407,区块链技术,第五学期,2023
S0407,云计算,第五学期,2023
S0407,大数据技术,第五学期,2023
S0407,算法设计与分析,第五学期,2023
S0407,人工智能导论,第六学期,2023
S0408,程序设计基础,第一学期,2023
S0408,高等数学,第一学期,2023
S0408,数据库原理,第一学期,2023
S0408,云计算,第一学期,2023
S0408,自动驾驶技术,第二学期,2023
S0408,嵌入式系统,第二学期,2023
S0408,密码学基础,第三学期,2023
S0408,计算机组成原理,第四学期,2023
S0408,物联网技术,第四学期,2023
S0409,计算机网络,第一学期,2023
S0409,高等数学,第一学期,2023
S0409,程序设计基础,第一学期,2023
S0409,离散数学,第一学期,2023
S0409,区块链技术,第二学期,2023
S0409,软件工程,第二学期,2023
S0409,深度学习,第三学期,2023
S0409,人工智能导论,第三学期,2023
S0410,程序设计基础,第一学期,2023
S0410,高等数学,第一学期,2023
S0410,数据结构,第二学期,2023
S0410,离散数学,第三学期,2023
S0410,密码学基础,第三学期,2023
S0410,算法设计与分析,第三学期,2023
S0410,计算机网络,第三学期,2023
S0410,嵌入式系统,第四学期,2023
S0410,计算机组成原理,第四学期,2023
S0410,操作系统,第五学期,2023
S0410,软件工程,第六学期,2023
S0410,人工智能导论,第六学期,2023
S0410,自动驾驶技术,第六学期,2023
S0410,深度学习,第六学期,2023
S0411,计算机网络,第一学期,2023
S0411,程序设计基础,第一学期,2023
S0411,离散数学,第一学期,2023
S0411,算法设计与分析,第一学期,2023
S0411,软件工程,第二学期,2023
S0411,信息安全,第三学期,2023
S0411,自动驾驶技术,第四学期,2023
S0411,数据库原理,第四学期,2023
S0412,高等数学,第一学期,2023
S0412,离散数学,第一学期,2023
S0412,大学物理,第二学期,2023
S0412,概率论与数理统计,第二学期,2023
S0412,自然语言处理,第二学期,2023
S0412,数据结构,第三学期,2023
S0412,强化学习,第三学期,2023
S0412,信息安全,第三学期,2023
S0412,深度学习,第三学期,2023
S0412,操作系统,第四学期,2023
S0412,大数据技术,第五学期,2023
S0412,区块链技术,第五学期,2023
S0412,计算机视觉,第五学期,2023
S0413,嵌入式系统,第一学期,2023
S0413,人工智能导论,第二学期,2023
S0413,算法设计与分析,第三学期,2023
S0413,软件工程,第三学期,2023
S0413,云计算,第四学期,2023
S0413,信息安全,第四学期,2023
S0413,密码学基础,第四学期,2023
S0413,操作系统,第四学期,2023
S0413,数据结构,第五学期,2023
S0413,区块链技术,第五学期,2023
S0413,强化学习,第六学期,2023
S0413,量子计算导论,第六学期,2023
S0413,机器学习,第一学期,2024
S0413,概率论与数理统计,第一学期,2024
S0414,高等数学,第一学期,2023
S0414,计算机网络,第一学期,2023
S0414,程序设计基础,第一学期,2023
S0414,数据结构,第一学期,2023
S0414,离散数学,第二学期,2023
S0414,密码学基础,第三学期,2023
S0414,区块链技术,第三学期,2023
S0414,软件工程,第四学期,2023
S0414,数据挖掘,第四学期,2023
S0414,人工智能导论,第四学期,2023
S0415,计算机网络,第一学期,2023
S0415,高等数学,第一学期,2023
S0415,线性代数,第二学期,2023
S0415,强化学习,第二学期,2023
S0415,算法设计与分析,第二学期,2023
S0415,计算机组成原理,第三学期,2023
S0415,操作系统,第四学期,2023
S0415,信息安全,第五学期,2023
S0415,嵌入式系统,第五学期,2023
S0415,物联网技术,第五学期,2023
S0415,深度学习,第五学期,2023
S0415,机器学习,第六学期,2023
S0415,区块链技术,第一学期,2024
S0415,数据挖掘,第一学期,2024
S0416,计算机网络,第一学期,2023
S0416,程序设计基础,第一学期,2023
S0416,自动驾驶技术,第一学期,2023
S0416,概率论与数理统计,第二学期,2023
S0416,操作系统,第三学期,2023
S0416,深度学习,第三学期,2023
S0416,计算机组成原理,第四学期,2023
S0416,嵌入式系统,第四学期,2023
S0416,大学物理,第四学期,2023
S0417,程序设计基础,第一学期,2023
S0417,操作系统,第一学期,2023
S0417,信息安全,第一学期,2023
S0417,人工智能导论,第二学期,2023
S0417,软件工程,第二学期,2023
S0417,线性代数,第二学期,2023
S0417,算法设计与分析,第二学期,2023
S0417,计算机视觉,第三学期,2023
S0418,计算机网络,第一学期,2023
S0418,线性代数,第二学期,2023
S0418,量子计算导论,第二学期,2023
S0418,大学物理,第三学期,2023
S0418,数据结构,第三学期,2023
S0418,算法设计与分析,第三学期,2023
S0418,数据库原理,第四学期,2023
S0418,自然语言处理,第四学期,2023
S0418,机器学习,第四学期,2023
S0418,嵌入式系统,第五学期,2023
S0419,程序设计基础,第一学期,2023
S0419,数据结构,第一学期,2023
S0419,计算机网络,第二学期,2023
S0419,计算机组成原理,第三学期,2023
S0419,嵌入式系统,第四学期,2023
S0419,大学物理,第四学期,2023
S0419,强化学习,第四学期,2023
S0419,计算机视觉,第四学期,2023
S0419,人工智能导论,第五学期,2023
S0419,软件工程,第五学期,2023
S0419,密码学基础,第五学期,2023
S0419,自然语言处理,第五学期,2023
S0419,机器学习,第六学期,2023
S0420,计算机网络,第一学期,2023
S0420,高等数学,第二学期,2023
S0420,线性代数,第二学期,2023
S0420,大学物理,第二学期,2023
S0420,计算机组成原理,第二学期,2023
S0420,操作系统,第三学期,2023
S0420,强化学习,第三学期,2023
S0420,深度学习,第四学期,2023
S0420,人工智能导论,第四学期,2023
S0420,数据库原理,第四学期,2023
S0420,大数据技术,第五学期,2023
S0420,自然语言处理,第五学期,2023
S0420,算法设计与分析,第五学期,2023
S0421,计算机网络,第一学期,2023
S0421,深度学习,第一学期,2023
S0421,数据库原理,第二学期,2023
S0421,自动驾驶技术,第三学期,2023
S0421,物联网技术,第四学期,2023
S0421,信息安全,第五学期,2023
S0421,嵌入式系统,第六学期,2023
S0421,云计算,第六学期,2023
S0421,概率论与数理统计,第六学期,2023
S0421,线性代数,第六学期,2023
S0421,软件工程,第一学期,2024
S0421,区块链技术,第一学期,2024
S0421,自然语言处理,第一学期,2024
S0421,大学物理,第二学期,2024
S0421,强化学习,第二学期,2024
S0422,计算机网络,第一学期,2023
S0422,高等数学,第一学期,2023
S0422,大学物理,第二学期,2023
S0422,程序设计基础,第二学期,2023
S0422,计算机组成原理,第二学期,2023
S0422,离散数学,第二学期,2023
S0422,密码学基础,第三学期,2023
S0422,区块链技术,第三学期,2023
S0422,云计算,第三学期,2023
S0422,自动驾驶技术,第三学期,2023
S0422,自然语言处理,第四学期,2023
S0422,软件工程,第四学期,2023
S0422,人工智能导论,第四学期,2023
S0422,数据库原理,第五学期,2023
S0422,量子计算导论,第六学期,2023
S0423,程序设计基础,第一学期,2023
S0423,计算机网络,第二学期,2023
S0423,大学物理,第二学期,2023
S0423,量子计算导论,第二学期,2023
S0423,物联网技术,第三学期,2023
S0423,云计算,第三学期,2023
S0423,数据挖掘,第三学期,2023
S0423,人工智能导论,第四学期,2023
S0423,大数据技术,第四学期,2023
S0423,区块链技术,第四学期,2023
S0423,强化学习,第四学期,2023
S0424,高等数学,第一学期,2023
S0424,离散数学,第一学期,2023
S0424,概率论与数理统计,第二学期,2023
S0424,线性代数,第三学期,2023
S0424,嵌入式系统,第三学期,2023
S0424,计算机组成原理,第三学期,2023
S0424,操作系统,第三学期,2023
S0424,物联网技术,第四学期,2023
S0424,算法设计与分析,第四学期,2023
S0424,人工智能导论,第四学期,2023
S0424,数据结构,第四学期,2023
S0424,自动驾驶技术,第五学期,2023
S0425,程序设计基础,第一学期,2023
S0425,计算机网络,第一学期,2023
S0425,数据结构,第一学期,2023
S0425,物联网技术,第一学期,2023
S0425,区块链技术,第二学期,2023
S0425,计算机组成原理,第二学期,2023
S0425,嵌入式系统,第二学期,2023
S0425,操作系统,第三学期,2023
S0425,云计算,第四学期,2023
S0425,自然语言处理,第五学期,2023
S0425,自动驾驶技术,第六学期,2023
S0425,强化学习,第一学期,2024
S0426,计算机网络,第一学期,2023
S0426,计算机视觉,第一学期,2023
S0426,数据结构,第二学期,2023
S0426,强化学习,第二学期,2023
S0426,大数据技术,第二学期,2023
S0426,自然语言处理,第三学期,2023
S0426,机器学习,第三学期,2023
S0426,操作系统,第三学期,2023
S0426,信息安全,第三学期,2023
S0426,线性代数,第四学期,2023
S0426,计算机组成原理,第四学期,2023
S0426,密码学基础,第四学期,2023
S0427,高等数学,第一学期,2023
S0427,线性代数,第一学期,2023
S0427,离散数学,第二学期,2023
S0427,密码学基础,第二学期,2023
S0427,嵌入式系统,第二学期,2023
S0427,算法设计与分析,第三学期,2023
S0427,数据结构,第三学期,2023
S0427,软件工程,第三学期,2023
S0427,自然语言处理,第三学期,2023
S0427,物联网技术,第四学期,2023
S0428,高等数学,第一学期,2023
S0428,计算机组成原理,第一学期,2023
S0428,嵌入式系统,第二学期,2023
S0428,密码学基础,第三学期,2023
S0428,软件工程,第四学期,2023
S0428,大数据技术,第四学期,2023
S0428,机器学习,第五学期,2023
S0428,信息安全,第五学期,2023
S0428,数据库原理,第五学期,2023
S0429,计算机网络,第一学期,2023
S0429,高等数学,第一学期,2023
S0429,线性代数,第一学期,2023
S0429,离散数学,第二学期,2023
S0429,程序设计基础,第三学期,2023
S0429,自动驾驶技术,第三学期,2023
S0429,算法设计与分析,第三学期,2023
S0429,物联网技术,第三学期,2023
S0429,数据挖掘,第四学期,2023
S0429,自然语言处理,第四学期,2023
S0429,深度学习,第四学期,2023
S0429,数据库原理,第四学期,2023
S0429,计算机组成原理,第五学期,2023
S0429,嵌入式系统,第五学期,2023
S0430,高等数学,第一学期,2023
S0430,程序设计基础,第二学期,2023
S0430,线性代数,第三学期,2023
S0430,概率论与数理统计,第三学期,2023
S0430,量子计算导论,第三学期,2023
S0430,计算机视觉,第三学期,2023
S0430,区块链技术,第四学期,2023
S0430,操作系统,第四学期,2023
S0430,大数据技术,第四学期,2023
S0430,信息安全,第四学期,2023
S0430,深度学习,第五学期,2023
S0430,机器学习,第五学期,2023
S0430,嵌入式系统,第五学期,2023
S0430,计算机组成原理,第六学期,2023
S0430,云计算,第六学期,2023
S0431,计算机网络,第一学期,2023
S0431,高等数学,第一学期,2023
S0431,大学物理,第一学期,2023
S0431,数据挖掘,第一学期,2023
S0431,密码学基础,第二学期,2023
S0431,区块链技术,第二学期,2023
S0431,数据库原理,第三学期,2023
S0431,自动驾驶技术,第三学期,2023
S0431,计算机视觉,第三学期,2023
S0431,数据结构,第三学期,2023
S0431,云计算,第四学期,2023
S0432,程序设计基础,第一学期,2023
S0432,高等数学,第一学期,2023
S0432,离散数学,第一学期,2023
S0432,密码学基础,第二学期,2023
S0432,操作系统,第二学期,2023
S0432,区块链技术,第二学期,2023
S0432,量子计算导论,第三学期,2023
S0432,自动驾驶技术,第三学期,2023
S0432,计算机视觉,第三学期,2023
S0432,自然语言处理,第四学期,2023
S0432,物联网技术,第四学期,2023
S0432,软件工程,第五学期,2023
S0432,嵌入式系统,第五学期,2023
S0433,程序设计基础,第一学期,2023
S0433,概率论与数理统计,第一学期,2023
S0433,算法设计与分析,第二学期,2023
S0433,线性代数,第三学期,2023
S0433,操作系统,第四学期,2023
S0433,嵌入式系统,第四学期,2023
S0433,自动驾驶技术,第四学期,2023
S0433,离散数学,第五学期,2023
S0433,计算机视觉,第五学期,2023
S0433,强化学习,第六学期,2023
S0433,数据库原理,第六学期,2023
S0433,大数据技术,第一学期,2024
S0433,数据挖掘,第二学期,2024
S0433,自然语言处理,第二学期,2024
S0433,人工智能导论,第三学期,2024
S0434,程序设计基础,第一学期,2023
S0434,计算机网络,第二学期,2023
S0434,机器学习,第二学期,2023
S0434,深度学习,第二学期,2023
S0434,物联网技术,第二学期,2023
S0434,计算机组成原理,第三学期,2023
S0434,嵌入式系统,第三学期,2023
S0434,大学物理,第四学期,2023
S0434,人工智能导论,第五学期,2023
S0434,自动驾驶技术,第六学期,2023
S0434,量子计算导论,第六学期,2023
S0434,离散数学,第六学期,2023
S0434,算法设计与分析,第六学期,2023
S0435,高等数学,第一学期,2023
S0435,概率论与数理统计,第二学期,2023
S0435,线性代数,第三学期,2023
S0435,数据结构,第三学期,2023
S0435,人工智能导论,第三学期,2023
S0435,大数据技术,第四学期,2023
S0435,云计算,第四学期,2023
S0435,计算机视觉,第四学期,2023
S0435,自动驾驶技术,第四学期,2023
S0435,信息安全,第五学期,2023
S0435,操作系统,第五学期,2023
S0435,嵌入式系统,第五学期,2023
S0436,计算机网络,第一学期,2023
S0436,高等数学,第二学期,2023
S0436,大学物理,第三学期,2023
S0436,数据挖掘,第三学期,2023
S0436,区块链技术,第三学期,2023
S0436,物联网技术,第三学期,2023
S0436,数据库原理,第四学期,2023
S0436,自动驾驶技术,第四学期,2023
S0436,深度学习,第四学期,2023
S0436,强化学习,第五学期,2023
S0437,计算机网络,第一学期,2023
S0437,嵌入式系统,第一学期,2023
S0437,自动驾驶技术,第一学期,2023
S0437,操作系统,第二学期,2023
S0437,信息安全,第三学期,2023
S0437,线性代数,第三学期,2023
S0437,机器学习,第三学期,2023
S0437,自然语言处理,第三学期,2023
S0437,概率论与数理统计,第四学期,2023
S0437,软件工程,第四学期,2023
S0438,高等数学,第一学期,2023
S0438,程序设计基础,第一学期,2023
S0438,大学物理,第二学期,2023
S0438,计算机组成原理,第二学期,2023
S0438,嵌入式系统,第二学期,2023
S0438,操作系统,第二学期,2023
S0438,信息安全,第三学期,2023
S0438,区块链技术,第三学期,2023
S0438,量子计算导论,第三学期,2023
S0438,深度学习,第三学期,2023
S0438,自然语言处理,第四学期,2023
S0438,软件工程,第五学期,2023
S0438,自动驾驶技术,第五学期,2023
S0439,高等数学,第一学期,2023
S0439,概率论与数理统计,第二学期,2023
S0439,程序设计基础,第二学期,2023
S0439,数据结构,第二学期,2023
S0439,数据库原理,第二学期,2023
S0439,人工智能导论,第三学期,2023
S0439,大学物理,第三学期,2023
S0439,机器学习,第三学期,2023
S0439,深度学习,第三学期,2023
S0439,计算机视觉,第四学期,2023
S0439,强化学习,第四学期,2023
S0439,量子计算导论,第四学期,2023
S0439,软件工程,第四学期,2023
S0439,云计算,第五学期,2023
S0439,大数据技术,第五学期,2023
S0440,计算机网络,第一学期,2023
S0440,高等数学,第一学期,2023
S0440,离散数学,第一学期,2023
S0440,线性代数,第一学期,2023
S0440,嵌入式系统,第二学期,2023
S0440,人工智能导论,第二学期,2023
S0440,自动驾驶技术,第二学期,2023
S0440,软件工程,第二学期,2023
S0440,数据挖掘,第三学期,2023
S0440,数据结构,第三学期,2023
S0441,程序设计基础,第一学期,2023
S0441,计算机网络,第一学期,2023
S0441,信息安全,第二学期,2023
S0441,概率论与数理统计,第三学期,2023
S0441,人工智能导论,第三学期,2023
S0441,物联网技术,第四学期,2023
S0441,算法设计与分析,第四学期,2023
S0441,计算机组成原理,第四学期,2023
S0441,操作系统,第四学期,2023
S0441,密码学基础,第五学期,2023
S0442,高等数学,第一学期,2023
S0442,大学物理,第一学期,2023
S0442,自动驾驶技术,第一学期,2023
S0442,强化学习,第一学期,2023
S0442,操作系统,第二学期,2023
S0442,信息安全,第二学期,2023
S0442,计算机视觉,第三学期,2023
S0442,物联网技术,第三学期,2023
S0442,大数据技术,第三学期,2023
S0442,算法设计与分析,第三学期,2023
S0443,高等数学,第一学期,2023
S0443,计算机网络,第一学期,2023
S0443,区块链技术,第二学期,2023
S0443,大数据技术,第三学期,2023
S0443,强化学习,第三学期,2023
S0443,量子计算导论,第三学期,2023
S0443,算法设计与分析,第三学期,2023
S0443,计算机视觉,第四学期,2023
S0443,数据结构,第四学期,2023
S0443,云计算,第四学期,2023
S0443,深度学习,第四学期,2023
S0443,操作系统,第五学期,2023
S0444,高等数学,第一学期,2023
S0444,线性代数,第二学期,2023
S0444,大学物理,第二学期,2023
S0444,计算机组成原理,第三学期,2023
S0444,自动驾驶技术,第三学期,2023
S0444,密码学基础,第三学期,2023
S0444,数据结构,第三学期,2023
S0444,算法设计与分析,第四学期,2023
S0444,区块链技术,第四学期,2023
S0444,自然语言处理,第四学期,2023
S0444,物联网技术,第四学期,2023
S0444,人工智能导论,第五学期,2023
S0445,计算机网络,第一学期,2023
S0445,程序设计基础,第一学期,2023
S0445,数据库原理,第二学期,2023
S0445,数据挖掘,第三学期,2023
S0445,云计算,第三学期,2023
S0445,机器学习,第三学期,2023
S0445,计算机视觉,第四学期,2023
S0445,自动驾驶技术,第四学期,2023
S0445,深度学习,第四学期,2023
S0445,区块链技术,第四学期,2023
S0445,人工智能导论,第五学期,2023
S0445,信息安全,第五学期,2023
S0445,离散数学,第五学期,2023
S0445,量子计算导论,第五学期,2023
S0446,高等数学,第一学期,2023
S0446,离散数学,第一学期,2023
S0446,大学物理,第二学期,2023
S0446,数据挖掘,第三学期,2023
S0446,算法设计与分析,第三学期,2023
S0446,大数据技术,第三学期,2023
S0446,软件工程,第四学期,2023
S0446,操作系统,第四学期,2023
S0446,云计算,第五学期,2023
S0446,嵌入式系统,第六学期,2023
S0446,人工智能导论,第六学期,2023
S0446,数据库原理,第六学期,2023
S0446,信息安全,第六学期,2023
S0446,物联网技术,第一学期,2024
S0447,高等数学,第一学期,2023
S0447,计算机网络,第一学期,2023
S0447,数据结构,第二学期,2023
S0447,算法设计与分析,第二学期,2023
S0447,数据库原理,第二学期,2023
S0447,计算机视觉,第二学期,2023
S0447,数据挖掘,第三学期,2023
S0447,自然语言处理,第三学期,2023
S0447,大数据技术,第三学期,2023
S0447,深度学习,第三学期,2023
S0447,强化学习,第四学期,2023
S0447,物联网技术,第四学期,2023
S0448,计算机网络,第一学期,2023
S0448,强化学习,第一学期,2023
S0448,算法设计与分析,第一学期,2023
S0448,离散数学,第二学期,2023
S0448,人工智能导论,第二学期,2023
S0448,大数据技术,第二学期,2023
S0448,自动驾驶技术,第二学期,2023
S0448,物联网技术,第三学期,2023
S0448,大学物理,第三学期,2023
S0449,程序设计基础,第一学期,2023
S0449,数据结构,第一学期,2023
S0449,高等数学,第一学期,2023
S0449,线性代数,第一学期,2023
S0449,数据库原理,第二学期,2023
S0449,嵌入式系统,第二学期,2023
S0449,信息安全,第二学期,2023
S0449,区块链技术,第三学期,2023
S0449,深度学习,第三学期,2023
S0449,计算机视觉,第三学期,2023
S0449,密码学基础,第四学期,2023
S0449,数据挖掘,第五学期,2023
S0449,计算机组成原理,第五学期,2023
S0449,人工智能导论,第五学期,2023
S0450,高等数学,第一学期,2023
S0450,程序设计基础,第一学期,2023
S0450,线性代数,第一学期,2023
S0450,概率论与数理统计,第一学期,2023
S0450,计算机组成原理,第二学期,2023
S0450,操作系统,第三学期,2023
S0450,物联网技术,第三学期,2023
S0450,自动驾驶技术,第三学期,2023
S0450,自然语言处理,第四学期,2023
S0450,强化学习,第四学期,2023
S0450,机器学习,第五学期,2023
S0450,深度学习,第五学期,2023
S0450,计算机视觉,第六学期,2023
S0450,密码学基础,第一学期,2024
S0451,高等数学,第一学期,2023
S0451,计算机网络,第一学期,2023
S0451,线性代数,第一学期,2023
S0451,离散数学,第二学期,2023
S0451,程序设计基础,第二学期,2023
S0451,数据结构,第三学期,2023
S0451,密码学基础,第四学期,2023
S0451,强化学习,第四学期,2023
S0451,嵌入式系统,第四学期,2023
S0451,计算机组成原理,第四学期,2023
S0451,大数据技术,第五学期,2023
S0451,机器学习,第五学期,2023
S0451,云计算,第五学期,2023
S0451,信息安全,第五学期,2023
S0451,自动驾驶技术,第六学期,2023
S0452,程序设计基础,第一学期,2023
S0452,高等数学,第一学期,2023
S0452,离散数学,第二学期,2023
S0452,深度学习,第二学期,2023
S0452,嵌入式系统,第二学期,2023
S0452,数据挖掘,第三学期,2023
S0452,计算机视觉,第三学期,2023
S0452,软件工程,第四学期,2023
S0452,云计算,第五学期,2023
S0452,人工智能导论,第五学期,2023
S0452,量子计算导论,第五学期,2023
S0452,数据库原理,第五学期,2023
S0452,信息安全,第六学期,2023
S0453,计算机网络,第一学期,2023
S0453,程序设计基础,第二学期,2023
S0453,量子计算导论,第二学期,2023
S0453,物联网技术,第三学期,2023
S0453,线性代数,第三学期,2023
S0453,数据挖掘,第三学期,2023
S0453,概率论与数理统计,第三学期,2023
S0453,嵌入式系统,第四学期,2023
S0453,数据库原理,第四学期,2023
S0453,计算机组成原理,第四学期,2023
S0453,机器学习,第五学期,2023
S0453,离散数学,第五学期,2023
S0453,密码学基础,第六学期,2023
S0453,区块链技术,第六学期,2023
S0454,区块链技术,第一学期,2023
S0454,离散数学,第一学期,2023
S0454,人工智能导论,第二学期,2023
S0454,量子计算导论,第二学期,2023
S0454,计算机组成原理,第二学期,2023
S0454,嵌入式系统,第二学期,2023
S0454,操作系统,第三学期,2023
S0454,密码学基础,第三学期,2023
S0454,信息安全,第四学期,2023
S0454,软件工程,第四学期,2023
S0455,计算机网络,第一学期,2023
S0455,云计算,第二学期,2023
S0455,嵌入式系统,第二学期,2023
S0455,数据结构,第三学期,2023
S0455,深度学习,第三学期,2023
S0455,大数据技术,第三学期,2023
S0455,密码学基础,第三学期,2023
S0455,计算机组成原理,第四学期,2023
S0455,机器学习,第四学期,2023
S0456,高等数学,第一学期,2023
S0456,程序设计基础,第一学期,2023
S0456,数据结构,第二学期,2023
S0456,人工智能导论,第二学期,2023
S0456,云计算,第二学期,2023
S0456,嵌入式系统,第二学期,2023
S0456,机器学习,第三学期,2023
S0456,自然语言处理,第三学期,2023
S0456,物联网技术,第三学期,2023
S0456,自动驾驶技术,第四学期,2023
S0456,区块链技术,第四学期,2023
S0456,操作系统,第四学期,2023
S0457,高等数学,第一学期,2023
S0457,程序设计基础,第一学期,2023
S0457,离散数学,第二学期,2023
S0457,数据结构,第二学期,2023
S0457,数据库原理,第二学期,2023
S0457,数据挖掘,第二学期,2023
S0457,云计算,第三学期,2023
S0457,嵌入式系统,第四学期,2023
S0458,程序设计基础,第一学期,2023
S0458,高等数学,第一学期,2023
S0458,计算机网络,第一学期,2023
S0458,概率论与数理统计,第二学期,2023
S0458,人工智能导论,第三学期,2023
S0458,量子计算导论,第三学期,2023
S0458,计算机组成原理,第三学期,2023
S0458,嵌入式系统,第三学期,2023
S0458,自然语言处理,第四学期,2023
S0459,计算机网络,第一学期,2023
S0459,线性代数,第一学期,2023
S0459,操作系统,第二学期,2023
S0459,离散数学,第三学期,2023
S0459,区块链技术,第三学期,2023
S0459,数据结构,第四学期,2023
S0459,软件工程,第四学期,2023
S0459,嵌入式系统,第四学期,2023
S0460,高等数学,第一学期,2023
S0460,程序设计基础,第一学期,2023
S0460,离散数学,第一学期,2023
S0460,密码学基础,第一学期,2023
S0460,软件工程,第二学期,2023
S0460,深度学习,第三学期,2023
S0460,机器学习,第三学期,2023
S0460,数据挖掘,第三学期,2023
S0461,云计算,第一学期,2023
S0461,嵌入式系统,第一学期,2023
S0461,人工智能导论,第一学期,2023
S0461,自动驾驶技术,第一学期,2023
S0461,自然语言处理,第二学期,2023
S0461,算法设计与分析,第二学期,2023
S0461,操作系统,第三学期,2023
S0461,线性代数,第三学期,2023
S0461,密码学基础,第三学期,2023
S0461,信息安全,第三学期,2023
S0461,强化学习,第四学期,2023
S0461,深度学习,第四学期,2023
S0461,大学物理,第五学期,2023
S0462,程序设计基础,第一学期,2023
S0462,数据结构,第一学期,2023
S0462,算法设计与分析,第一学期,2023
S0462,信息安全,第二学期,2023
S0462,数据挖掘,第三学期,2023
S0462,区块链技术,第四学期,2023
S0462,计算机视觉,第五学期,2023
S0462,操作系统,第五学期,2023
S0462,软件工程,第六学期,2023
S0462,深度学习,第六学期,2023
S0462,大学物理,第一学期,2024
S0462,密码学基础,第二学期,2024
S0462,人工智能导论,第二学期,2024
S0462,物联网技术,第二学期,2024
S0462,量子计算导论,第二学期,2024
S0463,高等数学,第一学期,2023
S0463,概率论与数理统计,第一学期,2023
S0463,计算机网络,第一学期,2023
S0463,离散数学,第一学期,2023
S0463,机器学习,第二学期,2023
S0463,计算机视觉,第三学期,2023
S0463,深度学习,第三学期,2023
S0463,量子计算导论,第三学期,2023
S0463,大数据技术,第三学期,2023
S0463,数据库原理,第四学期,2023
S0463,信息安全,第四学期,2023
S0463,计算机组成原理,第四学期,2023
S0463,数据结构,第四学期,2023
S0464,计算机网络,第一学期,2023
S0464,程序设计基础,第二学期,2023
S0464,数据结构,第二学期,2023
S0464,数据库原理,第三学期,2023
S0464,算法设计与分析,第三学期,2023
S0464,概率论与数理统计,第三学期,2023
S0464,信息安全,第三学期,2023
S0464,机器学习,第四学期,2023
S0464,计算机视觉,第五学期,2023
S0464,大学物理,第五学期,2023
S0464,计算机组成原理,第六学期,2023
S0464,嵌入式系统,第六学期,2023
S0464,云计算,第一学期,2024
S0465,高等数学,第一学期,2023
S0465,计算机网络,第一学期,2023
S0465,概率论与数理统计,第一学期,2023
S0465,操作系统,第一学期,2023
S0465,数据库原理,第二学期,2023
S0465,量子计算导论,第二学期,2023
S0465,自动驾驶技术,第三学期,2023
S0465,计算机组成原理,第三学期,2023
S0465,区块链技术,第四学期,2023
S0466,计算机网络,第一学期,2023
S0466,高等数学,第一学期,2023
S0466,线性代数,第一学期,2023
S0466,信息安全,第一学期,2023
S0466,操作系统,第二学期,2023
S0466,云计算,第三学期,2023
S0466,数据库原理,第三学期,2023
S0466,量子计算导论,第三学期,2023
S0467,高等数学,第一学期,2023
S0467,离散数学,第一学期,2023
S0467,计算机网络,第一学期,2023
S0467,数据挖掘,第二学期,2023
S0467,数据库原理,第三学期,2023
S0467,机器学习,第三学期,2023
S0467,自动驾驶技术,第三学期,2023
S0467,大数据技术,第四学期,2023
S0467,信息安全,第四学期,2023
S0467,数据结构,第四学期,2023
S0467,物联网技术,第四学期,2023
S0468,离散数学,第一学期,2023
S0468,机器学习,第一学期,2023
S0468,深度学习,第二学期,2023
S0468,计算机视觉,第二学期,2023
S0468,强化学习,第三学期,2023
S0468,物联网技术,第三学期,2023
S0468,量子计算导论,第四学期,2023
S0468,数据库原理,第五学期,2023
S0468,密码学基础,第五学期,2023
S0468,软件工程,第五学期,2023
S0468,云计算,第五学期,2023
S0468,数据结构,第六学期,2023
S0469,计算机网络,第一学期,2023
S0469,计算机组成原理,第一学期,2023
S0469,操作系统,第一学期,2023
S0469,机器学习,第一学期,2023
S0469,计算机视觉,第二学期,2023
S0469,深度学习,第二学期,2023
S0469,线性代数,第三学期,2023
S0469,数据结构,第三学期,2023
S0470,程序设计基础,第一学期,2023
S0470,数据结构,第一学期,2023
S0470,算法设计与分析,第一学期,2023
S0470,高等数学,第二学期,2023
S0470,线性代数,第三学期,2023
S0470,信息安全,第四学期,2023
S0470,机器学习,第四学期,2023
S0470,强化学习,第四学期,2023
S0470,云计算,第五学期,2023
S0470,密码学基础,第五学期,2023
S0471,高等数学,第一学期,2023
S0471,大学物理,第二学期,2023
S0471,离散数学,第二学期,2023
S0471,线性代数,第二学期,2023
S0471,密码学基础,第三学期,2023
S0471,计算机组成原理,第三学期,2023
S0471,操作系统,第四学期,2023
S0471,机器学习,第四学期,2023
S0471,信息安全,第五学期,2023
S0471,物联网技术,第五学期,2023
S0471,大数据技术,第六学期,2023
S0471,量子计算导论,第六学期,2023
S0472,程序设计基础,第一学期,2023
S0472,高等数学,第二学期,2023
S0472,线性代数,第三学期,2023
S0472,概率论与数理统计,第四学期,2023
S0472,量子计算导论,第五学期,2023
S0472,大学物理,第五学期,2023
S0472,计算机组成原理,第六学期,2023
S0472,信息安全,第六学期,2023
S0472,软件工程,第六学期,2023
S0472,深度学习,第六学期,2023
S0472,物联网技术,第一学期,2024
S0472,自动驾驶技术,第一学期,2024
S0472,数据库原理,第一学期,2024
S0472,密码学基础,第二学期,2024
S0473,计算机网络,第一学期,2023
S0473,程序设计基础,第一学期,2023
S0473,数据结构,第二学期,2023
S0473,离散数学,第三学期,2023
S0473,操作系统,第三学期,2023
S0473,信息安全,第三学期,2023
S0473,线性代数,第四学期,2023
S0473,计算机组成原理,第五学期,2023
S0473,区块链技术,第五学期,2023
S0474,计算机网络,第一学期,2023
S0474,程序设计基础,第二学期,2023
S0474,高等数学,第二学期,2023
S0474,数据结构,第二学期,2023
S0474,概率论与数理统计,第二学期,2023
S0474,自动驾驶技术,第三学期,2023
S0474,计算机视觉,第四学期,2023
S0474,操作系统,第四学期,2023
S0474,软件工程,第五学期,2023
S0474,信息安全,第五学期,2023
S0474,数据挖掘,第六学期,2023
S0474,区块链技术,第一学期,2024
S0474,嵌入式系统,第二学期,2024
S0474,密码学基础,第二学期,2024
S0475,程序设计基础,第一学期,2023
S0475,大学物理,第一学期,2023
S0475,离散数学,第一学期,2023
S0475,线性代数,第二学期,2023
S0475,自动驾驶技术,第二学期,2023
S0475,强化学习,第二学期,2023
S0475,软件工程,第二学期,2023
S0475,密码学基础,第三学期,2023
S0475,区块链技术,第四学期,2023
S0475,操作系统,第四学期,2023
S0476,计算机网络,第一学期,2023
S0476,高等数学,第一学期,2023
S0476,线性代数,第二学期,2023
S0476,离散数学,第二学期,2023
S0476,大学物理,第二学期,2023
S0476,深度学习,第二学期,2023
S0476,云计算,第三学期,2023
S0476,操作系统,第三学期,2023
S0476,信息安全,第三学期,2023
S0476,计算机视觉,第三学期,2023
S0476,数据库原理,第四学期,2023
S0477,高等数学,第一学期,2023
S0477,概率论与数理统计,第一学期,2023
S0477,大学物理,第二学期,2023
S0477,计算机组成原理,第二学期,2023
S0477,机器学习,第二学期,2023
S0477,强化学习,第二学期,2023
S0477,算法设计与分析,第三学期,2023
S0477,数据库原理,第四学期,2023
S0477,信息安全,第四学期,2023
S0477,密码学基础,第五学期,2023
S0478,计算机网络,第一学期,2023
S0478,程序设计基础,第一学期,2023
S0478,高等数学,第一学期,2023
S0478,物联网技术,第一学期,2023
S0478,数据库原理,第二学期,2023
S0478,强化学习,第二学期,2023
S0478,自然语言处理,第二学期,2023
S0478,机器学习,第二学期,2023
S0478,计算机视觉,第三学期,2023
S0478,云计算,第三学期,2023
S0478,信息安全,第四学期,2023
S0479,程序设计基础,第一学期,2023
S0479,高等数学,第一学期,2023
S0479,概率论与数理统计,第一学期,2023
S0479,线性代数,第二学期,2023
S0479,自动驾驶技术,第三学期,2023
S0479,大数据技术,第四学期,2023
S0479,操作系统,第四学期,2023
S0479,深度学习,第四学期,2023
S0479,人工智能导论,第四学期,2023
S0479,算法设计与分析,第五学期,2023
S0480,程序设计基础,第一学期,2023
S0480,计算机网络,第一学期,2023
S0480,数据结构,第一学期,2023
S0480,算法设计与分析,第二学期,2023
S0480,操作系统,第二学期,2023
S0480,云计算,第三学期,2023
S0480,软件工程,第四学期,2023
S0480,离散数学,第四学期,2023
S0480,强化学习,第四学期,2023
S0480,人工智能导论,第四学期,2023
S0480,计算机组成原理,第五学期,2023
S0480,嵌入式系统,第六学期,2023
S0480,大学物理,第一学期,2024
S0480,区块链技术,第一学期,2024
S0480,深度学习,第二学期,2024
S0481,计算机网络,第一学期,2023
S0481,高等数学,第二学期,2023
S0481,深度学习,第二学期,2023
S0481,信息安全,第三学期,2023
S0481,数据挖掘,第三学期,2023
S0481,软件工程,第三学期,2023
S0481,物联网技术,第四学期,2023
S0481,计算机视觉,第五学期,2023
S0481,机器学习,第六学期,2023
S0481,数据结构,第一学期,2024
S0482,高等数学,第一学期,2023
S0482,大学物理,第二学期,2023
S0482,离散数学,第三学期,2023
S0482,概率论与数理统计,第四学期,2023
S0482,计算机网络,第四学期,2023
S0482,数据结构,第五学期,2023
S0482,量子计算导论,第六学期,2023
S0482,嵌入式系统,第一学期,2024
S0482,物联网技术,第二学期,2024
S0482,云计算,第二学期,2024
S0482,深度学习,第二学期,2024
S0482,机器学习,第二学期,2024
S0482,操作系统,第三学期,2024
S0482,大数据技术,第四学期,2024
S0483,高等数学,第一学期,2023
S0483,线性代数,第一学期,2023
S0483,自然语言处理,第二学期,2023
S0483,数据库原理,第二学期,2023
S0483,强化学习,第三学期,2023
S0483,操作系统,第三学期,2023
S0483,大数据技术,第三学期,2023
S0483,计算机视觉,第三学期,2023
S0483,嵌入式系统,第四学期,2023
S0483,计算机组成原理,第五学期,2023
S0484,深度学习,第一学期,2023
S0484,概率论与数理统计,第一学期,2023
S0484,大数据技术,第一学期,2023
S0484,机器学习,第一学期,2023
S0484,自然语言处理,第二学期,2023
S0484,强化学习,第三学期,2023
S0484,计算机视觉,第三学期,2023
S0484,自动驾驶技术,第三学期,2023
S0484,算法设计与分析,第三学期,2023
S0484,软件工程,第四学期,2023
S0484,数据挖掘,第四学期,2023
S0484,密码学基础,第四学期,2023
S0484,嵌入式系统,第五学期,2023
S0484,区块链技术,第五学期,2023
S0485,自然语言处理,第一学期,2023
S0485,深度学习,第一学期,2023
S0485,数据结构,第二学期,2023
S0485,算法设计与分析,第三学期,2023
S0485,量子计算导论,第三学期,2023
S0485,人工智能导论,第三学期,2023
S0485,软件工程,第三学期,2023
S0485,密码学基础,第四学期,2023
S0485,线性代数,第四学期,2023
S0485,大数据技术,第四学期,2023
S0485,操作系统,第四学期,2023
S0485,区块链技术,第五学期,2023
S0485,强化学习,第五学期,2023
S0485,信息安全,第六学期,2023
S0486,计算机网络,第一学期,2023
S0486,高等数学,第二学期,2023
S0486,线性代数,第二学期,2023
S0486,软件工程,第二学期,2023
S0486,密码学基础,第三学期,2023
S0486,强化学习,第三学期,2023
S0486,自动驾驶技术,第三学期,2023
S0486,数据挖掘,第三学期,2023
S0486,数据库原理,第四学期,2023
S0487,程序设计基础,第一学期,2023
S0487,数据结构,第二学期,2023
S0487,高等数学,第二学期,2023
S0487,线性代数,第二学期,2023
S0487,人工智能导论,第三学期,2023
S0487,大数据技术,第四学期,2023
S0487,数据挖掘,第五学期,2023
S0487,操作系统,第五学期,2023
S0488,程序设计基础,第一学期,2023
S0488,高等数学,第二学期,2023
S0488,概率论与数理统计,第三学期,2023
S0488,数据挖掘,第三学期,2023
S0488,自然语言处理,第三学期,2023
S0488,软件工程,第三学期,2023
S0488,量子计算导论,第四学期,2023
S0488,物联网技术,第四学期,2023
S0488,嵌入式系统,第四学期,2023
S0488,强化学习,第五学期,2023
S0488,云计算,第五学期,2023
S0488,计算机视觉,第六学期,2023
S0489,程序设计基础,第一学期,2023
S0489,数据结构,第二学期,2023
S0489,算法设计与分析,第二学期,2023
S0489,数据库原理,第三学期,2023
S0489,信息安全,第三学期,2023
S0489,自动驾驶技术,第三学期,2023
S0489,机器学习,第四学期,2023
S0489,云计算,第四学期,2023
S0489,嵌入式系统,第四学期,2023
S0489,计算机组成原理,第四学期,2023
S0490,程序设计基础,第一学期,2023
S0490,高等数学,第一学期,2023
S0490,线性代数,第一学期,2023
S0490,离散数学,第二学期,2023
S0490,概率论与数理统计,第二学期,2023
S0490,软件工程,第二学期,2023
S0490,自动驾驶技术,第三学期,2023
S0490,操作系统,第三学期,2023
S0490,计算机组成原理,第四学期,2023
S0490,深度学习,第五学期,2023
S0490,物联网技术,第六学期,2023
S0490,强化学习,第六学期,2023
S0491,程序设计基础,第一学期,2023
S0491,量子计算导论,第二学期,2023
S0491,人工智能导论,第二学期,2023
S0491,操作系统,第二学期,2023
S0491,云计算,第三学期,2023
S0491,离散数学,第三学期,2023
S0491,自然语言处理,第四学期,2023
S0491,强化学习,第四学期,2023
S0491,嵌入式系统,第四学期,2023
S0491,软件工程,第四学期,2023
S0491,线性代数,第五学期,2023
S0492,高等数学,第一学期,2023
S0492,计算机网络,第一学期,2023
S0492,程序设计基础,第一学期,2023
S0492,数据结构,第二学期,2023
S0492,数据库原理,第三学期,2023
S0492,云计算,第三学期,2023
S0492,深度学习,第三学期,2023
S0492,自然语言处理,第三学期,2023
S0492,信息安全,第四学期,2023
S0492,人工智能导论,第五学期,2023
S0492,计算机视觉,第五学期,2023
S0492,计算机组成原理,第六学期,2023
S0492,物联网技术,第六学期,2023
S0493,高等数学,第一学期,2023
S0493,程序设计基础,第一学期,2023
S0493,大数据技术,第一学期,2023
S0493,云计算,第一学期,2023
S0493,机器学习,第二学期,2023
S0493,深度学习,第二学期,2023
S0493,自动驾驶技术,第二学期,2023
S0493,嵌入式系统,第二学期,2023
S0494,高等数学,第一学期,2023
S0494,计算机网络,第一学期,2023
S0494,离散数学,第一学期,2023
S0494,密码学基础,第一学期,2023
S0494,大学物理,第二学期,2023
S0494,云计算,第三学期,2023
S0494,数据挖掘,第三学期,2023
S0494,计算机视觉,第三学期,2023
S0494,大数据技术,第三学期,2023
S0494,自然语言处理,第四学期,2023
S0495,高等数学,第一学期,2023
S0495,线性代数,第一学期,2023
S0495,云计算,第二学期,2023
S0495,数据库原理,第二学期,2023
S0495,数据结构,第三学期,2023
S0495,计算机视觉,第四学期,2023
S0495,物联网技术,第五学期,2023
S0495,操作系统,第五学期,2023
S0495,深度学习,第五学期,2023
S0495,强化学习,第五学期,2023
S0495,量子计算导论,第六学期,2023
S0496,嵌入式系统,第一学期,2023
S0496,数据库原理,第一学期,2023
S0496,大学物理,第二学期,2023
S0496,密码学基础,第三学期,2023
S0496,概率论与数理统计,第三学期,2023
S0496,信息安全,第三学期,2023
S0496,大数据技术,第四学期,2023
S0496,深度学习,第五学期,2023
S0496,自动驾驶技术,第五学期,2023
S0496,量子计算导论,第五学期,2023
S0496,物联网技术,第六学期,2023
S0497,计算机网络,第一学期,2023
S0497,密码学基础,第一学期,2023
S0497,物联网技术,第一学期,2023
S0497,概率论与数理统计,第一学期,2023
S0497,离散数学,第二学期,2023
S0497,强化学习,第二学期,2023
S0497,计算机组成原理,第二学期,2023
S0497,数据结构,第二学期,2023
S0497,数据库原理,第三学期,2023
S0497,软件工程,第四学期,2023
S0497,深度学习,第五学期,2023
S0497,云计算,第五学期,2023
S0497,大数据技术,第五学期,2023
S0497,自然语言处理,第六学期,2023
S0497,大学物理,第六学期,2023
S0498,高等数学,第一学期,2023
S0498,程序设计基础,第二学期,2023
S0498,大学物理,第二学期,2023
S0498,量子计算导论,第二学期,2023
S0498,云计算,第二学期,2023
S0498,算法设计与分析,第三学期,2023
S0498,计算机视觉,第三学期,2023
S0498,信息安全,第三学期,2023
S0498,物联网技术,第四学期,2023
S0498,大数据技术,第四学期,2023
S0499,高等数学,第一学期,2023
S0499,概率论与数理统计,第一学期,2023
S0499,线性代数,第二学期,2023
S0499,人工智能导论,第二学期,2023
S0499,大数据技术,第二学期,2023
S0499,密码学基础,第二学期,2023
S0499,数据结构,第三学期,2023
S0499,算法设计与分析,第三学期,2023
S0499,操作系统,第三学期,2023
S0499,数据挖掘,第三学期,2023
S0499,自然语言处理,第四学期,2023
S0499,物联网技术,第四学期,2023
S0500,高等数学,第一学期,2023
S0500,大学物理,第一学期,2023
S0500,线性代数,第二学期,2023
S0500,自动驾驶技术,第三学期,2023
S0500,数据库原理,第三学期,2023
S0500,软件工程,第三学期,2023
S0500,物联网技术,第三学期,2023
S0500,区块链技术,第四学期,2023
S0501,程序设计基础,第一学期,2023
S0501,算法设计与分析,第一学期,2023
S0501,离散数学,第一学期,2023
S0501,数据库原理,第一学期,2023
S0501,嵌入式系统,第二学期,2023
S0501,物联网技术,第二学期,2023
S0501,区块链技术,第三学期,2023
S0501,机器学习,第四学期,2023
S0501,深度学习,第四学期,2023
S0501,自然语言处理,第四学期,2023
S0501,大学物理,第四学期,2023
S0501,量子计算导论,第五学期,2023
S0501,大数据技术,第五学期,2023
S0501,自动驾驶技术,第六学期,2023
S0501,线性代数,第六学期,2023
S0502,计算机网络,第一学期,2023
S0502,程序设计基础,第一学期,2023
S0502,高等数学,第一学期,2023
S0502,线性代数,第一学期,2023
S0502,大学物理,第二学期,2023
S0502,数据库原理,第三学期,2023
S0502,机器学习,第三学期,2023
S0502,强化学习,第三学期,2023
S0502,操作系统,第三学期,2023
S0502,大数据技术,第四学期,2023
S0502,物联网技术,第四学期,2023
S0502,嵌入式系统,第四学期,2023
S0502,人工智能导论,第四学期,2023
S0502,区块链技术,第五学期,2023
S0503,计算机网络,第一学期,2023
S0503,大数据技术,第二学期,2023
S0503,操作系统,第二学期,2023
S0503,计算机组成原理,第二学期,2023
S0503,物联网技术,第二学期,2023
S0503,强化学习,第三学期,2023
S0503,数据库原理,第三学期,2023
S0503,软件工程,第三学期,2023
S0503,量子计算导论,第四学期,2023
S0503,深度学习,第五学期,2023
S0504,高等数学,第一学期,2023
S0504,大学物理,第二学期,2023
S0504,自然语言处理,第二学期,2023
S0504,嵌入式系统,第二学期,2023
S0504,云计算,第二学期,2023
S0504,量子计算导论,第三学期,2023
S0504,数据结构,第三学期,2023
S0504,区块链技术,第三学期,2023
S0505,程序设计基础,第一学期,2023
S0505,数据结构,第一学期,2023
S0505,数据库原理,第一学期,2023
S0505,算法设计与分析,第二学期,2023
S0505,嵌入式系统,第二学期,2023
S0505,量子计算导论,第三学期,2023
S0505,自然语言处理,第三学期,2023
S0505,数据挖掘,第三学期,2023
S0506,高等数学,第一学期,2023
S0506,程序设计基础,第一学期,2023
S0506,数据结构,第一学期,2023
S0506,云计算,第一学期,2023
S0506,物联网技术,第二学期,2023
S0506,量子计算导论,第二学期,2023
S0506,深度学习,第二学期,2023
S0506,信息安全,第二学期,2023
S0506,计算机组成原理,第三学期,2023
S0506,密码学基础,第三学期,2023
S0506,数据挖掘,第三学期,2023
S0507,程序设计基础,第一学期,2023
S0507,数据结构,第一学期,2023
S0507,云计算,第一学期,2023
S0507,物联网技术,第一学期,2023
S0507,区块链技术,第二学期,2023
S0507,自动驾驶技术,第二学期,2023
S0507,概率论与数理统计,第二学期,2023
S0507,软件工程,第二学期,2023
S0507,计算机视觉,第三学期,2023
S0507,强化学习,第三学期,2023
S0507,深度学习,第三学期,2023
S0507,线性代数,第四学期,2023
S0508,机器学习,第一学期,2023
S0508,计算机视觉,第一学期,2023
S0508,数据库原理,第一学期,2023
S0508,数据挖掘,第一学期,2023
S0508,物联网技术,第二学期,2023
S0508,信息安全,第二学期,2023
S0508,大学物理,第三学期,2023
S0508,计算机组成原理,第三学期,2023
S0508,嵌入式系统,第三学期,2023
S0508,量子计算导论,第四学期,2023
S0508,密码学基础,第四学期,2023
S0508,大数据技术,第五学期,2023
S0508,软件工程,第五学期,2023
S0508,离散数学,第五学期,2023
S0508,算法设计与分析,第六学期,2023
S0509,计算机网络,第一学期,2023
S0509,云计算,第一学期,2023
S0509,算法设计与分析,第一学期,2023
S0509,数据挖掘,第一学期,2023
S0509,大数据技术,第二学期,2023
S0509,密码学基础,第三学期,2023
S0509,人工智能导论,第四学期,2023
S0509,大学物理,第五学期,2023
S0509,计算机视觉,第五学期,2023
S0509,量子计算导论,第六学期,2023
S0509,自动驾驶技术,第一学期,2024
S0509,数据库原理,第一学期,2024
S0509,线性代数,第一学期,2024
S0509,深度学习,第一学期,2024
S0510,计算机网络,第一学期,2023
S0510,深度学习,第一学期,2023
S0510,强化学习,第二学期,2023
S0510,软件工程,第三学期,2023
S0510,量子计算导论,第四学期,2023
S0510,计算机组成原理,第四学期,2023
S0510,操作系统,第四学期,2023
S0510,嵌入式系统,第五学期,2023
S0510,数据库原理,第六学期,2023
S0510,密码学基础,第六学期,2023
S0510,离散数学,第一学期,2024
S0510,数据挖掘,第一学期,2024
S0510,数据结构,第二学期,2024
S0510,概率论与数理统计,第二学期,2024
S0511,计算机网络,第一学期,2023
S0511,高等数学,第二学期,2023
S0511,离散数学,第二学期,2023
S0511,机器学习,第二学期,2023
S0511,计算机视觉,第二学期,2023
S0511,自然语言处理,第三学期,2023
S0511,自动驾驶技术,第三学期,2023
S0511,操作系统,第三学期,2023
S0511,量子计算导论,第三学期,2023
S0511,数据挖掘,第四学期,2023
S0512,计算机网络,第一学期,2023
S0512,程序设计基础,第一学期,2023
S0512,软件工程,第二学期,2023
S0512,量子计算导论,第二学期,2023
S0512,线性代数,第三学期,2023
S0512,算法设计与分析,第三学期,2023
S0512,概率论与数理统计,第三学期,2023
S0512,大学物理,第三学期,2023
S0512,嵌入式系统,第四学期,2023
S0512,计算机视觉,第四学期,2023
S0512,强化学习,第五学期,2023
S0512,操作系统,第五学期,2023
S0513,程序设计基础,第一学期,2023
S0513,高等数学,第二学期,2023
S0513,离散数学,第二学期,2023
S0513,物联网技术,第二学期,2023
S0513,操作系统,第二学期,2023
S0513,算法设计与分析,第三学期,2023
S0513,深度学习,第四学期,2023
S0513,信息安全,第四学期,2023
S0513,嵌入式系统,第四学期,2023
S0514,高等数学,第一学期,2023
S0514,离散数学,第一学期,2023
S0514,密码学基础,第一学期,2023
S0514,数据库原理,第二学期,2023
S0514,操作系统,第二学期,2023
S0514,软件工程,第二学期,2023
S0514,数据挖掘,第三学期,2023
S0514,云计算,第三学期,2023
S0514,信息安全,第三学期,2023
S0514,区块链技术,第四学期,2023
S0514,嵌入式系统,第四学期,2023
S0514,算法设计与分析,第四学期,2023
S0515,高等数学,第一学期,2023
S0515,线性代数,第一学期,2023
S0515,概率论与数理统计,第二学期,2023
S0515,离散数学,第二学期,2023
S0515,量子计算导论,第二学期,2023
S0515,大学物理,第二学期,2023
S0515,深度学习,第三学期,2023
S0515,自然语言处理,第四学期,2023
S0515,软件工程,第四学期,2023
S0515,信息安全,第四学期,2023
S0515,云计算,第四学期,2023
S0515,数据库原理,第五学期,2023
S0515,机器学习,第六学期,2023
S0515,强化学习,第六学期,2023
S0516,程序设计基础,第一学期,2023
S0516,数据结构,第一学期,2023
S0516,信息安全,第二学期,2023
S0516,机器学习,第二学期,2023
S0516,自然语言处理,第二学期,2023
S0516,操作系统,第二学期,2023
S0516,密码学基础,第三学期,2023
S0516,区块链技术,第三学期,2023
S0516,线性代数,第三学期,2023
S0516,离散数学,第四学期,2023
S0516,大数据技术,第四学期,2023
S0517,程序设计基础,第一学期,2023
S0517,数据结构,第一学期,2023
S0517,数据库原理,第一学期,2023
S0517,计算机网络,第一学期,2023
S0517,概率论与数理统计,第二学期,2023
S0517,人工智能导论,第三学期,2023
S0517,操作系统,第三学期,2023
S0517,大数据技术,第三学期,2023
S0517,软件工程,第四学期,2023
S0517,离散数学,第四学期,2023
S0517,自动驾驶技术,第四学期,2023
S0517,自然语言处理,第五学期,2023
S0517,密码学基础,第六学期,2023
S0517,深度学习,第六学期,2023
S0518,高等数学,第一学期,2023
S0518,离散数学,第二学期,2023
S0518,线性代数,第二学期,2023
S0518,概率论与数理统计,第二学期,2023
S0518,计算机网络,第二学期,2023
S0518,自动驾驶技术,第三学期,2023
S0518,算法设计与分析,第四学期,2023
S0518,区块链技术,第五学期,2023
S0518,信息安全,第六学期,2023
S0518,嵌入式系统,第六学期,2023
S0518,大数据技术,第一学期,2024
S0519,操作系统,第一学期,2023
S0519,云计算,第二学期,2023
S0519,大数据技术,第二学期,2023
S0519,量子计算导论,第二学期,2023
S0519,算法设计与分析,第二学期,2023
S0519,线性代数,第三学期,2023
S0519,离散数学,第三学期,2023
S0519,深度学习,第三学期,2023
S0519,密码学基础,第四学期,2023
S0519,物联网技术,第五学期,2023
S0520,高等数学,第一学期,2023
S0520,概率论与数理统计,第一学期,2023
S0520,云计算,第一学期,2023
S0520,算法设计与分析,第一学期,2023
S0520,物联网技术,第二学期,2023
S0520,软件工程,第三学期,2023
S0520,大数据技术,第三学期,2023
S0520,嵌入式系统,第三学期,2023
S0520,机器学习,第三学期,2023
S0520,密码学基础,第四学期,2023
S0520,区块链技术,第四学期,2023
S0520,操作系统,第四学期,2023
S0520,人工智能导论,第五学期,2023
S0521,计算机网络,第一学期,2023
S0521,高等数学,第二学期,2023
S0521,大学物理,第二学期,2023
S0521,概率论与数理统计,第二学期,2023
S0521,计算机组成原理,第三学期,2023
S0521,线性代数,第三学期,2023
S0521,算法设计与分析,第三学期,2023
S0521,软件工程,第三学期,2023
S0522,计算机网络,第一学期,2023
S0522,密码学基础,第一学期,2023
S0522,操作系统,第一学期,2023
S0522,信息安全,第二学期,2023
S0522,云计算,第二学期,2023
S0522,线性代数,第二学期,2023
S0522,计算机组成原理,第二学期,2023
S0522,概率论与数理统计,第三学期,2023
S0522,人工智能导论,第三学期,2023
S0522,机器学习,第三学期,2023
S0523,程序设计基础,第一学期,2023
S0523,计算机网络,第一学期,2023
S0523,深度学习,第一学期,2023
S0523,信息安全,第一学期,2023
S0523,操作系统,第二学期,2023
S0523,自动驾驶技术,第三学期,2023
S0523,概率论与数理统计,第三学期,2023
S0523,线性代数,第四学期,2023
S0523,量子计算导论,第五学期,2023
S0523,数据库原理,第五学期,2023
S0523,区块链技术,第六学期,2023
S0524,数据挖掘,第一学期,2023
S0524,云计算,第一学期,2023
S0524,操作系统,第二学期,2023
S0524,数据结构,第三学期,2023
S0524,软件工程,第三学期,2023
S0524,算法设计与分析,第三学期,2023
S0524,量子计算导论,第三学期,2023
S0524,自然语言处理,第四学期,2023
S0524,密码学基础,第四学期,2023
S0524,线性代数,第四学期,2023
S0525,计算机网络,第一学期,2023
S0525,软件工程,第二学期,2023
S0525,计算机视觉,第二学期,2023
S0525,机器学习,第三学期,2023
S0525,嵌入式系统,第三学期,2023
S0525,大数据技术,第三学期,2023
S0525,大学物理,第三学期,2023
S0525,计算机组成原理,第四学期,2023
S0525,人工智能导论,第四学期,2023
S0525,信息安全,第四学期,2023
S0525,数据挖掘,第五学期,2023
S0525,数据结构,第五学期,2023
S0525,算法设计与分析,第五学期,2023
S0525,线性代数,第六学期,2023
S0526,计算机网络,第一学期,2023
S0526,量子计算导论,第一学期,2023
S0526,数据结构,第一学期,2023
S0526,信息安全,第一学期,2023
S0526,概率论与数理统计,第二学期,2023
S0526,数据挖掘,第二学期,2023
S0526,云计算,第三学期,2023
S0526,操作系统,第三学期,2023
S0527,区块链技术,第一学期,2023
S0527,计算机视觉,第一学期,2023
S0527,机器学习,第一学期,2023
S0527,云计算,第一学期,2023
S0527,量子计算导论,第二学期,2023
S0527,人工智能导论,第二学期,2023
S0527,操作系统,第三学期,2023
S0527,大数据技术,第三学期,2023
S0527,大学物理,第三学期,2023
S0527,计算机组成原理,第三学期,2023
S0527,信息安全,第四学期,2023
S0527,数据结构,第五学期,2023
S0528,强化学习,第一学期,2023
S0528,云计算,第二学期,2023
S0528,物联网技术,第二学期,2023
S0528,概率论与数理统计,第三学期,2023
S0528,数据库原理,第三学期,2023
S0528,嵌入式系统,第四学期,2023
S0528,大学物理,第四学期,2023
S0528,人工智能导论,第五学期,2023
S0528,软件工程,第六学期,2023
S0529,高等数学,第一学期,2023
S0529,线性代数,第一学期,2023
S0529,程序设计基础,第一学期,2023
S0529,数据结构,第一学期,2023
S0529,算法设计与分析,第二学期,2023
S0529,大学物理,第二学期,2023
S0529,云计算,第二学期,2023
S0529,自然语言处理,第二学期,2023
S0529,量子计算导论,第三学期,2023
S0529,区块链技术,第三学期,2023
S0529,大数据技术,第三学期,2023
S0529,人工智能导论,第四学期,2023
S0529,信息安全,第四学期,2023
S0529,嵌入式系统,第五学期,2023
S0530,数据挖掘,第一学期,2023
S0530,数据库原理,第一学期,2023
S0530,自动驾驶技术,第一学期,2023
S0530,嵌入式系统,第一学期,2023
S0530,物联网技术,第二学期,2023
S0530,离散数学,第三学期,2023
S0530,密码学基础,第三学期,2023
S0530,软件工程,第三学期,2023
S0530,计算机组成原理,第三学期,2023
S0530,大学物理,第四学期,2023
S0530,概率论与数理统计,第五学期,2023
S0531,高等数学,第一学期,2023
S0531,计算机网络,第二学期,2023
S0531,计算机组成原理,第三学期,2023
S0531,操作系统,第四学期,2023
S0531,信息安全,第四学期,2023
S0531,大数据技术,第四学期,2023
S0531,物联网技术,第四学期,2023
S0531,算法设计与分析,第五学期,2023
S0531,强化学习,第五学期,2023
S0531,量子计算导论,第六学期,2023
S0531,人工智能导论,第六学期,2023
S0531,数据结构,第六学期,2023
S0531,计算机视觉,第六学期,2023
S0531,深度学习,第一学期,2024
S0532,高等数学,第一学期,2023
S0532,大学物理,第一学期,2023
S0532,概率论与数理统计,第一学期,2023
S0532,离散数学,第一学期,2023
S0532,自动驾驶技术,第二学期,2023
S0532,嵌入式系统,第二学期,2023
S0532,自然语言处理,第二学期,2023
S0532,数据结构,第二学期,2023
S0532,算法设计与分析,第三学期,2023
S0532,人工智能导论,第四学期,2023
S0532,物联网技术,第四学期,2023
S0532,大数据技术,第五学期,2023
S0532,云计算,第五学期,2023
S0532,量子计算导论,第五学期,2023
S0533,程序设计基础,第一学期,2023
S0533,高等数学,第一学期,2023
S0533,大学物理,第一学期,2023
S0533,计算机组成原理,第二学期,2023
S0533,嵌入式系统,第三学期,2023
S0533,深度学习,第四学期,2023
S0533,机器学习,第四学期,2023
S0533,数据挖掘,第四学期,2023
S0533,软件工程,第四学期,2023
S0533,数据库原理,第五学期,2023
S0534,计算机网络,第一学期,2023
S0534,程序设计基础,第一学期,2023
S0534,数据结构,第一学期,2023
S0534,数据库原理,第一学期,2023
S0534,数据挖掘,第二学期,2023
S0534,人工智能导论,第三学期,2023
S0534,物联网技术,第三学期,2023
S0534,区块链技术,第三学期,2023
S0534,概率论与数理统计,第四学期,2023
S0534,强化学习,第四学期,2023
S0534,自然语言处理,第四学期,2023
S0534,密码学基础,第五学期,2023
S0534,量子计算导论,第五学期,2023
S0534,信息安全,第六学期,2023
S0534,线性代数,第六学期,2023
S0535,计算机网络,第一学期,2023
S0535,高等数学,第一学期,2023
S0535,离散数学,第一学期,2023
S0535,密码学基础,第一学期,2023
S0535,区块链技术,第二学期,2023
S0535,操作系统,第二学期,2023
S0535,机器学习,第二学期,2023
S0535,深度学习,第二学期,2023
S0535,软件工程,第三学期,2023
S0536,计算机网络,第一学期,2023
S0536,自然语言处理,第一学期,2023
S0536,线性代数,第二学期,2023
S0536,物联网技术,第三学期,2023
S0536,人工智能导论,第三学期,2023
S0536,机器学习,第三学期,2023
S0536,强化学习,第四学期,2023
S0536,嵌入式系统,第五学期,2023
S0537,程序设计基础,第一学期,2023
S0537,算法设计与分析,第二学期,2023
S0537,软件工程,第二学期,2023
S0537,人工智能导论,第二学期,2023
S0537,大学物理,第二学期,2023
S0537,密码学基础,第三学期,2023
S0537,计算机视觉,第三学期,2023
S0537,数据库原理,第三学期,2023
S0538,高等数学,第一学期,2023
S0538,大学物理,第一学期,2023
S0538,计算机网络,第一学期,2023
S0538,离散数学,第一学期,2023
S0538,概率论与数理统计,第二学期,2023
S0538,算法设计与分析,第三学期,2023
S0538,嵌入式系统,第四学期,2023
S0538,自然语言处理,第四学期,2023
S0538,计算机视觉,第四学期,2023
S0538,机器学习,第五学期,2023
S0538,操作系统,第六学期,2023
S0539,计算机网络,第一学期,2023
S0539,计算机组成原理,第一学期,2023
S0539,操作系统,第一学期,2023
S0539,云计算,第二学期,2023
S0539,大数据技术,第三学期,2023
S0539,数据结构,第三学期,2023
S0539,数据库原理,第三学期,2023
S0539,离散数学,第三学期,2023
S0540,程序设计基础,第一学期,2023
S0540,数据结构,第一学期,2023
S0540,信息安全,第一学期,2023
S0540,大学物理,第二学期,2023
S0540,大数据技术,第二学期,2023
S0540,概率论与数理统计,第三学期,2023
S0540,线性代数,第三学期,2023
S0540,嵌入式系统,第四学期,2023
S0541,软件工程,第一学期,2023
S0541,自然语言处理,第一学期,2023
S0541,强化学习,第一学期,2023
S0541,数据结构,第二学期,2023
S0541,数据库原理,第二学期,2023
S0541,线性代数,第三学期,2023
S0541,计算机组成原理,第三学期,2023
S0541,人工智能导论,第四学期,2023
S0541,概率论与数理统计,第五学期,2023
S0541,密码学基础,第五学期,2023
S0542,高等数学,第一学期,2023
S0542,程序设计基础,第一学期,2023
S0542,计算机网络,第一学期,2023
S0542,自然语言处理,第二学期,2023
S0542,人工智能导论,第二学期,2023
S0542,区块链技术,第二学期,2023
S0542,数据挖掘,第二学期,2023
S0542,嵌入式系统,第三学期,2023
S0542,物联网技术,第三学期,2023
S0542,密码学基础,第三学期,2023
S0542,自动驾驶技术,第四学期,2023
S0542,软件工程,第四学期,2023
S0542,计算机视觉,第四学期,2023
S0542,算法设计与分析,第四学期,2023
S0542,量子计算导论,第五学期,2023
S0543,计算机网络,第一学期,2023
S0543,物联网技术,第二学期,2023
S0543,计算机组成原理,第二学期,2023
S0543,操作系统,第二学期,2023
S0543,嵌入式系统,第三学期,2023
S0543,云计算,第四学期,2023
S0543,线性代数,第四学期,2023
S0543,人工智能导论,第四学期,2023
S0543,自动驾驶技术,第四学期,2023
S0543,量子计算导论,第五学期,2023
S0543,区块链技术,第五学期,2023
S0543,数据结构,第六学期,2023
S0543,计算机视觉,第六学期,2023
S0543,强化学习,第六学期,2023
S0544,计算机网络,第一学期,2023
S0544,人工智能导论,第一学期,2023
S0544,大数据技术,第一学期,2023
S0544,软件工程,第二学期,2023
S0544,自然语言处理,第二学期,2023
S0544,深度学习,第三学期,2023
S0544,信息安全,第三学期,2023
S0544,嵌入式系统,第三学期,2023
S0544,物联网技术,第三学期,2023
S0544,操作系统,第四学期,2023
S0544,自动驾驶技术,第五学期,2023
S0544,数据结构,第六学期,2023
S0544,数据库原理,第六学期,2023
S0545,程序设计基础,第一学期,2023
S0545,数据结构,第一学期,2023
S0545,算法设计与分析,第一学期,2023
S0545,深度学习,第一学期,2023
S0545,大数据技术,第二学期,2023
S0545,自然语言处理,第三学期,2023
S0545,云计算,第三学期,2023
S0545,软件工程,第三学期,2023
S0545,强化学习,第四学期,2023
S0545,离散数学,第四学期,2023
S0545,量子计算导论,第五学期,2023
S0545,信息安全,第六学期,2023
S0546,高等数学,第一学期,2023
S0546,计算机网络,第一学期,2023
S0546,离散数学,第二学期,2023
S0546,计算机组成原理,第二学期,2023
S0546,量子计算导论,第二学期,2023
S0546,自动驾驶技术,第三学期,2023
S0546,云计算,第四学期,2023
S0546,信息安全,第四学期,2023
S0546,人工智能导论,第五学期,2023
S0546,数据库原理,第五学期,2023
S0547,计算机网络,第一学期,2023
S0547,程序设计基础,第一学期,2023
S0547,高等数学,第一学期,2023
S0547,嵌入式系统,第一学期,2023
S0547,区块链技术,第二学期,2023
S0547,强化学习,第二学期,2023
S0547,大数据技术,第三学期,2023
S0547,操作系统,第三学期,2023
S0547,云计算,第三学期,2023
S0547,信息安全,第三学期,2023
S0547,计算机视觉,第四学期,2023
S0547,密码学基础,第五学期,2023
S0548,高等数学,第一学期,2023
S0548,离散数学,第二学期,2023
S0548,线性代数,第三学期,2023
S0548,程序设计基础,第四学期,2023
S0548,信息安全,第四学期,2023
S0548,数据挖掘,第五学期,2023
S0548,物联网技术,第六学期,2023
S0548,计算机组成原理,第六学期,2023
S0548,人工智能导论,第一学期,2024
S0548,云计算,第一学期,2024
S0548,深度学习,第一学期,2024
S0549,自动驾驶技术,第一学期,2023
S0549,概率论与数理统计,第一学期,2023
S0549,计算机组成原理,第二学期,2023
S0549,深度学习,第二学期,2023
S0549,数据库原理,第二学期,2023
S0549,区块链技术,第三学期,2023
S0549,大数据技术,第三学期,2023
S0549,量子计算导论,第四学期,2023
S0549,线性代数,第五学期,2023
S0549,软件工程,第五学期,2023
S0550,高等数学,第一学期,2023
S0550,计算机网络,第二学期,2023
S0550,人工智能导论,第二学期,2023
S0550,计算机组成原理,第二学期,2023
S0550,区块链技术,第三学期,2023
S0550,机器学习,第三学期,2023
S0550,深度学习,第三学期,2023
S0550,自然语言处理,第四学期,2023
S0550,数据结构,第四学期,2023
S0550,软件工程,第四学期,2023
S0550,量子计算导论,第四学期,2023
S0550,密码学基础,第五学期,2023
S0550,自动驾驶技术,第六学期,2023
S0551,高等数学,第一学期,2023
S0551,程序设计基础,第二学期,2023
S0551,数据挖掘,第二学期,2023
S0551,量子计算导论,第三学期,2023
S0551,区块链技术,第四学期,2023
S0551,计算机视觉,第四学期,2023
S0551,物联网技术,第四学期,2023
S0551,大数据技术,第五学期,2023
S0551,机器学习,第五学期,2023
S0551,密码学基础,第五学期,2023
S0551,软件工程,第五学期,2023
S0551,云计算,第六学期,2023
S0551,嵌入式系统,第一学期,2024
S0552,高等数学,第一学期,2023
S0552,概率论与数理统计,第二学期,2023
S0552,大学物理,第三学期,2023
S0552,计算机组成原理,第四学期,2023
S0552,嵌入式系统,第五学期,2023
S0552,软件工程,第五学期,2023
S0552,人工智能导论,第五学期,2023
S0552,算法设计与分析,第五学期,2023
S0553,高等数学,第一学期,2023
S0553,离散数学,第二学期,2023
S0553,密码学基础,第二学期,2023
S0553,程序设计基础,第二学期,2023
S0553,软件工程,第三学期,2023
S0553,数据库原理,第三学期,2023
S0553,强化学习,第四学期,2023
S0553,人工智能导论,第五学期,2023
S0553,嵌入式系统,第五学期,2023
S0554,程序设计基础,第一学期,2023
S0554,高等数学,第二学期,2023
S0554,概率论与数理统计,第三学期,2023
S0554,离散数学,第三学期,2023
S0554,密码学基础,第三学期,2023
S0554,大学物理,第三学期,2023
S0554,线性代数,第四学期,2023
S0554,量子计算导论,第五学期,2023
S0554,区块链技术,第五学期,2023
S0554,计算机视觉,第五学期,2023
S0554,机器学习,第六学期,2023
S0554,强化学习,第六学期,2023
S0554,自动驾驶技术,第一学期,2024
S0555,计算机网络,第一学期,2023
S0555,物联网技术,第二学期,2023
S0555,自然语言处理,第三学期,2023
S0555,自动驾驶技术,第四学期,2023
S0555,深度学习,第四学期,2023
S0555,嵌入式系统,第四学期,2023
S0555,线性代数,第四学期,2023
S0555,数据库原理,第五学期,2023
S0555,数据挖掘,第五学期,2023
S0555,大数据技术,第五学期,2023
S0555,人工智能导论,第六学期,2023
S0555,软件工程,第一学期,2024
S0555,强化学习,第一学期,2024
S0555,数据结构,第二学期,2024
S0556,程序设计基础,第一学期,2023
S0556,计算机网络,第一学期,2023
S0556,自然语言处理,第一学期,2023
S0556,嵌入式系统,第一学期,2023
S0556,密码学基础,第二学期,2023
S0556,机器学习,第二学期,2023
S0556,线性代数,第二学期,2023
S0556,数据挖掘,第三学期,2023
S0556,信息安全,第四学期,2023
S0557,高等数学,第一学期,2023
S0557,概率论与数理统计,第一学期,2023
S0557,计算机网络,第二学期,2023
S0557,自动驾驶技术,第二学期,2023
S0557,操作系统,第三学期,2023
S0557,机器学习,第三学期,2023
S0557,自然语言处理,第三学期,2023
S0557,物联网技术,第三学期,2023
S0557,大数据技术,第四学期,2023
S0558,高等数学,第一学期,2023
S0558,大学物理,第一学期,2023
S0558,计算机组成原理,第一学期,2023
S0558,嵌入式系统,第一学期,2023
S0558,强化学习,第二学期,2023
S0558,自动驾驶技术,第三学期,2023
S0558,数据挖掘,第四学期,2023
S0558,人工智能导论,第五学期,2023
S0558,机器学习,第五学期,2023
S0558,自然语言处理,第六学期,2023
S0558,物联网技术,第一学期,2024
S0558,数据库原理,第一学期,2024
S0558,密码学基础,第一学期,2024
S0558,数据结构,第二学期,2024
S0558,信息安全,第三学期,2024
S0559,概率论与数理统计,第一学期,2023
S0559,大数据技术,第一学期,2023
S0559,操作系统,第二学期,2023
S0559,计算机组成原理,第二学期,2023
S0559,线性代数,第二学期,2023
S0559,云计算,第二学期,2023
S0559,离散数学,第三学期,2023
S0559,机器学习,第三学期,2023
S0560,高等数学,第一学期,2023
S0560,大学物理,第一学期,2023
S0560,量子计算导论,第二学期,2023
S0560,嵌入式系统,第二学期,2023
S0560,自然语言处理,第三学期,2023
S0560,人工智能导论,第四学期,2023
S0560,机器学习,第五学期,2023
S0560,算法设计与分析,第六学期,2023
S0560,操作系统,第六学期,2023
S0561,计算机网络,第一学期,2023
S0561,深度学习,第一学期,2023
S0561,区块链技术,第一学期,2023
S0561,自然语言处理,第一学期,2023
S0561,算法设计与分析,第二学期,2023
S0561,软件工程,第二学期,2023
S0561,人工智能导论,第二学期,2023
S0561,数据结构,第二学期,2023
S0561,云计算,第三学期,2023
S0561,机器学习,第三学期,2023
S0561,离散数学,第四学期,2023
S0561,自动驾驶技术,第四学期,2023
S0562,程序设计基础,第一学期,2023
S0562,高等数学,第一学期,2023
S0562,概率论与数理统计,第一学期,2023
S0562,大学物理,第二学期,2023
S0562,量子计算导论,第三学期,2023
S0562,密码学基础,第三学期,2023
S0562,人工智能导论,第三学期,2023
S0562,信息安全,第三学期,2023
S0562,深度学习,第四学期,2023
S0562,数据库原理,第五学期,2023
S0562,强化学习,第五学期,2023
S0563,高等数学,第一学期,2023
S0563,数据挖掘,第一学期,2023
S0563,操作系统,第一学期,2023
S0563,云计算,第二学期,2023
S0563,数据库原理,第三学期,2023
S0563,密码学基础,第三学期,2023
S0563,自动驾驶技术,第四学期,2023
S0563,算法设计与分析,第四学期,2023
S0564,区块链技术,第一学期,2023
S0564,软件工程,第二学期,2023
S0564,线性代数,第二学期,2023
S0564,概率论与数理统计,第二学期,2023
S0564,算法设计与分析,第二学期,2023
S0564,云计算,第三学期,2023
S0564,数据结构,第三学期,2023
S0564,大学物理,第三学期,2023
S0564,深度学习,第三学期,2023
S0564,离散数学,第四学期,2023
S0564,物联网技术,第四学期,2023
S0564,密码学基础,第五学期,2023
S0565,高等数学,第一学期,2023
S0565,线性代数,第二学期,2023
S0565,程序设计基础,第二学期,2023
S0565,大数据技术,第二学期,2023
S0565,数据挖掘,第二学期,2023
S0565,区块链技术,第三学期,2023
S0565,物联网技术,第三学期,2023
S0565,计算机视觉,第四学期,2023
S0565,嵌入式系统,第五学期,2023
S0565,数据库原理,第五学期,2023
S0565,深度学习,第六学期,2023
S0565,密码学基础,第六学期,2023
S0565,强化学习,第六学期,2023
S0566,计算机网络,第一学期,2023
S0566,高等数学,第二学期,2023
S0566,线性代数,第三学期,2023
S0566,概率论与数理统计,第四学期,2023
S0566,离散数学,第四学期,2023
S0566,自动驾驶技术,第五学期,2023
S0566,信息安全,第五学期,2023
S0566,自然语言处理,第五学期,2023
S0566,计算机视觉,第五学期,2023
S0566,数据挖掘,第六学期,2023
S0567,高等数学,第一学期,2023
S0567,离散数学,第一学期,2023
S0567,线性代数,第二学期,2023
S0567,量子计算导论,第二学期,2023
S0567,大数据技术,第三学期,2023
S0567,自动驾驶技术,第四学期,2023
S0567,计算机视觉,第四学期,2023
S0567,机器学习,第四学期,2023
S0567,自然语言处理,第五学期,2023
S0567,深度学习,第六学期,2023
S0567,云计算,第六学期,2023
S0567,软件工程,第一学期,2024
S0567,数据结构,第一学期,2024
S0568,程序设计基础,第一学期,2023
S0568,高等数学,第一学期,2023
S0568,计算机网络,第一学期,2023
S0568,离散数学,第二学期,2023
S0568,概率论与数理统计,第三学期,2023
S0568,密码学基础,第三学期,2023
S0568,深度学习,第三学期,2023
S0568,自动驾驶技术,第四学期,2023
S0568,自然语言处理,第四学期,2023
S0568,物联网技术,第四学期,2023
S0568,计算机视觉,第四学期,2023
S0568,机器学习,第五学期,2023
S0569,计算机网络,第一学期,2023
S0569,物联网技术,第一学期,2023
S0569,软件工程,第一学期,2023
S0569,区块链技术,第一学期,2023
S0569,大学物理,第二学期,2023
S0569,数据挖掘,第三学期,2023
S0569,数据库原理,第四学期,2023
S0569,自然语言处理,第四学期,2023
S0569,计算机视觉,第四学期,2023
S0569,嵌入式系统,第四学期,2023
S0569,数据结构,第五学期,2023
S0569,云计算,第五学期,2023
S0570,密码学基础,第一学期,2023
S0570,线性代数,第一学期,2023
S0570,概率论与数理统计,第一学期,2023
S0570,量子计算导论,第二学期,2023
S0570,大学物理,第二学期,2023
S0570,物联网技术,第三学期,2023
S0570,操作系统,第四学期,2023
S0570,云计算,第四学期,2023
S0570,嵌入式系统,第四学期,2023
S0571,高等数学,第一学期,2023
S0571,线性代数,第二学期,2023
S0571,大学物理,第二学期,2023
S0571,计算机组成原理,第三学期,2023
S0571,程序设计基础,第四学期,2023
S0571,操作系统,第五学期,2023
S0571,概率论与数理统计,第五学期,2023
S0571,量子计算导论,第五学期,2023
S0571,机器学习,第五学期,2023
S0571,强化学习,第六学期,2023
S0571,计算机视觉,第一学期,2024
S0571,区块链技术,第一学期,2024
S0572,计算机网络,第一学期,2023
S0572,程序设计基础,第一学期,2023
S0572,数据结构,第一学期,2023
S0572,数据库原理,第二学期,2023
S0572,算法设计与分析,第二学期,2023
S0572,密码学基础,第二学期,2023
S0572,区块链技术,第二学期,2023
S0572,计算机组成原理,第三学期,2023
S0572,嵌入式系统,第三学期,2023
S0572,物联网技术,第三学期,2023
S0572,自然语言处理,第三学期,2023
S0572,强化学习,第四学期,2023
S0572,深度学习,第五学期,2023
S0572,概率论与数理统计,第六学期,2023
S0573,机器学习,第一学期,2023
S0573,深度学习,第一学期,2023
S0573,线性代数,第一学期,2023
S0573,区块链技术,第二学期,2023
S0573,离散数学,第三学期,2023
S0573,大数据技术,第三学期,2023
S0573,密码学基础,第三学期,2023
S0573,大学物理,第三学期,2023
S0573,自动驾驶技术,第四学期,2023
S0573,数据挖掘,第五学期,2023
S0573,软件工程,第五学期,2023
S0573,操作系统,第五学期,2023
S0574,程序设计基础,第一学期,2023
S0574,高等数学,第二学期,2023
S0574,强化学习,第二学期,2023
S0574,密码学基础,第二学期,2023
S0574,数据挖掘,第二学期,2023
S0574,算法设计与分析,第三学期,2023
S0574,区块链技术,第四学期,2023
S0574,信息安全,第四学期,2023
S0575,计算机网络,第一学期,2023
S0575,数据挖掘,第一学期,2023
S0575,云计算,第一学期,2023
S0575,密码学基础,第一学期,2023
S0575,嵌入式系统,第二学期,2023
S0575,信息安全,第三学期,2023
S0575,计算机视觉,第三学期,2023
S0575,操作系统,第三学期,2023
S0576,云计算,第一学期,2023
S0576,计算机视觉,第一学期,2023
S0576,物联网技术,第一学期,2023
S0576,嵌入式系统,第二学期,2023
S0576,软件工程,第三学期,2023
S0576,大学物理,第四学期,2023
S0576,大数据技术,第四学期,2023
S0576,机器学习,第四学期,2023
S0576,强化学习,第四学期,2023
S0576,深度学习,第五学期,2023
S0576,自动驾驶技术,第五学期,2023
S0576,离散数学,第五学期,2023
S0576,信息安全,第五学期,2023
S0577,高等数学,第一学期,2023
S0577,大学物理,第一学期,2023
S0577,线性代数,第一学期,2023
S0577,计算机组成原理,第一学期,2023
S0577,深度学习,第二学期,2023
S0577,区块链技术,第三学期,2023
S0577,算法设计与分析,第三学期,2023
S0577,自动驾驶技术,第三学期,2023
S0577,数据挖掘,第四学期,2023
S0577,数据库原理,第五学期,2023
S0577,量子计算导论,第六学期,2023
S0577,数据结构,第六学期,2023
S0577,密码学基础,第一学期,2024
S0578,程序设计基础,第一学期,2023
S0578,高等数学,第一学期,2023
S0578,概率论与数理统计,第一学期,2023
S0578,大学物理,第二学期,2023
S0578,离散数学,第二学期,2023
S0578,密码学基础,第二学期,2023
S0578,大数据技术,第三学期,2023
S0578,物联网技术,第三学期,2023
S0578,自然语言处理,第三学期,2023
S0578,量子计算导论,第三学期,2023
S0578,嵌入式系统,第四学期,2023
S0578,机器学习,第四学期,2023
S0578,计算机视觉,第四学期,2023
S0578,数据挖掘,第五学期,2023
S0578,数据库原理,第五学期,2023
S0579,程序设计基础,第一学期,2023
S0579,操作系统,第一学期,2023
S0579,数据库原理,第二学期,2023
S0579,深度学习,第三学期,2023
S0579,信息安全,第四学期,2023
S0579,机器学习,第四学期,2023
S0579,离散数学,第四学期,2023
S0579,区块链技术,第四学期,2023
S0579,量子计算导论,第五学期,2023
S0580,程序设计基础,第一学期,2023
S0580,深度学习,第一学期,2023
S0580,云计算,第一学期,2023
S0580,离散数学,第一学期,2023
S0580,自动驾驶技术,第二学期,2023
S0580,信息安全,第二学期,2023
S0580,软件工程,第三学期,2023
S0580,概率论与数理统计,第三学期,2023
S0580,算法设计与分析,第三学期,2023
S0580,大学物理,第四学期,2023
S0580,量子计算导论,第五学期,2023
S0580,数据库原理,第五学期,2023
S0580,自然语言处理,第五学期,2023
S0580,物联网技术,第五学期,2023
S0580,线性代数,第六学期,2023
S0581,计算机网络,第一学期,2023
S0581,人工智能导论,第二学期,2023
S0581,操作系统,第三学期,2023
S0581,信息安全,第三学期,2023
S0581,数据结构,第四学期,2023
S0581,计算机组成原理,第四学期,2023
S0581,量子计算导论,第四学期,2023
S0581,密码学基础,第四学期,2023
S0581,自然语言处理,第五学期,2023
S0581,机器学习,第五学期,2023
S0581,深度学习,第六学期,2023
S0581,大学物理,第六学期,2023
S0582,程序设计基础,第一学期,2023
S0582,线性代数,第一学期,2023
S0582,大学物理,第一学期,2023
S0582,机器学习,第一学期,2023
S0582,自然语言处理,第二学期,2023
S0582,密码学基础,第二学期,2023
S0582,操作系统,第三学期,2023
S0582,自动驾驶技术,第三学期,2023
S0582,云计算,第三学期,2023
S0582,人工智能导论,第三学期,2023
S0582,信息安全,第四学期,2023
S0583,计算机网络,第一学期,2023
S0583,高等数学,第一学期,2023
S0583,概率论与数理统计,第二学期,2023
S0583,大学物理,第三学期,2023
S0583,计算机组成原理,第四学期,2023
S0583,数据库原理,第五学期,2023
S0583,自动驾驶技术,第六学期,2023
S0583,数据挖掘,第六学期,2023
S0583,云计算,第六学期,2023
S0584,高等数学,第一学期,2023
S0584,大学物理,第一学期,2023
S0584,人工智能导论,第二学期,2023
S0584,软件工程,第二学期,2023
S0584,密码学基础,第三学期,2023
S0584,嵌入式系统,第四学期,2023
S0584,操作系统,第五学期,2023
S0584,算法设计与分析,第五学期,2023
S0584,自然语言处理,第五学期,2023
S0584,区块链技术,第五学期,2023
S0584,计算机视觉,第六学期,2023
S0585,程序设计基础,第一学期,2023
S0585,数据结构,第一学期,2023
S0585,数据库原理,第二学期,2023
S0585,算法设计与分析,第二学期,2023
S0585,数据挖掘,第三学期,2023
S0585,人工智能导论,第三学期,2023
S0585,量子计算导论,第四学期,2023
S0585,大学物理,第五学期,2023
S0585,云计算,第五学期,2023
S0585,自然语言处理,第五学期,2023
S0586,高等数学,第一学期,2023
S0586,程序设计基础,第二学期,2023
S0586,计算机网络,第二学期,2023
S0586,大学物理,第三学期,2023
S0586,线性代数,第四学期,2023
S0586,数据结构,第四学期,2023
S0586,算法设计与分析,第四学期,2023
S0586,离散数学,第五学期,2023
S0586,区块链技术,第五学期,2023
S0586,大数据技术,第五学期,2023
S0587,程序设计基础,第一学期,2023
S0587,密码学基础,第一学期,2023
S0587,大数据技术,第一学期,2023
S0587,线性代数,第二学期,2023
S0587,嵌入式系统,第二学期,2023
S0587,信息安全,第三学期,2023
S0587,软件工程,第三学期,2023
S0587,操作系统,第四学期,2023
S0587,计算机视觉,第四学期,2023
S0587,概率论与数理统计,第五学期,2023
S0587,量子计算导论,第六学期,2023
S0587,离散数学,第六学期,2023
S0587,算法设计与分析,第一学期,2024
S0587,自动驾驶技术,第一学期,2024
S0587,云计算,第一学期,2024
S0588,计算机网络,第一学期,2023
S0588,高等数学,第一学期,2023
S0588,大学物理,第一学期,2023
S0588,计算机组成原理,第一学期,2023
S0588,线性代数,第二学期,2023
S0588,嵌入式系统,第二学期,2023
S0588,信息安全,第二学期,2023
S0588,云计算,第二学期,2023
S0588,大数据技术,第三学期,2023
S0588,计算机视觉,第四学期,2023
S0588,量子计算导论,第四学期,2023
S0588,数据库原理,第四学期,2023
S0588,软件工程,第四学期,2023
S0588,算法设计与分析,第五学期,2023
S0588,深度学习,第五学期,2023
S0589,计算机网络,第一学期,2023
S0589,程序设计基础,第一学期,2023
S0589,数据结构,第一学期,2023
S0589,算法设计与分析,第二学期,2023
S0589,深度学习,第二学期,2023
S0589,机器学习,第三学期,2023
S0589,自然语言处理,第三学期,2023
S0589,计算机视觉,第三学期,2023
S0589,自动驾驶技术,第三学期,2023
S0589,线性代数,第四学期,2023
S0589,密码学基础,第四学期,2023
S0589,云计算,第四学期,2023
S0589,软件工程,第四学期,2023
S0589,量子计算导论,第五学期,2023
S0589,计算机组成原理,第五学期,2023
S0590,程序设计基础,第一学期,2023
S0590,数据结构,第一学期,2023
S0590,高等数学,第二学期,2023
S0590,大学物理,第二学期,2023
S0590,数据库原理,第二学期,2023
S0590,计算机网络,第二学期,2023
S0590,算法设计与分析,第三学期,2023
S0590,大数据技术,第四学期,2023
S0590,软件工程,第四学期,2023
S0590,自然语言处理,第五学期,2023
S0590,数据挖掘,第五学期,2023
S0590,信息安全,第五学期,2023
S0590,深度学习,第五学期,2023
S0590,区块链技术,第六学期,2023
S0591,计算机网络,第一学期,2023
S0591,密码学基础,第二学期,2023
S0591,区块链技术,第二学期,2023
S0591,自然语言处理,第三学期,2023
S0591,操作系统,第三学期,2023
S0591,云计算,第三学期,2023
S0591,嵌入式系统,第四学期,2023
S0591,数据库原理,第四学期,2023
S0591,计算机组成原理,第四学期,2023
S0591,人工智能导论,第四学期,2023
S0591,软件工程,第五学期,2023
S0591,数据挖掘,第五学期,2023
S0591,数据结构,第五学期,2023
S0591,算法设计与分析,第五学期,2023
S0592,计算机网络,第一学期,2023
S0592,高等数学,第二学期,2023
S0592,数据库原理,第二学期,2023
S0592,强化学习,第三学期,2023
S0592,大数据技术,第三学期,2023
S0592,物联网技术,第四学期,2023
S0592,软件工程,第五学期,2023
S0592,人工智能导论,第五学期,2023
S0592,机器学习,第六学期,2023
S0593,程序设计基础,第一学期,2023
S0593,数据结构,第一学期,2023
S0593,算法设计与分析,第一学期,2023
S0593,云计算,第一学期,2023
S0593,软件工程,第二学期,2023
S0593,物联网技术,第三学期,2023
S0593,数据挖掘,第三学期,2023
S0593,量子计算导论,第四学期,2023
S0593,密码学基础,第四学期,2023
S0594,程序设计基础,第一学期,2023
S0594,数据结构,第一学期,2023
S0594,算法设计与分析,第二学期,2023
S0594,信息安全,第二学期,2023
S0594,密码学基础,第三学期,2023
S0594,嵌入式系统,第三学期,2023
S0594,计算机组成原理,第三学期,2023
S0594,软件工程,第四学期,2023
S0594,计算机视觉,第四学期,2023
S0594,自动驾驶技术,第四学期,2023
S0595,计算机网络,第一学期,2023
S0595,程序设计基础,第一学期,2023
S0595,深度学习,第一学期,2023
S0595,云计算,第二学期,2023
S0595,嵌入式系统,第二学期,2023
S0595,操作系统,第二学期,2023
S0595,数据挖掘,第二学期,2023
S0595,计算机组成原理,第三学期,2023
S0595,机器学习,第四学期,2023
S0595,数据库原理,第五学期,2023
S0596,高等数学,第一学期,2023
S0596,线性代数,第一学期,2023
S0596,计算机网络,第二学期,2023
S0596,离散数学,第三学期,2023
S0596,密码学基础,第三学期,2023
S0596,区块链技术,第四学期,2023
S0596,自然语言处理,第五学期,2023
S0596,云计算,第五学期,2023
S0596,数据结构,第五学期,2023
S0596,算法设计与分析,第六学期,2023
S0596,强化学习,第一学期,2024
S0596,自动驾驶技术,第一学期,2024
S0596,操作系统,第一学期,2024
S0596,软件工程,第一学期,2024
S0596,大数据技术,第二学期,2024
S0597,程序设计基础,第一学期,2023
S0597,信息安全,第一学期,2023
S0597,人工智能导论,第二学期,2023
S0597,物联网技术,第二学期,2023
S0597,软件工程,第二学期,2023
S0597,数据库原理,第二学期,2023
S0597,操作系统,第三学期,2023
S0597,云计算,第四学期,2023
S0597,深度学习,第四学期,2023
S0597,线性代数,第四学期,2023
S0597,自动驾驶技术,第四学期,2023
S0597,密码学基础,第五学期,2023
S0598,计算机网络,第一学期,2023
S0598,高等数学,第一学期,2023
S0598,离散数学,第一学期,2023
S0598,密码学基础,第二学期,2023
S0598,概率论与数理统计,第二学期,2023
S0598,区块链技术,第二学期,2023
S0598,人工智能导论,第二学期,2023
S0598,自然语言处理,第三学期,2023
S0598,量子计算导论,第三学期,2023
S0598,计算机组成原理,第三学期,2023
S0598,嵌入式系统,第三学期,2023
S0598,云计算,第四学期,2023
S0598,数据挖掘,第四学期,2023
S0599,计算机网络,第一学期,2023
S0599,高等数学,第一学期,2023
S0599,概率论与数理统计,第一学期,2023
S0599,大学物理,第一学期,2023
S0599,数据库原理,第二学期,2023
S0599,自动驾驶技术,第三学期,2023
S0599,数据挖掘,第四学期,2023
S0599,算法设计与分析,第五学期,2023
S0599,数据结构,第六学期,2023
S0599,区块链技术,第六学期,2023
S0599,机器学习,第六学期,2023
S0599,量子计算导论,第六学期,2023
S0599,操作系统,第一学期,2024
S0600,程序设计基础,第一学期,2023
S0600,数据结构,第一学期,2023
S0600,计算机网络,第一学期,2023
S0600,自动驾驶技术,第一学期,2023
S0600,机器学习,第二学期,2023
S0600,深度学习,第二学期,2023
S0600,云计算,第二学期,2023
S0600,大学物理,第二学期,2023
S0600,计算机组成原理,第三学期,2023
S0600,嵌入式系统,第三学期,2023
S0600,量子计算导论,第三学期,2023
S0600,线性代数,第三学期,2023
S0600,人工智能导论,第四学期,2023
S0601,程序设计基础,第一学期,2023
S0601,数据结构,第一学期,2023
S0601,数据库原理,第一学期,2023
S0601,算法设计与分析,第二学期,2023
S0601,概率论与数理统计,第二学期,2023
S0601,人工智能导论,第三学期,2023
S0601,离散数学,第三学期,2023
S0601,信息安全,第三学期,2023
S0601,深度学习,第三学期,2023
S0601,计算机视觉,第四学期,2023
S0601,自然语言处理,第四学期,2023
S0601,大数据技术,第四学期,2023
S0601,强化学习,第四学期,2023
S0601,大学物理,第五学期,2023
S0602,高等数学,第一学期,2023
S0602,大数据技术,第一学期,2023
S0602,自然语言处理,第一学期,2023
S0602,深度学习,第二学期,2023
S0602,物联网技术,第二学期,2023
S0602,自动驾驶技术,第三学期,2023
S0602,操作系统,第三学期,2023
S0602,嵌入式系统,第四学期,2023
S0602,计算机视觉,第四学期,2023
S0602,信息安全,第四学期,2023
S0602,人工智能导论,第四学期,2023
S0602,数据结构,第五学期,2023
S0602,强化学习,第五学期,2023
S0602,量子计算导论,第五学期,2023
S0603,高等数学,第一学期,2023
S0603,概率论与数理统计,第一学期,2023
S0603,区块链技术,第一学期,2023
S0603,计算机组成原理,第一学期,2023
S0603,操作系统,第二学期,2023
S0603,嵌入式系统,第二学期,2023
S0603,强化学习,第二学期,2023
S0603,人工智能导论,第三学期,2023
S0603,软件工程,第四学期,2023
S0603,大数据技术,第四学期,2023
S0603,数据挖掘,第四学期,2023
S0603,计算机视觉,第四学期,2023
S0604,高等数学,第一学期,2023
S0604,大学物理,第一学期,2023
S0604,物联网技术,第二学期,2023
S0604,软件工程,第三学期,2023
S0604,数据结构,第三学期,2023
S0604,数据库原理,第三学期,2023
S0604,算法设计与分析,第三学期,2023
S0604,人工智能导论,第四学期,2023
S0604,深度学习,第五学期,2023
S0605,计算机网络,第一学期,2023
S0605,高等数学,第一学期,2023
S0605,概率论与数理统计,第二学期,2023
S0605,嵌入式系统,第三学期,2023
S0605,计算机视觉,第三学期,2023
S0605,自然语言处理,第三学期,2023
S0605,人工智能导论,第三学期,2023
S0605,大数据技术,第四学期,2023
S0606,计算机网络,第一学期,2023
S0606,高等数学,第二学期,2023
S0606,离散数学,第三学期,2023
S0606,物联网技术,第四学期,2023
S0606,大数据技术,第四学期,2023
S0606,嵌入式系统,第五学期,2023
S0606,深度学习,第五学期,2023
S0606,区块链技术,第五学期,2023
S0606,操作系统,第六学期,2023
S0606,强化学习,第六学期,2023
S0606,自动驾驶技术,第六学期,2023
S0606,数据挖掘,第六学期,2023
S0607,计算机网络,第一学期,2023
S0607,操作系统,第一学期,2023
S0607,云计算,第一学期,2023
S0607,软件工程,第一学期,2023
S0607,计算机视觉,第二学期,2023
S0607,计算机组成原理,第三学期,2023
S0607,人工智能导论,第三学期,2023
S0607,线性代数,第三学期,2023
S0608,程序设计基础,第一学期,2023
S0608,数据结构,第一学期,2023
S0608,算法设计与分析,第一学期,2023
S0608,计算机网络,第一学期,2023
S0608,高等数学,第二学期,2023
S0608,大学物理,第二学期,2023
S0608,数据库原理,第二学期,2023
S0608,概率论与数理统计,第二学期,2023
S0608,人工智能导论,第三学期,2023
S0608,机器学习,第四学期,2023
S0608,强化学习,第四学期,2023
S0608,数据挖掘,第四学期,2023
S0608,操作系统,第四学期,2023
S0608,区块链技术,第五学期,2023
S0609,程序设计基础,第一学期,2023
S0609,数据结构,第一学期,2023
S0609,高等数学,第一学期,2023
S0609,大学物理,第一学期,2023
S0609,概率论与数理统计,第二学期,2023
S0609,人工智能导论,第二学期,2023
S0609,机器学习,第二学期,2023
S0609,数据挖掘,第二学期,2023
S0609,量子计算导论,第三学期,2023
S0609,操作系统,第四学期,2023
S0610,计算机网络,第一学期,2023
S0610,信息安全,第一学期,2023
S0610,操作系统,第一学期,2023
S0610,云计算,第一学期,2023
S0610,自动驾驶技术,第二学期,2023
S0610,大学物理,第二学期,2023
S0610,数据结构,第二学期,2023
S0610,量子计算导论,第二学期,2023
S0610,大数据技术,第三学期,2023
S0610,深度学习,第四学期,2023
S0610,数据挖掘,第四学期,2023
S0610,线性代数,第五学期,2023
S0611,计算机网络,第一学期,2023
S0611,数据库原理,第一学期,2023
S0611,云计算,第一学期,2023
S0611,软件工程,第一学期,2023
S0611,自然语言处理,第二学期,2023
S0611,计算机视觉,第二学期,2023
S0611,操作系统,第三学期,2023
S0611,信息安全,第三学期,2023
S0611,大数据技术,第三学期,2023
S0611,强化学习,第四学期,2023
S0612,程序设计基础,第一学期,2023
S0612,线性代数,第一学期,2023
S0612,计算机组成原理,第二学期,2023
S0612,自然语言处理,第二学期,2023
S0612,自动驾驶技术,第二学期,2023
S0612,大学物理,第三学期,2023
S0612,计算机视觉,第三学期,2023
S0612,深度学习,第三学期,2023
S0612,大数据技术,第三学期,2023
S0612,强化学习,第四学期,2023
S0612,软件工程,第四学期,2023
S0612,数据库原理,第四学期,2023
S0612,信息安全,第四学期,2023
S0612,机器学习,第五学期,2023
S0612,人工智能导论,第五学期,2023
S0613,程序设计基础,第一学期,2023
S0613,数据结构,第一学期,2023
S0613,数据库原理,第一学期,2023
S0613,算法设计与分析,第一学期,2023
S0613,量子计算导论,第二学期,2023
S0613,自然语言处理,第三学期,2023
S0613,计算机视觉,第三学期,2023
S0613,云计算,第三学期,2023
S0613,概率论与数理统计,第三学期,2023
S0613,自动驾驶技术,第四学期,2023
S0613,大数据技术,第五学期,2023
S0613,大学物理,第六学期,2023
S0613,深度学习,第一学期,2024
S0613,机器学习,第一学期,2024
S0613,强化学习,第一学期,2024
S0614,计算机网络,第一学期,2023
S0614,计算机组成原理,第一学期,2023
S0614,嵌入式系统,第一学期,2023
S0614,数据结构,第一学期,2023
S0614,算法设计与分析,第二学期,2023
S0614,数据库原理,第二学期,2023
S0614,密码学基础,第二学期,2023
S0614,概率论与数理统计,第二学期,2023
S0614,人工智能导论,第三学期,2023
S0614,云计算,第三学期,2023
S0614,信息安全,第三学期,2023
S0614,自动驾驶技术,第四学期,2023
S0614,量子计算导论,第四学期,2023
S0615,高等数学,第一学期,2023
S0615,程序设计基础,第二学期,2023
S0615,计算机网络,第二学期,2023
S0615,数据结构,第二学期,2023
S0615,自动驾驶技术,第二学期,2023
S0615,信息安全,第三学期,2023
S0615,嵌入式系统,第四学期,2023
S0615,量子计算导论,第五学期,2023
S0615,数据挖掘,第六学期,2023
S0615,强化学习,第一学期,2024
S0615,计算机视觉,第一学期,2024
S0615,云计算,第一学期,2024
S0616,高等数学,第一学期,2023
S0616,大学物理,第二学期,2023
S0616,计算机组成原理,第二学期,2023
S0616,嵌入式系统,第三学期,2023
S0616,操作系统,第四学期,2023
S0616,区块链技术,第四学期,2023
S0616,信息安全,第四学期,2023
S0616,量子计算导论,第四学期,2023
S0616,机器学习,第五学期,2023
S0616,数据结构,第五学期,2023
S0616,算法设计与分析,第五学期,2023
S0616,软件工程,第六学期,2023
S0616,数据挖掘,第六学期,2023
S0616,大数据技术,第六学期,2023
S0617,程序设计基础,第一学期,2023
S0617,概率论与数理统计,第二学期,2023
S0617,计算机视觉,第三学期,2023
S0617,强化学习,第三学期,2023
S0617,软件工程,第四学期,2023
S0617,计算机组成原理,第四学期,2023
S0617,数据库原理,第四学期,2023
S0617,大数据技术,第四学期,2023
S0617,算法设计与分析,第五学期,2023
S0617,自然语言处理,第五学期,2023
S0617,人工智能导论,第五学期,2023
S0617,密码学基础,第五学期,2023
S0617,线性代数,第六学期,2023
S0618,自动驾驶技术,第一学期,2023
S0618,密码学基础,第二学期,2023
S0618,嵌入式系统,第二学期,2023
S0618,软件工程,第二学期,2023
S0618,计算机视觉,第二学期,2023
S0618,人工智能导论,第三学期,2023
S0618,计算机组成原理,第三学期,2023
S0618,离散数学,第四学期,2023
S0618,大学物理,第四学期,2023
S0619,高等数学,第一学期,2023
S0619,大学物理,第二学期,2023
S0619,线性代数,第二学期,2023
S0619,大数据技术,第二学期,2023
S0619,操作系统,第三学期,2023
S0619,自然语言处理,第四学期,2023
S0619,数据库原理,第四学期,2023
S0619,密码学基础,第四学期,2023
S0619,信息安全,第五学期,2023
S0620,大学物理,第一学期,2023
S0620,计算机组成原理,第二学期,2023
S0620,嵌入式系统,第二学期,2023
S0620,物联网技术,第二学期,2023
S0620,数据库原理,第三学期,2023
S0620,数据挖掘,第三学期,2023
S0620,自然语言处理,第三学期,2023
S0620,线性代数,第三学期,2023
S0620,自动驾驶技术,第四学期,2023
S0620,算法设计与分析,第四学期,2023
S0620,深度学习,第五学期,2023
S0621,密码学基础,第一学期,2023
S0621,操作系统,第一学期,2023
S0621,概率论与数理统计,第一学期,2023
S0621,人工智能导论,第二学期,2023
S0621,计算机组成原理,第二学期,2023
S0621,自动驾驶技术,第二学期,2023
S0621,强化学习,第三学期,2023
S0621,数据库原理,第四学期,2023
S0621,线性代数,第四学期,2023
S0621,算法设计与分析,第四学期,2023
S0622,高等数学,第一学期,2023
S0622,程序设计基础,第一学期,2023
S0622,计算机网络,第一学期,2023
S0622,大学物理,第二学期,2023
S0622,算法设计与分析,第二学期,2023
S0622,区块链技术,第三学期,2023
S0622,强化学习,第三学期,2023
S0622,自然语言处理,第四学期,2023
S0622,深度学习,第四学期,2023
S0622,数据库原理,第四学期,2023
S0622,密码学基础,第四学期,2023
S0622,机器学习,第五学期,2023
S0623,计算机网络,第一学期,2023
S0623,数据结构,第一学期,2023
S0623,计算机视觉,第一学期,2023
S0623,操作系统,第二学期,2023
S0623,软件工程,第二学期,2023
S0623,嵌入式系统,第二学期,2023
S0623,自然语言处理,第三学期,2023
S0623,机器学习,第四学期,2023
S0623,深度学习,第四学期,2023
S0623,大数据技术,第五学期,2023
S0623,大学物理,第五学期,2023
S0624,计算机网络,第一学期,2023
S0624,软件工程,第一学期,2023
S0624,数据结构,第一学期,2023
S0624,算法设计与分析,第一学期,2023
S0624,物联网技术,第二学期,2023
S0624,计算机视觉,第二学期,2023
S0624,密码学基础,第二学期,2023
S0624,区块链技术,第二学期,2023
S0624,自然语言处理,第三学期,2023
S0624,信息安全,第三学期,2023
S0624,云计算,第三学期,2023
S0624,大学物理,第三学期,2023
S0624,深度学习,第四学期,2023
S0624,大数据技术,第四学期,2023
S0624,数据挖掘,第四学期,2023
S0625,高等数学,第一学期,2023
S0625,大学物理,第一学期,2023
S0625,离散数学,第一学期,2023
S0625,算法设计与分析,第一学期,2023
S0625,数据库原理,第二学期,2023
S0625,软件工程,第二学期,2023
S0625,自动驾驶技术,第二学期,2023
S0625,物联网技术,第二学期,2023
S0625,信息安全,第三学期,2023
S0625,强化学习,第四学期,2023
S0625,人工智能导论,第四学期,2023
S0625,量子计算导论,第四学期,2023
S0625,云计算,第四学期,2023
S0625,嵌入式系统,第五学期,2023
S0625,深度学习,第六学期,2023
S0626,自动驾驶技术,第一学期,2023
S0626,大学物理,第一学期,2023
S0626,量子计算导论,第一学期,2023
S0626,线性代数,第一学期,2023
S0626,物联网技术,第二学期,2023
S0626,强化学习,第二学期,2023
S0626,信息安全,第二学期,2023
S0626,机器学习,第二学期,2023
S0626,自然语言处理,第三学期,2023
S0626,计算机视觉,第三学期,2023
S0626,软件工程,第三学期,2023
S0626,大数据技术,第三学期,2023
S0626,概率论与数理统计,第四学期,2023
S0626,云计算,第四学期,2023
S0626,区块链技术,第五学期,2023
S0627,计算机网络,第一学期,2023
S0627,高等数学,第一学期,2023
S0627,线性代数,第二学期,2023
S0627,离散数学,第三学期,2023
S0627,概率论与数理统计,第三学期,2023
S0627,密码学基础,第四学期,2023
S0627,区块链技术,第四学期,2023
S0627,计算机视觉,第四学期,2023
S0627,软件工程,第五学期,2023
S0627,计算机组成原理,第六学期,2023
S0627,嵌入式系统,第六学期,2023
S0627,算法设计与分析,第六学期,2023
S0627,数据结构,第六学期,2023
S0627,人工智能导论,第一学期,2024
S0627,数据挖掘,第一学期,2024
S0628,计算机网络,第一学期,2023
S0628,程序设计基础,第一学期,2023
S0628,物联网技术,第一学期,2023
S0628,量子计算导论,第二学期,2023
S0628,自然语言处理,第二学期,2023
S0628,计算机组成原理,第三学期,2023
S0628,算法设计与分析,第三学期,2023
S0628,线性代数,第三学期,2023
S0628,大数据技术,第四学期,2023
S0628,自动驾驶技术,第四学期,2023
S0628,数据库原理,第四学期,2023
S0628,概率论与数理统计,第五学期,2023
S0628,密码学基础,第五学期,2023
S0629,大学物理,第一学期,2023
S0629,计算机组成原理,第二学期,2023
S0629,嵌入式系统,第二学期,2023
S0629,操作系统,第二学期,2023
S0629,大数据技术,第二学期,2023
S0629,区块链技术,第三学期,2023
S0629,线性代数,第四学期,2023
S0629,数据挖掘,第四学期,2023
S0629,自动驾驶技术,第五学期,2023
S0629,算法设计与分析,第五学期,2023
S0629,概率论与数理统计,第五学期,2023
S0629,人工智能导论,第六学期,2023
S0630,计算机网络,第一学期,2023
S0630,计算机视觉,第二学期,2023
S0630,区块链技术,第二学期,2023
S0630,算法设计与分析,第二学期,2023
S0630,计算机组成原理,第二学期,2023
S0630,操作系统,第三学期,2023
S0630,数据挖掘,第四学期,2023
S0630,密码学基础,第四学期,2023
S0630,数据库原理,第五学期,2023
S0630,强化学习,第五学期,2023
S0630,概率论与数理统计,第六学期,2023
S0631,高等数学,第一学期,2023
S0631,概率论与数理统计,第一学期,2023
S0631,大学物理,第一学期,2023
S0631,计算机网络,第二学期,2023
S0631,线性代数,第三学期,2023
S0631,嵌入式系统,第四学期,2023
S0631,云计算,第四学期,2023
S0631,密码学基础,第四学期,2023
S0631,数据挖掘,第四学期,2023
S0632,计算机网络,第一学期,2023
S0632,计算机组成原理,第二学期,2023
S0632,嵌入式系统,第三学期,2023
S0632,物联网技术,第四学期,2023
S0632,数据挖掘,第四学期,2023
S0632,云计算,第五学期,2023
S0632,离散数学,第五学期,2023
S0632,大数据技术,第五学期,2023
S0632,区块链技术,第六学期,2023
S0632,线性代数,第一学期,2024
S0633,计算机网络,第一学期,2023
S0633,高等数学,第二学期,2023
S0633,离散数学,第二学期,2023
S0633,大学物理,第二学期,2023
S0633,深度学习,第二学期,2023
S0633,机器学习,第三学期,2023
S0633,信息安全,第三学期,2023
S0633,人工智能导论,第三学期,2023
S0633,数据结构,第四学期,2023
S0633,数据库原理,第四学期,2023
S0634,程序设计基础,第一学期,2023
S0634,高等数学,第一学期,2023
S0634,线性代数,第二学期,2023
S0634,概率论与数理统计,第二学期,2023
S0634,物联网技术,第三学期,2023
S0634,自然语言处理,第三学期,2023
S0634,自动驾驶技术,第三学期,2023
S0634,人工智能导论,第三学期,2023
S0634,信息安全,第四学期,2023
S0634,云计算,第四学期,2023
S0634,数据库原理,第四学期,2023
S0635,程序设计基础,第一学期,2023
S0635,高等数学,第一学期,2023
S0635,大学物理,第一学期,2023
S0635,离散数学,第一学期,2023
S0635,密码学基础,第二学期,2023
S0635,线性代数,第三学期,2023
S0635,数据库原理,第三学期,2023
S0635,云计算,第三学期,2023
S0635,算法设计与分析,第三学期,2023
S0635,深度学习,第四学期,2023
S0635,机器学习,第四学期,2023
S0635,计算机视觉,第四学期,2023
S0635,自动驾驶技术,第四学期,2023
S0635,区块链技术,第五学期,2023
S0636,高等数学,第一学期,2023
S0636,软件工程,第一学期,2023
S0636,自动驾驶技术,第二学期,2023
S0636,自然语言处理,第二学期,2023
S0636,大数据技术,第三学期,2023
S0636,物联网技术,第三学期,2023
S0636,数据结构,第四学期,2023
S0636,数据挖掘,第四学期,2023
S0636,强化学习,第四学期,2023
S0637,程序设计基础,第一学期,2023
S0637,数据结构,第一学期,2023
S0637,算法设计与分析,第一学期,2023
S0637,数据库原理,第一学期,2023
S0637,物联网技术,第二学期,2023
S0637,深度学习,第三学期,2023
S0637,线性代数,第四学期,2023
S0637,操作系统,第四学期,2023
S0637,大数据技术,第五学期,2023
S0637,概率论与数理统计,第五学期,2023
S0637,强化学习,第五学期,2023
S0637,计算机视觉,第六学期,2023
S0637,信息安全,第一学期,2024
S0638,信息安全,第一学期,2023
S0638,密码学基础,第一学期,2023
S0638,操作系统,第一学期,2023
S0638,软件工程,第一学期,2023
S0638,机器学习,第二学期,2023
S0638,量子计算导论,第二学期,2023
S0638,数据结构,第二学期,2023
S0638,计算机组成原理,第二学期,2023
S0639,高等数学,第一学期,2023
S0639,大学物理,第一学期,2023
S0639,概率论与数理统计,第一学期,2023
S0639,区块链技术,第一学期,2023
S0639,机器学习,第二学期,2023
S0639,自然语言处理,第二学期,2023
S0639,强化学习,第二学期,2023
S0639,大数据技术,第三学期,2023
S0639,数据挖掘,第三学期,2023
S0639,云计算,第三学期,2023
S0639,量子计算导论,第三学期,2023
S0639,人工智能导论,第四学期,2023
S0640,高等数学,第一学期,2023
S0640,离散数学,第一学期,2023
S0640,大学物理,第二学期,2023
S0640,线性代数,第二学期,2023
S0640,密码学基础,第三学期,2023
S0640,自然语言处理,第三学期,2023
S0640,操作系统,第四学期,2023
S0640,量子计算导论,第四学期,2023
S0640,物联网技术,第四学期,2023
S0640,机器学习,第四学期,2023
S0640,计算机视觉,第五学期,2023
S0641,计算机网络,第一学期,2023
S0641,计算机视觉,第一学期,2023
S0641,算法设计与分析,第二学期,2023
S0641,大学物理,第二学期,2023
S0641,量子计算导论,第二学期,2023
S0641,概率论与数理统计,第三学期,2023
S0641,数据库原理,第三学期,2023
S0641,自然语言处理,第三学期,2023
S0641,数据结构,第三学期,2023
S0641,物联网技术,第四学期,2023
S0641,自动驾驶技术,第四学期,2023
S0642,程序设计基础,第一学期,2023
S0642,计算机网络,第一学期,2023
S0642,高等数学,第一学期,2023
S0642,数据结构,第一学期,2023
S0642,离散数学,第二学期,2023
S0642,自动驾驶技术,第二学期,2023
S0642,数据挖掘,第三学期,2023
S0642,信息安全,第三学期,2023
S0642,人工智能导论,第三学期,2023
S0642,软件工程,第三学期,2023
S0642,物联网技术,第四学期,2023
S0642,机器学习,第四学期,2023
S0642,计算机组成原理,第四学期,2023
S0642,区块链技术,第五学期,2023
S0643,程序设计基础,第一学期,2023
S0643,数据结构,第一学期,2023
S0643,算法设计与分析,第一学期,2023
S0643,嵌入式系统,第二学期,2023
S0643,线性代数,第三学期,2023
S0643,强化学习,第三学期,2023
S0643,区块链技术,第三学期,2023
S0643,信息安全,第四学期,2023
S0643,机器学习,第五学期,2023
S0643,软件工程,第六学期,2023
S0643,计算机组成原理,第六学期,2023
S0643,数据挖掘,第一学期,2024
S0644,高等数学,第一学期,2023
S0644,程序设计基础,第一学期,2023
S0644,数据结构,第一学期,2023
S0644,数据库原理,第二学期,2023
S0644,离散数学,第二学期,2023
S0644,区块链技术,第二学期,2023
S0644,自动驾驶技术,第二学期,2023
S0644,人工智能导论,第三学期,2023
S0644,软件工程,第三学期,2023
S0645,程序设计基础,第一学期,2023
S0645,数据结构,第二学期,2023
S0645,算法设计与分析,第二学期,2023
S0645,计算机网络,第二学期,2023
S0645,数据库原理,第三学期,2023
S0645,计算机视觉,第三学期,2023
S0645,软件工程,第三学期,2023
S0645,大学物理,第三学期,2023
S0645,操作系统,第四学期,2023
S0645,区块链技术,第四学期,2023
S0645,线性代数,第四学期,2023
S0645,密码学基础,第五学期,2023
S0645,深度学习,第六学期,2023
S0645,概率论与数理统计,第一学期,2024
S0646,程序设计基础,第一学期,2023
S0646,高等数学,第二学期,2023
S0646,计算机网络,第三学期,2023
S0646,线性代数,第三学期,2023
S0646,数据结构,第四学期,2023
S0646,操作系统,第四学期,2023
S0646,数据挖掘,第四学期,2023
S0646,强化学习,第四学期,2023
S0646,嵌入式系统,第五学期,2023
S0646,大数据技术,第五学期,2023
S0647,计算机网络,第一学期,2023
S0647,密码学基础,第二学期,2023
S0647,人工智能导论,第二学期,2023
S0647,大数据技术,第二学期,2023
S0647,计算机视觉,第二学期,2023
S0647,自然语言处理,第三学期,2023
S0647,数据挖掘,第三学期,2023
S0647,机器学习,第四学期,2023
S0647,自动驾驶技术,第四学期,2023
S0647,数据结构,第四学期,2023
S0647,数据库原理,第五学期,2023
S0647,物联网技术,第六学期,2023
S0647,云计算,第六学期,2023
S0648,程序设计基础,第一学期,2023
S0648,数据结构,第一学期,2023
S0648,计算机网络,第一学期,2023
S0648,区块链技术,第二学期,2023
S0648,人工智能导论,第二学期,2023
S0648,自然语言处理,第二学期,2023
S0648,线性代数,第三学期,2023
S0648,嵌入式系统,第三学期,2023
S0648,强化学习,第三学期,2023
S0648,自动驾驶技术,第三学期,2023
S0648,数据挖掘,第四学期,2023
S0648,大学物理,第四学期,2023
S0649,高等数学,第一学期,2023
S0649,大学物理,第一学期,2023
S0649,操作系统,第二学期,2023
S0649,深度学习,第二学期,2023
S0649,强化学习,第二学期,2023
S0649,数据挖掘,第二学期,2023
S0649,软件工程,第三学期,2023
S0649,自然语言处理,第三学期,2023
S0649,算法设计与分析,第四学期,2023
S0650,高等数学,第一学期,2023
S0650,线性代数,第二学期,2023
S0650,大学物理,第二学期,2023
S0650,计算机网络,第三学期,2023
S0650,区块链技术,第四学期,2023
S0650,自然语言处理,第四学期,2023
S0650,云计算,第五学期,2023
S0650,软件工程,第五学期,2023
S0650,算法设计与分析,第五学期,2023
S0650,大数据技术,第六学期,2023
S0650,数据挖掘,第六学期,2023
S0650,数据结构,第一学期,2024
S0651,高等数学,第一学期,2023
S0651,程序设计基础,第二学期,2023
S0651,深度学习,第二学期,2023
S0651,算法设计与分析,第三学期,2023
S0651,操作系统,第三学期,2023
S0651,物联网技术,第三学期,2023
S0651,区块链技术,第三学期,2023
S0651,强化学习,第四学期,2023
S0652,高等数学,第一学期,2023
S0652,线性代数,第二学期,2023
S0652,强化学习,第二学期,2023
S0652,嵌入式系统,第二学期,2023
S0652,信息安全,第二学期,2023
S0652,算法设计与分析,第三学期,2023
S0652,区块链技术,第四学期,2023
S0652,数据库原理,第五学期,2023
S0652,自然语言处理,第五学期,2023
S0652,操作系统,第五学期,2023
S0652,自动驾驶技术,第五学期,2023
S0652,量子计算导论,第六学期,2023
S0652,软件工程,第六学期,2023
S0653,高等数学,第一学期,2023
S0653,大学物理,第一学期,2023
S0653,概率论与数理统计,第一学期,2023
S0653,计算机视觉,第二学期,2023
S0653,操作系统,第二学期,2023
S0653,强化学习,第二学期,2023
S0653,密码学基础,第三学期,2023
S0653,算法设计与分析,第三学期,2023
S0653,信息安全,第三学期,2023
S0653,大数据技术,第三学期,2023
S0653,人工智能导论,第四学期,2023
S0653,软件工程,第四学期,2023
S0653,自然语言处理,第四学期,2023
S0653,物联网技术,第四学期,2023
S0654,高等数学,第一学期,2023
S0654,操作系统,第二学期,2023
S0654,数据挖掘,第二学期,2023
S0654,计算机组成原理,第二学期,2023
S0654,嵌入式系统,第二学期,2023
S0654,算法设计与分析,第三学期,2023
S0654,人工智能导论,第三学期,2023
S0654,计算机视觉,第四学期,2023
S0654,密码学基础,第四学期,2023
S0655,计算机网络,第一学期,2023
S0655,机器学习,第一学期,2023
S0655,计算机视觉,第一学期,2023
S0655,云计算,第一学期,2023
S0655,概率论与数理统计,第二学期,2023
S0655,算法设计与分析,第二学期,2023
S0655,人工智能导论,第二学期,2023
S0655,操作系统,第三学期,2023
S0656,高等数学,第一学期,2023
S0656,大学物理,第一学期,2023
S0656,概率论与数理统计,第二学期,2023
S0656,计算机网络,第二学期,2023
S0656,计算机组成原理,第三学期,2023
S0656,操作系统,第三学期,2023
S0656,信息安全,第三学期,2023
S0656,自动驾驶技术,第三学期,2023
S0656,数据结构,第四学期,2023
S0656,密码学基础,第五学期,2023
S0656,大数据技术,第五学期,2023
S0656,量子计算导论,第五学期,2023
S0656,自然语言处理,第六学期,2023
S0657,高等数学,第一学期,2023
S0657,计算机网络,第二学期,2023
S0657,信息安全,第二学期,2023
S0657,算法设计与分析,第二学期,2023
S0657,云计算,第二学期,2023
S0657,操作系统,第三学期,2023
S0657,自动驾驶技术,第三学期,2023
S0657,计算机组成原理,第三学期,2023
S0658,计算机网络,第一学期,2023
S0658,高等数学,第一学期,2023
S0658,机器学习,第二学期,2023
S0658,计算机视觉,第三学期,2023
S0658,深度学习,第四学期,2023
S0658,计算机组成原理,第四学期,2023
S0658,操作系统,第五学期,2023
S0658,信息安全,第五学期,2023
S0658,算法设计与分析,第五学期,2023
S0659,程序设计基础,第一学期,2023
S0659,计算机网络,第一学期,2023
S0659,高等数学,第一学期,2023
S0659,概率论与数理统计,第一学期,2023
S0659,线性代数,第二学期,2023
S0659,机器学习,第二学期,2023
S0659,强化学习,第三学期,2023
S0659,软件工程,第三学期,2023
S0660,程序设计基础,第一学期,2023
S0660,计算机网络,第二学期,2023
S0660,高等数学,第三学期,2023
S0660,离散数学,第三学期,2023
S0660,大学物理,第三学期,2023
S0660,数据结构,第三学期,2023
S0660,密码学基础,第四学期,2023
S0660,算法设计与分析,第四学期,2023
S0660,嵌入式系统,第四学期,2023
S0660,机器学习,第四学期,2023
S0660,计算机视觉,第五学期,2023
S0660,软件工程,第五学期,2023
S0660,量子计算导论,第五学期,2023
S0661,计算机网络,第一学期,2023
S0661,人工智能导论,第一学期,2023
S0661,自然语言处理,第一学期,2023
S0661,线性代数,第一学期,2023
S0661,云计算,第二学期,2023
S0661,区块链技术,第二学期,2023
S0661,机器学习,第三学期,2023
S0661,算法设计与分析,第四学期,2023
S0661,离散数学,第五学期,2023
S0661,软件工程,第五学期,2023
S0661,计算机组成原理,第五学期,2023
S0661,嵌入式系统,第六学期,2023
S0661,数据库原理,第六学期,2023
S0661,信息安全,第六学期,2023
S0662,计算机网络,第一学期,2023
S0662,区块链技术,第一学期,2023
S0662,人工智能导论,第二学期,2023
S0662,信息安全,第三学期,2023
S0662,大学物理,第三学期,2023
S0662,操作系统,第三学期,2023
S0662,云计算,第三学期,2023
S0662,线性代数,第四学期,2023
S0663,计算机网络,第一学期,2023
S0663,程序设计基础,第二学期,2023
S0663,高等数学,第二学期,2023
S0663,线性代数,第二学期,2023
S0663,数据库原理,第二学期,2023
S0663,物联网技术,第三学期,2023
S0663,云计算,第三学期,2023
S0663,软件工程,第三学期,2023
S0663,自然语言处理,第四学期,2023
S0663,嵌入式系统,第四学期,2023
S0663,强化学习,第四学期,2023
S0664,高等数学,第一学期,2023
S0664,离散数学,第一学期,2023
S0664,大学物理,第二学期,2023
S0664,计算机组成原理,第二学期,2023
S0664,嵌入式系统,第二学期,2023
S0664,概率论与数理统计,第二学期,2023
S0664,自然语言处理,第三学期,2023
S0664,人工智能导论,第三学期,2023
S0664,量子计算导论,第四学期,2023
S0664,数据挖掘,第四学期,2023
S0664,信息安全,第四学期,2023
S0664,大数据技术,第四学期,2023
S0664,数据结构,第五学期,2023
S0664,云计算,第五学期,2023
S0665,高等数学,第一学期,2023
S0665,计算机网络,第一学期,2023
S0665,线性代数,第一学期,2023
S0665,强化学习,第一学期,2023
S0665,数据库原理,第二学期,2023
S0665,云计算,第二学期,2023
S0665,密码学基础,第三学期,2023
S0665,计算机视觉,第四学期,2023
S0665,自然语言处理,第四学期,2023
S0665,深度学习,第五学期,2023
S0665,软件工程,第六学期,2023
S0666,计算机网络,第一学期,2023
S0666,程序设计基础,第一学期,2023
S0666,高等数学,第一学期,2023
S0666,大学物理,第二学期,2023
S0666,离散数学,第三学期,2023
S0666,云计算,第三学期,2023
S0666,数据库原理,第四学期,2023
S0666,人工智能导论,第四学期,2023
S0666,嵌入式系统,第四学期,2023
S0666,物联网技术,第四学期,2023
S0666,软件工程,第五学期,2023
S0666,算法设计与分析,第五学期,2023
S0666,大数据技术,第五学期,2023
S0667,程序设计基础,第一学期,2023
S0667,高等数学,第一学期,2023
S0667,计算机网络,第二学期,2023
S0667,机器学习,第二学期,2023
S0667,深度学习,第三学期,2023
S0667,嵌入式系统,第四学期,2023
S0667,自动驾驶技术,第五学期,2023
S0667,信息安全,第五学期,2023
S0667,计算机组成原理,第五学期,2023
S0667,数据库原理,第五学期,2023
S0668,计算机网络,第一学期,2023
S0668,程序设计基础,第一学期,2023
S0668,强化学习,第一学期,2023
S0668,概率论与数理统计,第一学期,2023
S0668,算法设计与分析,第二学期,2023
S0668,自动驾驶技术,第三学期,2023
S0668,嵌入式系统,第三学期,2023
S0668,物联网技术,第三学期,2023
S0668,信息安全,第三学期,2023
S0668,人工智能导论,第四学期,2023
S0668,大学物理,第五学期,2023
S0668,计算机组成原理,第五学期,2023
S0668,云计算,第五学期,2023
S0668,线性代数,第六学期,2023
S0668,数据库原理,第一学期,2024
S0669,线性代数,第一学期,2023
S0669,数据库原理,第二学期,2023
S0669,人工智能导论,第二学期,2023
S0669,数据结构,第二学期,2023
S0669,算法设计与分析,第二学期,2023
S0669,物联网技术,第三学期,2023
S0669,概率论与数理统计,第三学期,2023
S0669,信息安全,第三学期,2023
S0669,大学物理,第三学期,2023
S0669,离散数学,第四学期,2023
S0670,计算机网络,第一学期,2023
S0670,高等数学,第二学期,2023
S0670,概率论与数理统计,第二学期,2023
S0670,离散数学,第二学期,2023
S0670,线性代数,第二学期,2023
S0670,量子计算导论,第三学期,2023
S0670,数据库原理,第三学期,2023
S0670,操作系统,第三学期,2023
S0670,强化学习,第三学期,2023
S0670,计算机视觉,第四学期,2023
S0670,自动驾驶技术,第四学期,2023
S0670,区块链技术,第五学期,2023
S0671,高等数学,第一学期,2023
S0671,计算机网络,第一学期,2023
S0671,概率论与数理统计,第一学期,2023
S0671,区块链技术,第二学期,2023
S0671,机器学习,第二学期,2023
S0671,自然语言处理,第二学期,2023
S0671,强化学习,第二学期,2023
S0671,大数据技术,第三学期,2023
S0671,软件工程,第三学期,2023
S0671,计算机组成原理,第三学期,2023
S0671,嵌入式系统,第三学期,2023
S0671,物联网技术,第四学期,2023
S0671,密码学基础,第四学期,2023
S0671,人工智能导论,第四学期,2023
S0672,计算机网络,第一学期,2023
S0672,数据库原理,第二学期,2023
S0672,人工智能导论,第二学期,2023
S0672,概率论与数理统计,第二学期,2023
S0672,操作系统,第二学期,2023
S0672,自动驾驶技术,第三学期,2023
S0672,深度学习,第三学期,2023
S0672,线性代数,第三学期,2023
S0672,自然语言处理,第三学期,2023
S0672,大学物理,第四学期,2023
S0672,计算机组成原理,第五学期,2023
S0672,嵌入式系统,第六学期,2023
S0672,数据挖掘,第六学期,2023
S0673,程序设计基础,第一学期,2023
S0673,计算机网络,第一学期,2023
S0673,高等数学,第一学期,2023
S0673,数据库原理,第一学期,2023
S0673,物联网技术,第二学期,2023
S0673,自然语言处理,第三学期,2023
S0673,数据挖掘,第四学期,2023
S0673,大数据技术,第四学期,2023
S0674,程序设计基础,第一学期,2023
S0674,高等数学,第二学期,2023
S0674,概率论与数理统计,第三学期,2023
S0674,深度学习,第三学期,2023
S0674,机器学习,第四学期,2023
S0674,强化学习,第四学期,2023
S0674,算法设计与分析,第四学期,2023
S0674,密码学基础,第四学期,2023
S0674,软件工程,第五学期,2023
S0674,区块链技术,第六学期,2023
S0674,人工智能导论,第六学期,2023
S0674,操作系统,第一学期,2024
S0674,嵌入式系统,第二学期,2024
S0674,计算机组成原理,第二学期,2024
S0675,程序设计基础,第一学期,2023
S0675,操作系统,第一学期,2023
S0675,深度学习,第一学期,2023
S0675,数据挖掘,第一学期,2023
S0675,软件工程,第二学期,2023
S0675,自然语言处理,第三学期,2023
S0675,云计算,第四学期,2023
S0675,计算机组成原理,第五学期,2023
S0675,嵌入式系统,第五学期,2023
S0675,概率论与数理统计,第五学期,2023
S0675,离散数学,第五学期,2023
S0675,计算机视觉,第六学期,2023
S0675,算法设计与分析,第六学期,2023
S0675,区块链技术,第六学期,2023
S0676,程序设计基础,第一学期,2023
S0676,数据结构,第二学期,2023
S0676,算法设计与分析,第三学期,2023
S0676,数据库原理,第三学期,2023
S0676,物联网技术,第四学期,2023
S0676,数据挖掘,第四学期,2023
S0676,计算机组成原理,第四学期,2023
S0676,操作系统,第五学期,2023
S0676,软件工程,第五学期,2023
S0676,密码学基础,第五学期,2023
S0676,自然语言处理,第六学期,2023
S0676,离散数学,第一学期,2024
S0676,云计算,第一学期,2024
S0677,软件工程,第一学期,2023
S0677,数据挖掘,第一学期,2023
S0677,离散数学,第二学期,2023
S0677,云计算,第三学期,2023
S0677,大数据技术,第四学期,2023
S0677,物联网技术,第四学期,2023
S0677,深度学习,第四学期,2023
S0677,信息安全,第五学期,2023
S0677,嵌入式系统,第五学期,2023
S0677,机器学习,第六学期,2023
S0677,线性代数,第六学期,2023
S0677,操作系统,第六学期,2023
S0677,区块链技术,第六学期,2023
S0678,计算机网络,第一学期,2023
S0678,程序设计基础,第一学期,2023
S0678,操作系统,第二学期,2023
S0678,信息安全,第二学期,2023
S0678,云计算,第二学期,2023
S0678,概率论与数理统计,第二学期,2023
S0678,离散数学,第三学期,2023
S0678,计算机视觉,第三学期,2023
S0678,计算机组成原理,第三学期,2023
S0678,嵌入式系统,第四学期,2023
S0678,数据库原理,第五学期,2023
S0679,高等数学,第一学期,2023
S0679,线性代数,第一学期,2023
S0679,离散数学,第二学期,2023
S0679,计算机网络,第三学期,2023
S0679,概率论与数理统计,第三学期,2023
S0679,量子计算导论,第三学期,2023
S0679,数据库原理,第三学期,2023
S0679,数据挖掘,第四学期,2023
S0679,数据结构,第四学期,2023
S0679,人工智能导论,第五学期,2023
S0679,强化学习,第五学期,2023
S0679,操作系统,第五学期,2023
S0679,信息安全,第六学期,2023
S0680,高等数学,第一学期,2023
S0680,离散数学,第一学期,2023
S0680,计算机视觉,第二学期,2023
S0680,云计算,第三学期,2023
S0680,算法设计与分析,第四学期,2023
S0680,区块链技术,第四学期,2023
S0680,嵌入式系统,第四学期,2023
S0680,信息安全,第四学期,2023
S0680,自动驾驶技术,第五学期,2023
S0680,物联网技术,第六学期,2023
S0680,量子计算导论,第六学期,2023
S0680,强化学习,第六学期,2023
S0680,机器学习,第一学期,2024
S0680,深度学习,第二学期,2024
S0680,大数据技术,第三学期,2024
S0681,程序设计基础,第一学期,2023
S0681,软件工程,第一学期,2023
S0681,线性代数,第一学期,2023
S0681,计算机组成原理,第二学期,2023
S0681,嵌入式系统,第二学期,2023
S0681,大数据技术,第二学期,2023
S0681,深度学习,第二学期,2023
S0681,数据库原理,第三学期,2023
S0681,机器学习,第四学期,2023
S0681,大学物理,第四学期,2023
S0681,算法设计与分析,第四学期,2023
S0681,离散数学,第四学期,2023
S0682,计算机网络,第一学期,2023
S0682,高等数学,第二学期,2023
S0682,离散数学,第三学期,2023
S0682,密码学基础,第三学期,2023
S0682,区块链技术,第三学期,2023
S0682,程序设计基础,第四学期,2023
S0682,数据结构,第四学期,2023
S0682,算法设计与分析,第四学期,2023
S0682,深度学习,第五学期,2023
S0682,软件工程,第五学期,2023
S0682,机器学习,第六学期,2023
S0682,人工智能导论,第一学期,2024
S0682,嵌入式系统,第一学期,2024
S0682,物联网技术,第一学期,2024
S0682,信息安全,第一学期,2024
S0683,操作系统,第一学期,2023
S0683,数据结构,第一学期,2023
S0683,软件工程,第一学期,2023
S0683,自动驾驶技术,第一学期,2023
S0683,计算机组成原理,第二学期,2023
S0683,自然语言处理,第二学期,2023
S0683,大学物理,第二学期,2023
S0683,云计算,第二学期,2023
S0683,数据挖掘,第三学期,2023
S0683,计算机视觉,第三学期,2023
S0683,强化学习,第三学期,2023
S0684,程序设计基础,第一学期,2023
S0684,物联网技术,第一学期,2023
S0684,信息安全,第一学期,2023
S0684,密码学基础,第一学期,2023
S0684,嵌入式系统,第二学期,2023
S0684,大数据技术,第二学期,2023
S0684,线性代数,第三学期,2023
S0684,自然语言处理,第四学期,2023
S0684,机器学习,第五学期,2023
S0684,计算机视觉,第五学期,2023
S0684,自动驾驶技术,第五学期,2023
S0684,量子计算导论,第六学期,2023
S0684,区块链技术,第一学期,2024
S0684,软件工程,第一学期,2024
S0684,数据挖掘,第一学期,2024
S0685,计算机网络,第一学期,2023
S0685,线性代数,第二学期,2023
S0685,操作系统,第二学期,2023
S0685,云计算,第二学期,2023
S0685,大数据技术,第三学期,2023
S0685,量子计算导论,第四学期,2023
S0685,强化学习,第四学期,2023
S0685,人工智能导论,第四学期,2023
S0685,自然语言处理,第四学期,2023
S0685,嵌入式系统,第五学期,2023
S0685,概率论与数理统计,第五学期,2023
S0686,计算机网络,第一学期,2023
S0686,数据结构,第一学期,2023
S0686,密码学基础,第二学期,2023
S0686,人工智能导论,第二学期,2023
S0686,信息安全,第二学期,2023
S0686,大学物理,第二学期,2023
S0686,软件工程,第三学期,2023
S0686,大数据技术,第三学期,2023
S0686,强化学习,第四学期,2023
S0687,计算机网络,第一学期,2023
S0687,高等数学,第一学期,2023
S0687,线性代数,第一学期,2023
S0687,离散数学,第一学期,2023
S0687,嵌入式系统,第二学期,2023
S0687,物联网技术,第三学期,2023
S0687,强化学习,第三学期,2023
S0687,人工智能导论,第四学期,2023
S0687,数据库原理,第四学期,2023
S0687,信息安全,第五学期,2023
S0687,量子计算导论,第五学期,2023
S0687,机器学习,第六学期,2023
S0687,自然语言处理,第一学期,2024
S0687,操作系统,第一学期,2024
S0688,计算机网络,第一学期,2023
S0688,高等数学,第一学期,2023
S0688,概率论与数理统计,第二学期,2023
S0688,大学物理,第二学期,2023
S0688,数据结构,第三学期,2023
S0688,计算机视觉,第三学期,2023
S0688,自然语言处理,第四学期,2023
S0688,机器学习,第五学期,2023
S0689,计算机网络,第一学期,2023
S0689,离散数学,第一学期,2023
S0689,数据结构,第二学期,2023
S0689,数据库原理,第二学期,2023
S0689,算法设计与分析,第三学期,2023
S0689,计算机视觉,第四学期,2023
S0689,信息安全,第四学期,2023
S0689,人工智能导论,第四学期,2023
S0689,密码学基础,第四学期,2023
S0689,区块链技术,第五学期,2023
S0689,强化学习,第六学期,2023
S0689,深度学习,第六学期,2023
S0689,云计算,第六学期,2023
S0689,线性代数,第六学期,2023
S0689,数据挖掘,第一学期,2024
S0690,程序设计基础,第一学期,2023
S0690,计算机网络,第一学期,2023
S0690,高等数学,第一学期,2023
S0690,大学物理,第一学期,2023
S0690,计算机视觉,第二学期,2023
S0690,区块链技术,第二学期,2023
S0690,机器学习,第二学期,2023
S0690,自然语言处理,第三学期,2023
S0690,深度学习,第三学期,2023
S0690,大数据技术,第四学期,2023
S0690,人工智能导论,第四学期,2023
S0690,操作系统,第四学期,2023
S0690,信息安全,第五学期,2023
S0691,程序设计基础,第一学期,2023
S0691,大学物理,第一学期,2023
S0691,算法设计与分析,第二学期,2023
S0691,深度学习,第二学期,2023
S0691,人工智能导论,第二学期,2023
S0691,数据库原理,第二学期,2023
S0691,数据挖掘,第三学期,2023
S0691,物联网技术,第三学期,2023
S0691,操作系统,第三学期,2023
S0691,自然语言处理,第四学期,2023
S0691,自动驾驶技术,第四学期,2023
S0692,信息安全,第一学期,2023
S0692,概率论与数理统计,第二学期,2023
S0692,数据挖掘,第二学期,2023
S0692,云计算,第二学期,2023
S0692,软件工程,第二学期,2023
S0692,数据结构,第三学期,2023
S0692,人工智能导论,第三学期,2023
S0692,深度学习,第三学期,2023
S0693,计算机网络,第一学期,2023
S0693,程序设计基础,第一学期,2023
S0693,大学物理,第一学期,2023
S0693,计算机组成原理,第一学期,2023
S0693,操作系统,第二学期,2023
S0693,嵌入式系统,第二学期,2023
S0693,信息安全,第二学期,2023
S0693,物联网技术,第二学期,2023
S0693,概率论与数理统计,第三学期,2023
S0693,深度学习,第三学期,2023
S0693,线性代数,第三学期,2023
S0694,程序设计基础,第一学期,2023
S0694,计算机网络,第二学期,2023
S0694,高等数学,第二学期,2023
S0694,嵌入式系统,第二学期,2023
S0694,物联网技术,第二学期,2023
S0694,算法设计与分析,第三学期,2023
S0694,自动驾驶技术,第四学期,2023
S0694,大数据技术,第四学期,2023
S0694,软件工程,第四学期,2023
S0694,计算机视觉,第五学期,2023
S0694,计算机组成原理,第五学期,2023
S0694,云计算,第五学期,2023
S0694,密码学基础,第五学期,2023
S0695,数据库原理,第一学期,2023
S0695,人工智能导论,第一学期,2023
S0695,大数据技术,第一学期,2023
S0695,大学物理,第一学期,2023
S0695,密码学基础,第二学期,2023
S0695,操作系统,第二学期,2023
S0695,信息安全,第二学期,2023
S0695,云计算,第二学期,2023
S0696,程序设计基础,第一学期,2023
S0696,数据结构,第一学期,2023
S0696,算法设计与分析,第二学期,2023
S0696,计算机网络,第三学期,2023
S0696,大学物理,第三学期,2023
S0696,计算机组成原理,第三学期,2023
S0696,嵌入式系统,第三学期,2023
S0696,离散数学,第四学期,2023
S0696,计算机视觉,第四学期,2023
S0696,深度学习,第四学期,2023
S0696,软件工程,第四学期,2023
S0696,强化学习,第五学期,2023
S0696,密码学基础,第五学期,2023
S0696,概率论与数理统计,第五学期,2023
S0697,高等数学,第一学期,2023
S0697,大学物理,第一学期,2023
S0697,计算机组成原理,第一学期,2023
S0697,操作系统,第一学期,2023
S0697,线性代数,第二学期,2023
S0697,区块链技术,第二学期,2023
S0697,自动驾驶技术,第二学期,2023
S0697,量子计算导论,第二学期,2023
S0697,数据挖掘,第三学期,2023
S0697,数据库原理,第三学期,2023
S0697,密码学基础,第三学期,2023
S0697,物联网技术,第四学期,2023
S0697,算法设计与分析,第五学期,2023
S0697,机器学习,第六学期,2023
S0698,高等数学,第一学期,2023
S0698,离散数学,第一学期,2023
S0698,概率论与数理统计,第一学期,2023
S0698,自然语言处理,第一学期,2023
S0698,区块链技术,第二学期,2023
S0698,嵌入式系统,第二学期,2023
S0698,云计算,第二学期,2023
S0698,计算机组成原理,第二学期,2023
S0698,软件工程,第三学期,2023
S0698,量子计算导论,第三学期,2023
S0699,高等数学,第一学期,2023
S0699,离散数学,第二学期,2023
S0699,信息安全,第二学期,2023
S0699,软件工程,第二学期,2023
S0699,自动驾驶技术,第二学期,2023
S0699,人工智能导论,第三学期,2023
S0699,嵌入式系统,第四学期,2023
S0699,物联网技术,第四学期,2023
S0699,量子计算导论,第四学期,2023
S0699,计算机视觉,第四学期,2023
S0699,操作系统,第五学期,2023
S0699,算法设计与分析,第五学期,2023
S0700,程序设计基础,第一学期,2023
S0700,高等数学,第一学期,2023
S0700,离散数学,第一学期,2023
S0700,数据结构,第一学期,2023
S0700,数据库原理,第二学期,2023
S0700,自动驾驶技术,第二学期,2023
S0700,量子计算导论,第三学期,2023
S0700,人工智能导论,第三学期,2023
S0700,云计算,第三学期,2023
S0701,大学物理,第一学期,2023
S0701,区块链技术,第二学期,2023
S0701,物联网技术,第二学期,2023
S0701,操作系统,第二学期,2023
S0701,软件工程,第二学期,2023
S0701,概率论与数理统计,第三学期,2023
S0701,人工智能导论,第四学期,2023
S0701,深度学习,第四学期,2023
S0701,大数据技术,第四学期,2023
S0701,强化学习,第五学期,2023
S0701,自然语言处理,第六学期,2023
S0702,计算机网络,第一学期,2023
S0702,程序设计基础,第一学期,2023
S0702,高等数学,第一学期,2023
S0702,数据结构,第一学期,2023
S0702,离散数学,第二学期,2023
S0702,数据库原理,第二学期,2023
S0702,大学物理,第二学期,2023
S0702,区块链技术,第二学期,2023
S0702,自然语言处理,第三学期,2023
S0702,强化学习,第三学期,2023
S0702,深度学习,第三学期,2023
S0702,计算机视觉,第三学期,2023
S0702,嵌入式系统,第四学期,2023
S0702,机器学习,第五学期,2023
S0702,信息安全,第五学期,2023
S0703,数据库原理,第一学期,2023
S0703,密码学基础,第二学期,2023
S0703,离散数学,第二学期,2023
S0703,机器学习,第二学期,2023
S0703,自然语言处理,第三学期,2023
S0703,深度学习,第三学期,2023
S0703,强化学习,第四学期,2023
S0703,概率论与数理统计,第四学期,2023
S0703,操作系统,第四学期,2023
S0703,大数据技术,第四学期,2023
S0703,人工智能导论,第五学期,2023
S0703,大学物理,第五学期,2023
S0703,计算机组成原理,第五学期,2023
S0703,云计算,第五学期,2023
S0704,区块链技术,第一学期,2023
S0704,数据库原理,第一学期,2023
S0704,物联网技术,第一学期,2023
S0704,人工智能导论,第一学期,2023
S0704,嵌入式系统,第二学期,2023
S0704,自然语言处理,第二学期,2023
S0704,离散数学,第二学期,2023
S0704,线性代数,第二学期,2023
S0704,大学物理,第三学期,2023
S0705,高等数学,第一学期,2023
S0705,程序设计基础,第一学期,2023
S0705,操作系统,第二学期,2023
S0705,量子计算导论,第二学期,2023
S0705,算法设计与分析,第三学期,2023
S0705,深度学习,第四学期,2023
S0705,区块链技术,第四学期,2023
S0705,密码学基础,第四学期,2023
S0705,自动驾驶技术,第四学期,2023
S0706,自然语言处理,第一学期,2023
S0706,计算机组成原理,第一学期,2023
S0706,线性代数,第一学期,2023
S0706,物联网技术,第二学期,2023
S0706,大学物理,第二学期,2023
S0706,概率论与数理统计,第二学期,2023
S0706,密码学基础,第二学期,2023
S0706,深度学习,第三学期,2023
S0706,计算机视觉,第三学期,2023
S0706,离散数学,第四学期,2023
S0706,数据挖掘,第五学期,2023
S0706,人工智能导论,第五学期,2023
S0707,高等数学,第一学期,2023
S0707,概率论与数理统计,第二学期,2023
S0707,计算机网络,第三学期,2023
S0707,程序设计基础,第三学期,2023
S0707,量子计算导论,第三学期,2023
S0707,云计算,第三学期,2023
S0707,软件工程,第四学期,2023
S0707,信息安全,第五学期,2023
S0707,机器学习,第五学期,2023
S0707,深度学习,第五学期,2023
S0707,物联网技术,第五学期,2023
S0707,嵌入式系统,第六学期,2023
S0707,算法设计与分析,第六学期,2023
S0707,人工智能导论,第六学期,2023
S0708,计算机网络,第一学期,2023
S0708,程序设计基础,第二学期,2023
S0708,量子计算导论,第二学期,2023
S0708,深度学习,第三学期,2023
S0708,计算机视觉,第四学期,2023
S0708,计算机组成原理,第四学期,2023
S0708,嵌入式系统,第四学期,2023
S0708,人工智能导论,第四学期,2023
S0708,线性代数,第五学期,2023
S0708,大学物理,第五学期,2023
S0708,数据挖掘,第六学期,2023
S0708,区块链技术,第六学期,2023
S0708,自动驾驶技术,第六学期,2023
S0708,数据库原理,第六学期,2023
S0709,高等数学,第一学期,2023
S0709,操作系统,第二学期,2023
S0709,云计算,第二学期,2023
S0709,自动驾驶技术,第二学期,2023
S0709,区块链技术,第二学期,2023
S0709,数据结构,第三学期,2023
S0709,数据库原理,第三学期,2023
S0709,嵌入式系统,第三学期,2023
S0709,深度学习,第三学期,2023
S0709,机器学习,第四学期,2023
S0710,程序设计基础,第一学期,2023
S0710,计算机网络,第一学期,2023
S0710,概率论与数理统计,第一学期,2023
S0710,信息安全,第二学期,2023
S0710,自动驾驶技术,第二学期,2023
S0710,密码学基础,第二学期,2023
S0710,线性代数,第三学期,2023
S0710,强化学习,第三学期,2023
S0711,高等数学,第一学期,2023
S0711,离散数学,第一学期,2023
S0711,计算机网络,第二学期,2023
S0711,云计算,第三学期,2023
S0711,算法设计与分析,第三学期,2023
S0711,深度学习,第三学期,2023
S0711,软件工程,第三学期,2023
S0711,人工智能导论,第四学期,2023
S0712,高等数学,第一学期,2023
S0712,线性代数,第一学期,2023
S0712,计算机网络,第二学期,2023
S0712,大学物理,第二学期,2023
S0712,离散数学,第二学期,2023
S0712,数据结构,第三学期,2023
S0712,算法设计与分析,第三学期,2023
S0712,人工智能导论,第四学期,2023
S0712,信息安全,第五学期,2023
S0712,自动驾驶技术,第五学期,2023
S0712,云计算,第五学期,2023
S0712,机器学习,第六学期,2023
S0712,数据挖掘,第六学期,2023
S0713,计算机网络,第一学期,2023
S0713,高等数学,第一学期,2023
S0713,程序设计基础,第二学期,2023
S0713,数据结构,第二学期,2023
S0713,线性代数,第二学期,2023
S0713,概率论与数理统计,第三学期,2023
S0713,大学物理,第三学期,2023
S0713,计算机组成原理,第三学期,2023
S0713,自动驾驶技术,第三学期,2023
S0713,机器学习,第四学期,2023
S0713,信息安全,第四学期,2023
S0713,物联网技术,第四学期,2023
S0713,大数据技术,第五学期,2023
S0713,区块链技术,第五学期,2023
S0714,计算机网络,第一学期,2023
S0714,程序设计基础,第二学期,2023
S0714,高等数学,第二学期,2023
S0714,大学物理,第二学期,2023
S0714,离散数学,第三学期,2023
S0714,概率论与数理统计,第三学期,2023
S0714,人工智能导论,第三学期,2023
S0714,计算机视觉,第三学期,2023
S0714,数据挖掘,第四学期,2023
S0714,云计算,第四学期,2023
S0714,自动驾驶技术,第四学期,2023
S0714,信息安全,第五学期,2023
S0714,软件工程,第五学期,2023
S0714,深度学习,第六学期,2023
S0714,操作系统,第一学期,2024
S0715,高等数学,第一学期,2023
S0715,线性代数,第一学期,2023
S0715,离散数学,第二学期,2023
S0715,概率论与数理统计,第三学期,2023
S0715,量子计算导论,第三学期,2023
S0715,密码学基础,第三学期,2023
S0715,强化学习,第三学期,2023
S0715,操作系统,第四学期,2023
S0715,云计算,第四学期,2023
S0715,物联网技术,第五学期,2023
S0715,数据挖掘,第五学期,2023
S0715,区块链技术,第五学期,2023
S0715,大数据技术,第五学期,2023
S0715,数据结构,第六学期,2023
S0716,高等数学,第一学期,2023
S0716,线性代数,第一学期,2023
S0716,大学物理,第一学期,2023
S0716,计算机网络,第一学期,2023
S0716,计算机组成原理,第二学期,2023
S0716,概率论与数理统计,第三学期,2023
S0716,密码学基础,第四学期,2023
S0716,区块链技术,第四学期,2023
S0716,大数据技术,第五学期,2023
S0716,计算机视觉,第五学期,2023
S0717,强化学习,第一学期,2023
S0717,自动驾驶技术,第一学期,2023
S0717,云计算,第一学期,2023
S0717,机器学习,第二学期,2023
S0717,深度学习,第二学期,2023
S0717,数据挖掘,第二学期,2023
S0717,数据结构,第二学期,2023
S0717,嵌入式系统,第三学期,2023
S0717,人工智能导论,第四学期,2023
S0718,高等数学,第一学期,2023
S0718,大学物理,第一学期,2023
S0718,概率论与数理统计,第一学期,2023
S0718,算法设计与分析,第一学期,2023
S0718,大数据技术,第二学期,2023
S0718,信息安全,第三学期,2023
S0718,物联网技术,第三学期,2023
S0718,软件工程,第三学期,2023
S0718,数据挖掘,第三学期,2023
S0718,自动驾驶技术,第四学期,2023
S0718,计算机视觉,第四学期,2023
S0718,深度学习,第四学期,2023
S0718,密码学基础,第五学期,2023
S0718,云计算,第五学期,2023
S0719,计算机网络,第一学期,2023
S0719,物联网技术,第二学期,2023
S0719,区块链技术,第二学期,2023
S0719,线性代数,第二学期,2023
S0719,云计算,第二学期,2023
S0719,数据结构,第三学期,2023
S0719,大学物理,第四学期,2023
S0719,大数据技术,第四学期,2023
S0719,密码学基础,第五学期,2023
S0720,计算机网络,第一学期,2023
S0720,自动驾驶技术,第一学期,2023
S0720,概率论与数理统计,第一学期,2023
S0720,大学物理,第二学期,2023
S0720,计算机组成原理,第二学期,2023
S0720,嵌入式系统,第二学期,2023
S0720,信息安全,第二学期,2023
S0720,量子计算导论,第三学期,2023
S0720,自然语言处理,第四学期,2023
S0720,算法设计与分析,第四学期,2023
S0720,云计算,第四学期,2023
S0721,计算机网络,第一学期,2023
S0721,程序设计基础,第一学期,2023
S0721,深度学习,第一学期,2023
S0721,数据库原理,第一学期,2023
S0721,自然语言处理,第二学期,2023
S0721,云计算,第三学期,2023
S0721,离散数学,第三学期,2023
S0721,嵌入式系统,第四学期,2023
S0721,操作系统,第五学期,2023
S0721,区块链技术,第五学期,2023
S0721,大学物理,第五学期,2023
S0721,概率论与数理统计,第五学期,2023
S0721,线性代数,第六学期,2023
S0722,自然语言处理,第一学期,2023
S0722,计算机组成原理,第一学期,2023
S0722,嵌入式系统,第一学期,2023
S0722,操作系统,第一学期,2023
S0722,数据挖掘,第二学期,2023
S0722,物联网技术,第二学期,2023
S0722,线性代数,第三学期,2023
S0722,软件工程,第三学期,2023
S0723,高等数学,第一学期,2023
S0723,计算机网络,第一学期,2023
S0723,数据库原理,第一学期,2023
S0723,软件工程,第一学期,2023
S0723,自然语言处理,第二学期,2023
S0723,计算机组成原理,第二学期,2023
S0723,数据挖掘,第二学期,2023
S0723,密码学基础,第三学期,2023
S0723,区块链技术,第三学期,2023
S0723,信息安全,第三学期,2023
S0723,深度学习,第三学期,2023
S0723,机器学习,第四学期,2023
S0723,强化学习,第四学期,2023
S0724,计算机网络,第一学期,2023
S0724,高等数学,第一学期,2023
S0724,线性代数,第一学期,2023
S0724,物联网技术,第一学期,2023
S0724,区块链技术,第二学期,2023
S0724,操作系统,第二学期,2023
S0724,云计算,第三学期,2023
S0724,信息安全,第四学期,2023
S0724,软件工程,第四学期,2023
S0724,自然语言处理,第四学期,2023
S0724,计算机组成原理,第五学期,2023
S0724,强化学习,第五学期,2023
S0724,数据结构,第五学期,2023
S0724,深度学习,第五学期,2023
S0725,程序设计基础,第一学期,2023
S0725,人工智能导论,第二学期,2023
S0725,线性代数,第二学期,2023
S0725,算法设计与分析,第二学期,2023
S0725,区块链技术,第二学期,2023
S0725,物联网技术,第三学期,2023
S0725,计算机组成原理,第四学期,2023
S0725,软件工程,第五学期,2023
S0725,概率论与数理统计,第五学期,2023
S0725,离散数学,第五学期,2023
S0725,云计算,第五学期,2023
S0726,计算机网络,第一学期,2023
S0726,自然语言处理,第一学期,2023
S0726,物联网技术,第一学期,2023
S0726,数据结构,第一学期,2023
S0726,嵌入式系统,第二学期,2023
S0726,量子计算导论,第三学期,2023
S0726,密码学基础,第三学期,2023
S0726,计算机组成原理,第三学期,2023
S0726,概率论与数理统计,第三学期,2023
S0726,深度学习,第四学期,2023
S0726,信息安全,第四学期,2023
S0727,高等数学,第一学期,2023
S0727,概率论与数理统计,第一学期,2023
S0727,计算机网络,第一学期,2023
S0727,自动驾驶技术,第一学期,2023
S0727,计算机视觉,第二学期,2023
S0727,数据挖掘,第二学期,2023
S0727,操作系统,第三学期,2023
S0727,密码学基础,第三学期,2023
S0727,强化学习,第三学期,2023
S0728,计算机网络,第一学期,2023
S0728,高等数学,第一学期,2023
S0728,概率论与数理统计,第二学期,2023
S0728,线性代数,第二学期,2023
S0728,量子计算导论,第三学期,2023
S0728,信息安全,第三学期,2023
S0728,物联网技术,第三学期,2023
S0728,机器学习,第三学期,2023
S0728,计算机视觉,第四学期,2023
S0728,数据挖掘,第四学期,2023
S0728,区块链技术,第五学期,2023
S0728,软件工程,第五学期,2023
S0728,算法设计与分析,第六学期,2023
S0728,数据结构,第六学期,2023
S0729,高等数学,第一学期,2023
S0729,计算机网络,第一学期,2023
S0729,概率论与数理统计,第二学期,2023
S0729,数据结构,第二学期,2023
S0729,算法设计与分析,第二学期,2023
S0729,密码学基础,第二学期,2023
S0729,区块链技术,第三学期,2023
S0729,量子计算导论,第三学期,2023
S0729,自动驾驶技术,第三学期,2023
S0730,程序设计基础,第一学期,2023
S0730,高等数学,第一学期,2023
S0730,线性代数,第一学期,2023
S0730,区块链技术,第一学期,2023
S0730,密码学基础,第二学期,2023
S0730,深度学习,第三学期,2023
S0730,量子计算导论,第三学期,2023
S0730,操作系统,第四学期,2023
S0730,信息安全,第五学期,2023
S0730,计算机视觉,第六学期,2023
S0730,强化学习,第一学期,2024
S0730,数据库原理,第二学期,2024
S0730,机器学习,第二学期,2024
S0731,计算机网络,第一学期,2023
S0731,高等数学,第一学期,2023
S0731,概率论与数理统计,第一学期,2023
S0731,线性代数,第一学期,2023
S0731,离散数学,第二学期,2023
S0731,数据库原理,第三学期,2023
S0731,深度学习,第三学期,2023
S0731,软件工程,第三学期,2023
S0732,深度学习,第一学期,2023
S0732,大数据技术,第二学期,2023
S0732,数据库原理,第二学期,2023
S0732,离散数学,第二学期,2023
S0732,线性代数,第三学期,2023
S0732,区块链技术,第三学期,2023
S0732,软件工程,第三学期,2023
S0732,数据挖掘,第四学期,2023
S0733,嵌入式系统,第一学期,2023
S0733,离散数学,第一学期,2023
S0733,物联网技术,第二学期,2023
S0733,区块链技术,第二学期,2023
S0733,强化学习,第二学期,2023
S0733,操作系统,第三学期,2023
S0733,线性代数,第四学期,2023
S0733,信息安全,第五学期,2023
S0733,概率论与数理统计,第五学期,2023
S0733,自动驾驶技术,第五学期,2023
S0733,云计算,第五学期,2023
S0733,计算机组成原理,第六学期,2023
S0733,机器学习,第六学期,2023
S0734,程序设计基础,第一学期,2023
S0734,高等数学,第二学期,2023
S0734,离散数学,第二学期,2023
S0734,密码学基础,第二学期,2023
S0734,强化学习,第三学期,2023
S0734,计算机视觉,第四学期,2023
S0734,软件工程,第四学期,2023
S0734,量子计算导论,第五学期,2023
S0734,深度学习,第六学期,2023
S0734,算法设计与分析,第六学期,2023
S0734,信息安全,第六学期,2023
S0734,嵌入式系统,第一学期,2024
S0735,高等数学,第一学期,2023
S0735,离散数学,第一学期,2023
S0735,线性代数,第一学期,2023
S0735,密码学基础,第一学期,2023
S0735,概率论与数理统计,第二学期,2023
S0735,量子计算导论,第二学期,2023
S0735,数据库原理,第二学期,2023
S0735,数据挖掘,第二学期,2023
S0735,软件工程,第三学期,2023
S0735,大数据技术,第三学期,2023
S0735,操作系统,第四学期,2023
S0735,数据结构,第四学期,2023
S0735,信息安全,第四学期,2023
S0735,自动驾驶技术,第四学期,2023
S0735,计算机组成原理,第五学期,2023
S0736,计算机网络,第一学期,2023
S0736,高等数学,第二学期,2023
S0736,概率论与数理统计,第三学期,2023
S0736,计算机视觉,第四学期,2023
S0736,信息安全,第四学期,2023
S0736,自动驾驶技术,第四学期,2023
S0736,算法设计与分析,第四学期,2023
S0736,嵌入式系统,第五学期,2023
S0736,软件工程,第五学期,2023
S0736,自然语言处理,第五学期,2023
S0736,强化学习,第六学期,2023
S0736,区块链技术,第六学期,2023
S0737,高等数学,第一学期,2023
S0737,离散数学,第二学期,2023
S0737,密码学基础,第二学期,2023
S0737,程序设计基础,第二学期,2023
S0737,大学物理,第二学期,2023
S0737,人工智能导论,第三学期,2023
S0737,自动驾驶技术,第三学期,2023
S0737,区块链技术,第四学期,2023
S0737,算法设计与分析,第五学期,2023
S0737,强化学习,第五学期,2023
S0737,云计算,第五学期,2023
S0737,大数据技术,第五学期,2023
S0737,深度学习,第六学期,2023
S0737,数据库原理,第六学期,2023
S0738,高等数学,第一学期,2023
S0738,离散数学,第一学期,2023
S0738,计算机网络,第一学期,2023
S0738,计算机组成原理,第二学期,2023
S0738,操作系统,第二学期,2023
S0738,信息安全,第三学期,2023
S0738,自然语言处理,第三学期,2023
S0738,大数据技术,第三学期,2023
S0738,算法设计与分析,第三学期,2023
S0738,数据库原理,第四学期,2023
S0739,高等数学,第一学期,2023
S0739,计算机网络,第一学期,2023
S0739,量子计算导论,第一学期,2023
S0739,软件工程,第一学期,2023
S0739,嵌入式系统,第二学期,2023
S0739,自动驾驶技术,第二学期,2023
S0739,信息安全,第二学期,2023
S0739,数据库原理,第二学期,2023
S0740,高等数学,第一学期,2023
S0740,计算机网络,第一学期,2023
S0740,人工智能导论,第一学期,2023
S0740,机器学习,第一学期,2023
S0740,密码学基础,第二学期,2023
S0740,区块链技术,第二学期,2023
S0740,嵌入式系统,第三学期,2023
S0740,信息安全,第四学期,2023
S0740,软件工程,第五学期,2023
S0740,数据挖掘,第六学期,2023
S0740,量子计算导论,第六学期,2023
S0741,高等数学,第一学期,2023
S0741,线性代数,第一学期,2023
S0741,计算机网络,第二学期,2023
S0741,密码学基础,第三学期,2023
S0741,信息安全,第三学期,2023
S0741,深度学习,第三学期,2023
S0741,数据结构,第三学期,2023
S0741,数据库原理,第四学期,2023
S0741,软件工程,第四学期,2023
S0741,强化学习,第四学期,2023
S0741,计算机组成原理,第四学期,2023
S0741,自动驾驶技术,第五学期,2023
S0741,自然语言处理,第五学期,2023
S0741,物联网技术,第五学期,2023
S0742,高等数学,第一学期,2023
S0742,算法设计与分析,第二学期,2023
S0742,软件工程,第三学期,2023
S0742,信息安全,第三学期,2023
S0742,密码学基础,第三学期,2023
S0742,云计算,第三学期,2023
S0742,自然语言处理,第四学期,2023
S0742,数据结构,第五学期,2023
S0742,数据挖掘,第五学期,2023
S0742,计算机组成原理,第五学期,2023
S0742,嵌入式系统,第五学期,2023
S0743,高等数学,第一学期,2023
S0743,大学物理,第一学期,2023
S0743,离散数学,第一学期,2023
S0743,密码学基础,第二学期,2023
S0743,算法设计与分析,第三学期,2023
S0743,嵌入式系统,第四学期,2023
S0743,软件工程,第四学期,2023
S0743,云计算,第四学期,2023
S0743,大数据技术,第四学期,2023
S0744,操作系统,第一学期,2023
S0744,密码学基础,第二学期,2023
S0744,概率论与数理统计,第二学期,2023
S0744,嵌入式系统,第二学期,2023
S0744,大学物理,第三学期,2023
S0744,物联网技术,第三学期,2023
S0744,信息安全,第四学期,2023
S0744,算法设计与分析,第四学期,2023
S0744,机器学习,第五学期,2023
S0744,区块链技术,第六学期,2023
S0745,高等数学,第一学期,2023
S0745,人工智能导论,第一学期,2023
S0745,信息安全,第一学期,2023
S0745,算法设计与分析,第一学期,2023
S0745,数据库原理,第二学期,2023
S0745,大数据技术,第二学期,2023
S0745,深度学习,第二学期,2023
S0745,机器学习,第三学期,2023
S0745,自然语言处理,第三学期,2023
S0745,数据结构,第四学期,2023
S0745,密码学基础,第四学期,2023
S0746,高等数学,第一学期,2023
S0746,概率论与数理统计,第二学期,2023
S0746,计算机网络,第二学期,2023
S0746,大学物理,第二学期,2023
S0746,数据结构,第二学期,2023
S0746,人工智能导论,第三学期,2023
S0746,深度学习,第三学期,2023
S0746,自然语言处理,第四学期,2023
S0746,密码学基础,第四学期,2023
S0746,大数据技术,第四学期,2023
S0746,嵌入式系统,第四学期,2023
S0746,物联网技术,第五学期,2023
S0747,程序设计基础,第一学期,2023
S0747,软件工程,第一学期,2023
S0747,自动驾驶技术,第一学期,2023
S0747,量子计算导论,第一学期,2023
S0747,人工智能导论,第二学期,2023
S0747,操作系统,第二学期,2023
S0747,信息安全,第二学期,2023
S0747,云计算,第二学期,2023
S0747,概率论与数理统计,第三学期,2023
S0747,嵌入式系统,第四学期,2023
S0747,计算机组成原理,第四学期,2023
S0747,强化学习,第四学期,2023
S0747,区块链技术,第五学期,2023
S0748,数据库原理,第一学期,2023
S0748,深度学习,第一学期,2023
S0748,操作系统,第一学期,2023
S0748,算法设计与分析,第一学期,2023
S0748,嵌入式系统,第二学期,2023
S0748,离散数学,第二学期,2023
S0748,计算机视觉,第三学期,2023
S0748,机器学习,第三学期,2023
S0748,线性代数,第三学期,2023
S0748,密码学基础,第四学期,2023
S0748,大学物理,第四学期,2023
S0748,计算机组成原理,第五学期,2023
S0749,高等数学,第一学期,2023
S0749,机器学习,第一学期,2023
S0749,计算机组成原理,第一学期,2023
S0749,操作系统,第一学期,2023
S0749,物联网技术,第二学期,2023
S0749,人工智能导论,第二学期,2023
S0749,数据结构,第二学期,2023
S0749,算法设计与分析,第二学期,2023
S0749,软件工程,第三学期,2023
S0749,自动驾驶技术,第四学期,2023
S0749,信息安全,第四学期,2023
S0749,云计算,第五学期,2023
S0749,大数据技术,第六学期,2023
S0749,区块链技术,第六学期,2023
S0750,高等数学,第一学期,2023
S0750,计算机网络,第一学期,2023
S0750,程序设计基础,第二学期,2023
S0750,数据结构,第二学期,2023
S0750,算法设计与分析,第二学期,2023
S0750,数据库原理,第二学期,2023
S0750,信息安全,第三学期,2023
S0750,物联网技术,第四学期,2023
S0750,计算机视觉,第四学期,2023
S0750,强化学习,第四学期,2023
S0750,自然语言处理,第四学期,2023
S0750,深度学习,第五学期,2023
S0750,数据挖掘,第五学期,2023
S0750,自动驾驶技术,第六学期,2023
S0750,软件工程,第六学期,2023
S0751,计算机网络,第一学期,2023
S0751,物联网技术,第一学期,2023
S0751,信息安全,第一学期,2023
S0751,区块链技术,第一学期,2023
S0751,机器学习,第二学期,2023
S0751,算法设计与分析,第二学期,2023
S0751,大数据技术,第三学期,2023
S0751,云计算,第三学期,2023
S0752,计算机网络,第一学期,2023
S0752,嵌入式系统,第一学期,2023
S0752,物联网技术,第一学期,2023
S0752,深度学习,第二学期,2023
S0752,强化学习,第二学期,2023
S0752,密码学基础,第二学期,2023
S0752,区块链技术,第三学期,2023
S0752,云计算,第三学期,2023
S0752,数据挖掘,第三学期,2023
S0752,自然语言处理,第三学期,2023
S0752,大数据技术,第四学期,2023
S0753,计算机网络,第一学期,2023
S0753,程序设计基础,第二学期,2023
S0753,高等数学,第二学期,2023
S0753,离散数学,第三学期,2023
S0753,概率论与数理统计,第三学期,2023
S0753,线性代数,第四学期,2023
S0753,信息安全,第四学期,2023
S0753,计算机视觉,第四学期,2023
S0753,大数据技术,第四学期,2023
S0753,软件工程,第五学期,2023
S0754,程序设计基础,第一学期,2023
S0754,高等数学,第一学期,2023
S0754,概率论与数理统计,第一学期,2023
S0754,线性代数,第一学期,2023
S0754,操作系统,第二学期,2023
S0754,机器学习,第二学期,2023
S0754,计算机视觉,第二学期,2023
S0754,自然语言处理,第二学期,2023
S0754,自动驾驶技术,第三学期,2023
S0754,信息安全,第三学期,2023
S0754,区块链技术,第四学期,2023
S0754,物联网技术,第四学期,2023
S0755,高等数学,第一学期,2023
S0755,离散数学,第二学期,2023
S0755,程序设计基础,第二学期,2023
S0755,数据结构,第三学期,2023
S0755,算法设计与分析,第四学期,2023
S0755,自动驾驶技术,第四学期,2023
S0755,嵌入式系统,第五学期,2023
S0755,信息安全,第六学期,2023
S0755,强化学习,第六学期,2023
S0755,大数据技术,第一学期,2024
S0755,计算机组成原理,第一学期,2024
S0755,计算机视觉,第二学期,2024
S0755,量子计算导论,第二学期,2024
S0756,计算机网络,第一学期,2023
S0756,程序设计基础,第二学期,2023
S0756,高等数学,第二学期,2023
S0756,线性代数,第三学期,2023
S0756,计算机组成原理,第三学期,2023
S0756,嵌入式系统,第四学期,2023
S0756,区块链技术,第四学期,2023
S0756,人工智能导论,第四学期,2023
S0756,数据挖掘,第五学期,2023
S0756,算法设计与分析,第五学期,2023
S0756,信息安全,第五学期,2023
S0757,程序设计基础,第一学期,2023
S0757,数据结构,第二学期,2023
S0757,算法设计与分析,第二学期,2023
S0757,机器学习,第三学期,2023
S0757,量子计算导论,第三学期,2023
S0757,计算机组成原理,第三学期,2023
S0757,操作系统,第四学期,2023
S0757,软件工程,第四学期,2023
S0757,数据挖掘,第四学期,2023
S0757,物联网技术,第四学期,2023
S0757,区块链技术,第五学期,2023
S0757,离散数学,第六学期,2023
S0757,人工智能导论,第六学期,2023
S0757,线性代数,第一学期,2024
S0758,计算机网络,第一学期,2023
S0758,高等数学,第二学期,2023
S0758,概率论与数理统计,第二学期,2023
S0758,线性代数,第二学期,2023
S0758,机器学习,第二学期,2023
S0758,深度学习,第三学期,2023
S0758,自然语言处理,第三学期,2023
S0758,计算机视觉,第四学期,2023
S0758,物联网技术,第四学期,2023
S0758,软件工程,第四学期,2023
S0758,密码学基础,第五学期,2023
S0758,数据挖掘,第五学期,2023
S0759,程序设计基础,第一学期,2023
S0759,计算机网络,第二学期,2023
S0759,云计算,第二学期,2023
S0759,强化学习,第二学期,2023
S0759,密码学基础,第二学期,2023
S0759,区块链技术,第三学期,2023
S0759,计算机视觉,第四学期,2023
S0759,离散数学,第四学期,2023
S0759,大数据技术,第四学期,2023
S0759,自动驾驶技术,第五学期,2023
S0759,大学物理,第五学期,2023
S0759,数据挖掘,第五学期,2023
S0760,高等数学,第一学期,2023
S0760,离散数学,第二学期,2023
S0760,密码学基础,第二学期,2023
S0760,概率论与数理统计,第二学期,2023
S0760,嵌入式系统,第二学期,2023
S0760,信息安全,第三学期,2023
S0760,计算机组成原理,第三学期,2023
S0760,操作系统,第四学期,2023
S0760,强化学习,第四学期,2023
S0760,物联网技术,第四学期,2023
S0760,数据结构,第四学期,2023
S0761,高等数学,第一学期,2023
S0761,线性代数,第二学期,2023
S0761,程序设计基础,第二学期,2023
S0761,操作系统,第三学期,2023
S0761,量子计算导论,第三学期,2023
S0761,自动驾驶技术,第三学期,2023
S0761,算法设计与分析,第三学期,2023
S0761,信息安全,第四学期,2023
S0761,人工智能导论,第五学期,2023
S0761,数据挖掘,第五学期,2023
S0761,区块链技术,第六学期,2023
S0761,密码学基础,第六学期,2023
S0761,强化学习,第一学期,2024
S0762,程序设计基础,第一学期,2023
S0762,数据结构,第一学期,2023
S0762,数据库原理,第一学期,2023
S0762,算法设计与分析,第一学期,2023
S0762,云计算,第二学期,2023
S0762,大数据技术,第二学期,2023
S0762,计算机视觉,第二学期,2023
S0762,量子计算导论,第二学期,2023
S0762,大学物理,第三学期,2023
S0762,线性代数,第四学期,2023
S0762,机器学习,第五学期,2023
S0762,软件工程,第五学期,2023
S0762,区块链技术,第六学期,2023
S0762,信息安全,第一学期,2024
S0763,程序设计基础,第一学期,2023
S0763,数据结构,第一学期,2023
S0763,数据库原理,第一学期,2023
S0763,离散数学,第二学期,2023
S0763,嵌入式系统,第二学期,2023
S0763,自动驾驶技术,第二学期,2023
S0763,自然语言处理,第二学期,2023
S0763,密码学基础,第三学期,2023
S0763,信息安全,第三学期,2023
S0763,机器学习,第三学期,2023
S0763,区块链技术,第四学期,2023
S0764,高等数学,第一学期,2023
S0764,概率论与数理统计,第二学期,2023
S0764,线性代数,第二学期,2023
S0764,量子计算导论,第二学期,2023
S0764,区块链技术,第二学期,2023
S0764,自动驾驶技术,第三学期,2023
S0764,信息安全,第四学期,2023
S0764,嵌入式系统,第四学期,2023
S0764,密码学基础,第五学期,2023
S0764,软件工程,第五学期,2023
S0764,操作系统,第五学期,2023
S0764,计算机视觉,第五学期,2023
S0765,高等数学,第一学期,2023
S0765,离散数学,第二学期,2023
S0765,人工智能导论,第二学期,2023
S0765,自然语言处理,第二学期,2023
S0765,自动驾驶技术,第三学期,2023
S0765,算法设计与分析,第三学期,2023
S0765,云计算,第三学期,2023
S0765,操作系统,第三学期,2023
S0765,信息安全,第四学期,2023
S0765,深度学习,第四学期,2023
S0765,软件工程,第四学期,2023
S0766,计算机网络,第一学期,2023
S0766,高等数学,第一学期,2023
S0766,概率论与数理统计,第二学期,2023
S0766,离散数学,第二学期,2023
S0766,密码学基础,第三学期,2023
S0766,区块链技术,第三学期,2023
S0766,软件工程,第三学期,2023
S0766,量子计算导论,第三学期,2023
S0766,算法设计与分析,第四学期,2023
S0766,云计算,第四学期,2023
S0766,数据库原理,第五学期,2023
S0766,数据结构,第六学期,2023
S0766,人工智能导论,第六学期,2023
S0766,自动驾驶技术,第六学期,2023
S0766,大数据技术,第六学期,2023
S0767,计算机网络,第一学期,2023
S0767,云计算,第一学期,2023
S0767,算法设计与分析,第一学期,2023
S0767,软件工程,第一学期,2023
S0767,物联网技术,第二学期,2023
S0767,大学物理,第三学期,2023
S0767,数据库原理,第三学期,2023
S0767,区块链技术,第四学期,2023
S0767,操作系统,第五学期,2023
S0767,人工智能导论,第五学期,2023
S0767,数据挖掘,第五学期,2023
S0767,离散数学,第五学期,2023
S0767,嵌入式系统,第六学期,2023
S0768,程序设计基础,第一学期,2023
S0768,高等数学,第二学期,2023
S0768,数据结构,第二学期,2023
S0768,大学物理,第二学期,2023
S0768,操作系统,第三学期,2023
S0768,软件工程,第四学期,2023
S0768,量子计算导论,第四学期,2023
S0768,嵌入式系统,第五学期,2023
S0768,云计算,第六学期,2023
S0769,计算机网络,第一学期,2023
S0769,密码学基础,第一学期,2023
S0769,区块链技术,第一学期,2023
S0769,数据库原理,第二学期,2023
S0769,信息安全,第二学期,2023
S0769,数据挖掘,第二学期,2023
S0769,人工智能导论,第二学期,2023
S0769,概率论与数理统计,第三学期,2023
S0769,深度学习,第三学期,2023
S0769,嵌入式系统,第三学期,2023
S0769,大学物理,第三学期,2023
S0769,算法设计与分析,第四学期,2023
S0769,数据结构,第四学期,2023
S0769,自然语言处理,第四学期,2023
S0770,计算机网络,第一学期,2023
S0770,程序设计基础,第一学期,2023
S0770,物联网技术,第一学期,2023
S0770,信息安全,第一学期,2023
S0770,嵌入式系统,第二学期,2023
S0770,软件工程,第二学期,2023
S0770,密码学基础,第三学期,2023
S0770,区块链技术,第三学期,2023
S0770,计算机组成原理,第四学期,2023
S0770,操作系统,第四学期,2023
S0770,自动驾驶技术,第四学期,2023
S0770,人工智能导论,第四学期,2023
S0770,自然语言处理,第五学期,2023
S0770,数据挖掘,第五学期,2023
S0771,高等数学,第一学期,2023
S0771,线性代数,第二学期,2023
S0771,自然语言处理,第二学期,2023
S0771,区块链技术,第二学期,2023
S0771,深度学习,第三学期,2023
S0771,计算机组成原理,第三学期,2023
S0771,操作系统,第四学期,2023
S0771,数据挖掘,第四学期,2023
S0771,信息安全,第五学期,2023
S0771,计算机视觉,第五学期,2023
S0771,机器学习,第五学期,2023
S0771,数据库原理,第五学期,2023
S0771,大数据技术,第六学期,2023
S0771,人工智能导论,第一学期,2024
S0772,线性代数,第一学期,2023
S0772,数据结构,第一学期,2023
S0772,数据库原理,第一学期,2023
S0772,算法设计与分析,第一学期,2023
S0772,计算机组成原理,第二学期,2023
S0772,深度学习,第三学期,2023
S0772,量子计算导论,第四学期,2023
S0772,区块链技术,第五学期,2023
S0772,云计算,第五学期,2023
S0772,物联网技术,第六学期,2023
S0772,大数据技术,第六学期,2023
S0772,信息安全,第六学期,2023
S0772,人工智能导论,第六学期,2023
S0773,高等数学,第一学期,2023
S0773,离散数学,第一学期,2023
S0773,区块链技术,第二学期,2023
S0773,深度学习,第三学期,2023
S0773,自动驾驶技术,第三学期,2023
S0773,云计算,第三学期,2023
S0773,物联网技术,第三学期,2023
S0773,数据结构,第四学期,2023
S0773,人工智能导论,第五学期,2023
S0774,程序设计基础,第一学期,2023
S0774,数据结构,第一学期,2023
S0774,高等数学,第一学期,2023
S0774,数据库原理,第一学期,2023
S0774,算法设计与分析,第二学期,2023
S0774,离散数学,第二学期,2023
S0774,概率论与数理统计,第二学期,2023
S0774,机器学习,第三学期,2023
S0774,大数据技术,第四学期,2023
S0774,操作系统,第四学期,2023
S0774,软件工程,第四学期,2023
S0774,信息安全,第五学期,2023
S0774,计算机组成原理,第六学期,2023
S0774,物联网技术,第六学期,2023
S0775,计算机网络,第一学期,2023
S0775,程序设计基础,第一学期,2023
S0775,数据结构,第二学期,2023
S0775,数据库原理,第二学期,2023
S0775,量子计算导论,第二学期,2023
S0775,嵌入式系统,第二学期,2023
S0775,软件工程,第三学期,2023
S0775,概率论与数理统计,第三学期,2023
S0775,云计算,第三学期,2023
S0775,大数据技术,第四学期,2023
S0775,机器学习,第四学期,2023
S0775,区块链技术,第四学期,2023
S0775,离散数学,第四学期,2023
S0776,计算机网络,第一学期,2023
S0776,大学物理,第一学期,2023
S0776,自然语言处理,第一学期,2023
S0776,强化学习,第一学期,2023
S0776,计算机视觉,第二学期,2023
S0776,算法设计与分析,第二学期,2023
S0776,离散数学,第二学期,2023
S0776,概率论与数理统计,第二学期,2023
S0776,云计算,第三学期,2023
S0776,大数据技术,第三学期,2023
S0776,嵌入式系统,第三学期,2023
S0776,人工智能导论,第三学期,2023
S0776,线性代数,第四学期,2023
S0777,计算机网络,第一学期,2023
S0777,高等数学,第一学期,2023
S0777,深度学习,第二学期,2023
S0777,机器学习,第二学期,2023
S0777,数据结构,第二学期,2023
S0777,信息安全,第二学期,2023
S0777,人工智能导论,第三学期,2023
S0777,软件工程,第三学期,2023
S0778,区块链技术,第一学期,2023
S0778,自然语言处理,第一学期,2023
S0778,机器学习,第一学期,2023
S0778,深度学习,第一学期,2023
S0778,线性代数,第二学期,2023
S0778,概率论与数理统计,第二学期,2023
S0778,量子计算导论,第二学期,2023
S0778,信息安全,第二学期,2023
S0778,算法设计与分析,第三学期,2023
S0778,软件工程,第四学期,2023
S0778,数据库原理,第四学期,2023
S0778,计算机组成原理,第四学期,2023
S0779,程序设计基础,第一学期,2023
S0779,高等数学,第二学期,2023
S0779,深度学习,第三学期,2023
S0779,算法设计与分析,第三学期,2023
S0779,信息安全,第四学期,2023
S0779,操作系统,第四学期,2023
S0779,计算机视觉,第四学期,2023
S0779,密码学基础,第四学期,2023
S0779,自然语言处理,第五学期,2023
S0780,程序设计基础,第一学期,2023
S0780,高等数学,第二学期,2023
S0780,大学物理,第二学期,2023
S0780,嵌入式系统,第三学期,2023
S0780,数据挖掘,第四学期,2023
S0780,大数据技术,第五学期,2023
S0780,算法设计与分析,第五学期,2023
S0780,量子计算导论,第五学期,2023
S0780,人工智能导论,第五学期,2023
S0780,自然语言处理,第六学期,2023
S0780,强化学习,第六学期,2023
S0780,机器学习,第一学期,2024
S0780,软件工程,第一学期,2024
S0781,高等数学,第一学期,2023
S0781,大学物理,第一学期,2023
S0781,云计算,第一学期,2023
S0781,自动驾驶技术,第一学期,2023
S0781,机器学习,第二学期,2023
S0781,深度学习,第三学期,2023
S0781,嵌入式系统,第三学期,2023
S0781,数据挖掘,第四学期,2023
S0781,量子计算导论,第五学期,2023
S0781,数据结构,第五学期,2023
S0782,计算机网络,第一学期,2023
S0782,高等数学,第一学期,2023
S0782,离散数学,第二学期,2023
S0782,线性代数,第三学期,2023
S0782,密码学基础,第三学期,2023
S0782,区块链技术,第四学期,2023
S0782,量子计算导论,第四学期,2023
S0782,嵌入式系统,第五学期,2023
S0782,机器学习,第五学期,2023
S0783,计算机网络,第一学期,2023
S0783,高等数学,第一学期,2023
S0783,线性代数,第一学期,2023
S0783,数据库原理,第一学期,2023
S0783,信息安全,第二学期,2023
S0783,区块链技术,第三学期,2023
S0783,量子计算导论,第三学期,2023
S0783,云计算,第四学期,2023
S0783,人工智能导论,第五学期,2023
S0784,计算机网络,第一学期,2023
S0784,高等数学,第二学期,2023
S0784,概率论与数理统计,第二学期,2023
S0784,软件工程,第二学期,2023
S0784,密码学基础,第三学期,2023
S0784,物联网技术,第四学期,2023
S0784,数据挖掘,第五学期,2023
S0784,自然语言处理,第五学期,2023
S0784,机器学习,第六学期,2023
S0784,信息安全,第六学期,2023
S0784,算法设计与分析,第一学期,2024
S0785,高等数学,第一学期,2023
S0785,量子计算导论,第一学期,2023
S0785,信息安全,第一学期,2023
S0785,操作系统,第一学期,2023
S0785,软件工程,第二学期,2023
S0785,数据库原理,第三学期,2023
S0785,人工智能导论,第三学期,2023
S0785,嵌入式系统,第三学期,2023
S0786,线性代数,第一学期,2023
S0786,离散数学,第一学期,2023
S0786,量子计算导论,第一学期,2023
S0786,计算机视觉,第一学期,2023
S0786,大学物理,第二学期,2023
S0786,计算机组成原理,第二学期,2023
S0786,物联网技术,第三学期,2023
S0786,人工智能导论,第四学期,2023
S0786,自动驾驶技术,第四学期,2023
S0786,概率论与数理统计,第四学期,2023
S0787,计算机网络,第一学期,2023
S0787,程序设计基础,第一学期,2023
S0787,数据结构,第二学期,2023
S0787,量子计算导论,第二学期,2023
S0787,物联网技术,第三学期,2023
S0787,云计算,第三学期,2023
S0787,离散数学,第三学期,2023
S0787,操作系统,第三学期,2023
S0787,大数据技术,第四学期,2023
S0787,人工智能导论,第四学期,2023
S0787,自动驾驶技术,第五学期,2023
S0788,程序设计基础,第一学期,2023
S0788,数据结构,第一学期,2023
S0788,高等数学,第二学期,2023
S0788,离散数学,第二学期,2023
S0788,算法设计与分析,第二学期,2023
S0788,线性代数,第三学期,2023
S0788,自动驾驶技术,第四学期,2023
S0788,自然语言处理,第五学期,2023
S0788,计算机视觉,第五学期,2023
S0788,信息安全,第六学期,2023
S0788,物联网技术,第一学期,2024
S0788,区块链技术,第一学期,2024
S0789,计算机网络,第一学期,2023
S0789,强化学习,第一学期,2023
S0789,数据库原理,第一学期,2023
S0789,机器学习,第二学期,2023
S0789,计算机视觉,第三学期,2023
S0789,线性代数,第三学期,2023
S0789,人工智能导论,第四学期,2023
S0789,大数据技术,第四学期,2023
S0789,云计算,第四学期,2023
S0790,高等数学,第一学期,2023
S0790,线性代数,第一学期,2023
S0790,算法设计与分析,第二学期,2023
S0790,自动驾驶技术,第二学期,2023
S0790,强化学习,第二学期,2023
S0790,操作系统,第三学期,2023
S0790,信息安全,第三学期,2023
S0790,深度学习,第四学期,2023
S0790,计算机组成原理,第四学期,2023
S0791,高等数学,第一学期,2023
S0791,线性代数,第一学期,2023
S0791,人工智能导论,第一学期,2023
S0791,算法设计与分析,第二学期,2023
S0791,量子计算导论,第三学期,2023
S0791,大数据技术,第三学期,2023
S0791,密码学基础,第三学期,2023
S0791,深度学习,第三学期,2023
S0791,信息安全,第四学期,2023
S0791,嵌入式系统,第五学期,2023
S0791,机器学习,第五学期,2023
S0791,物联网技术,第五学期,2023
S0791,云计算,第五学期,2023
S0791,区块链技术,第六学期,2023
S0791,软件工程,第六学期,2023
S0792,高等数学,第一学期,2023
S0792,大学物理,第二学期,2023
S0792,线性代数,第二学期,2023
S0792,计算机网络,第二学期,2023
S0792,软件工程,第二学期,2023
S0792,信息安全,第三学期,2023
S0792,自动驾驶技术,第三学期,2023
S0792,机器学习,第三学期,2023
S0792,计算机视觉,第四学期,2023
S0792,人工智能导论,第四学期,2023
S0792,操作系统,第四学期,2023
S0792,数据库原理,第四学期,2023
S0792,密码学基础,第五学期,2023
S0793,高等数学,第一学期,2023
S0793,线性代数,第一学期,2023
S0793,概率论与数理统计,第二学期,2023
S0793,程序设计基础,第二学期,2023
S0793,量子计算导论,第二学期,2023
S0793,深度学习,第二学期,2023
S0793,信息安全,第三学期,2023
S0793,软件工程,第三学期,2023
S0793,数据库原理,第三学期,2023
S0794,自然语言处理,第一学期,2023
S0794,计算机组成原理,第二学期,2023
S0794,密码学基础,第二学期,2023
S0794,自动驾驶技术,第二学期,2023
S0794,信息安全,第三学期,2023
S0794,机器学习,第三学期,2023
S0794,数据结构,第四学期,2023
S0794,数据库原理,第五学期,2023
S0794,大学物理,第六学期,2023
S0795,程序设计基础,第一学期,2023
S0795,数据结构,第一学期,2023
S0795,人工智能导论,第一学期,2023
S0795,量子计算导论,第一学期,2023
S0795,自然语言处理,第二学期,2023
S0795,大学物理,第三学期,2023
S0795,软件工程,第三学期,2023
S0795,物联网技术,第三学期,2023
S0795,概率论与数理统计,第三学期,2023
S0795,信息安全,第四学期,2023
S0796,高等数学,第一学期,2023
S0796,大学物理,第一学期,2023
S0796,密码学基础,第一学期,2023
S0796,自然语言处理,第一学期,2023
S0796,自动驾驶技术,第二学期,2023
S0796,数据结构,第二学期,2023
S0796,软件工程,第三学期,2023
S0796,区块链技术,第三学期,2023
S0796,机器学习,第三学期,2023
S0796,强化学习,第三学期,2023
S0796,物联网技术,第四学期,2023
S0797,计算机网络,第一学期,2023
S0797,程序设计基础,第一学期,2023
S0797,数据结构,第一学期,2023
S0797,大学物理,第一学期,2023
S0797,计算机组成原理,第二学期,2023
S0797,深度学习,第三学期,2023
S0797,人工智能导论,第三学期,2023
S0797,大数据技术,第三学期,2023
S0797,概率论与数理统计,第三学期,2023
S0797,数据挖掘,第四学期,2023
S0798,高等数学,第一学期,2023
S0798,离散数学,第一学期,2023
S0798,密码学基础,第一学期,2023
S0798,计算机网络,第一学期,2023
S0798,线性代数,第二学期,2023
S0798,程序设计基础,第三学期,2023
S0798,量子计算导论,第三学期,2023
S0798,机器学习,第三学期,2023
S0798,自然语言处理,第三学期,2023
S0798,深度学习,第四学期,2023
S0798,自动驾驶技术,第四学期,2023
S0798,物联网技术,第四学期,2023
S0798,数据库原理,第五学期,2023
S0799,计算机网络,第一学期,2023
S0799,自动驾驶技术,第二学期,2023
S0799,算法设计与分析,第二学期,2023
S0799,计算机组成原理,第三学期,2023
S0799,自然语言处理,第四学期,2023
S0799,量子计算导论,第四学期,2023
S0799,概率论与数理统计,第四学期,2023
S0799,大数据技术,第四学期,2023
S0799,强化学习,第五学期,2023
S0799,云计算,第五学期,2023
S0799,信息安全,第五学期,2023
S0800,高等数学,第一学期,2023
S0800,离散数学,第二学期,2023
S0800,线性代数,第二学期,2023
S0800,概率论与数理统计,第二学期,2023
S0800,密码学基础,第三学期,2023
S0800,大学物理,第三学期,2023
S0800,数据结构,第四学期,2023
S0800,数据库原理,第五学期,2023
S0800,嵌入式系统,第五学期,2023
S0800,操作系统,第五学期,2023
S0800,数据挖掘,第五学期,2023
S0801,高等数学,第一学期,2023
S0801,线性代数,第一学期,2023
S0801,计算机网络,第二学期,2023
S0801,操作系统,第三学期,2023
S0801,信息安全,第三学期,2023
S0801,云计算,第三学期,2023
S0801,密码学基础,第三学期,2023
S0801,区块链技术,第四学期,2023
S0801,算法设计与分析,第四学期,2023
S0801,大数据技术,第四学期,2023
S0801,人工智能导论,第五学期,2023
S0801,计算机组成原理,第五学期,2023
S0801,自动驾驶技术,第五学期,2023
S0801,量子计算导论,第五学期,2023
S0801,自然语言处理,第六学期,2023
S0802,高等数学,第一学期,2023
S0802,云计算,第二学期,2023
S0802,深度学习,第三学期,2023
S0802,数据挖掘,第三学期,2023
S0802,信息安全,第四学期,2023
S0802,计算机组成原理,第四学期,2023
S0802,计算机视觉,第五学期,2023
S0802,人工智能导论,第五学期,2023
S0803,计算机网络,第一学期,2023
S0803,高等数学,第一学期,2023
S0803,大学物理,第一学期,2023
S0803,概率论与数理统计,第一学期,2023
S0803,操作系统,第二学期,2023
S0803,信息安全,第二学期,2023
S0803,深度学习,第二学期,2023
S0803,大数据技术,第三学期,2023
S0803,软件工程,第四学期,2023
S0804,计算机网络,第一学期,2023
S0804,线性代数,第二学期,2023
S0804,算法设计与分析,第二学期,2023
S0804,强化学习,第二学期,2023
S0804,云计算,第三学期,2023
S0804,人工智能导论,第三学期,2023
S0804,量子计算导论,第三学期,2023
S0804,嵌入式系统,第三学期,2023
S0804,数据库原理,第四学期,2023
S0804,信息安全,第四学期,2023
S0804,机器学习,第四学期,2023
S0804,大学物理,第五学期,2023
S0804,操作系统,第五学期,2023
S0805,高等数学,第一学期,2023
S0805,程序设计基础,第一学期,2023
S0805,离散数学,第一学期,2023
S0805,概率论与数理统计,第一学期,2023
S0805,嵌入式系统,第二学期,2023
S0805,人工智能导论,第三学期,2023
S0805,信息安全,第三学期,2023
S0805,量子计算导论,第三学期,2023
S0805,云计算,第四学期,2023
S0805,大数据技术,第五学期,2023
S0805,自然语言处理,第六学期,2023
S0805,操作系统,第六学期,2023
S0805,软件工程,第六学期,2023
S0805,数据库原理,第一学期,2024
S0806,高等数学,第一学期,2023
S0806,程序设计基础,第一学期,2023
S0806,离散数学,第一学期,2023
S0806,密码学基础,第一学期,2023
S0806,大学物理,第二学期,2023
S0806,计算机网络,第二学期,2023
S0806,区块链技术,第三学期,2023
S0806,自然语言处理,第三学期,2023
S0806,自动驾驶技术,第三学期,2023
S0806,物联网技术,第三学期,2023
S0806,深度学习,第四学期,2023
S0806,软件工程,第四学期,2023
S0806,数据挖掘,第四学期,2023
S0806,计算机视觉,第五学期,2023
S0806,数据库原理,第五学期,2023
S0807,计算机网络,第一学期,2023
S0807,计算机视觉,第一学期,2023
S0807,操作系统,第一学期,2023
S0807,信息安全,第一学期,2023
S0807,大数据技术,第二学期,2023
S0807,机器学习,第二学期,2023
S0807,区块链技术,第二学期,2023
S0807,数据结构,第二学期,2023
S0807,数据库原理,第三学期,2023
S0808,高等数学,第一学期,2023
S0808,离散数学,第一学期,2023
S0808,计算机网络,第一学期,2023
S0808,量子计算导论,第二学期,2023
S0808,物联网技术,第二学期,2023
S0808,计算机组成原理,第二学期,2023
S0808,自动驾驶技术,第二学期,2023
S0808,深度学习,第三学期,2023
S0808,数据库原理,第三学期,2023
S0808,数据结构,第三学期,2023
S0809,程序设计基础,第一学期,2023
S0809,数据结构,第一学期,2023
S0809,计算机网络,第二学期,2023
S0809,强化学习,第三学期,2023
S0809,大学物理,第四学期,2023
S0809,计算机组成原理,第四学期,2023
S0809,嵌入式系统,第四学期,2023
S0809,深度学习,第五学期,2023
S0809,量子计算导论,第五学期,2023
S0809,概率论与数理统计,第六学期,2023
S0809,软件工程,第六学期,2023
S0809,计算机视觉,第六学期,2023
S0810,高等数学,第一学期,2023
S0810,概率论与数理统计,第一学期,2023
S0810,强化学习,第一学期,2023
S0810,数据结构,第一学期,2023
S0810,算法设计与分析,第二学期,2023
S0810,数据库原理,第三学期,2023
S0810,人工智能导论,第三学期,2023
S0810,量子计算导论,第三学期,2023
S0810,大数据技术,第四学期,2023
S0810,数据挖掘,第五学期,2023
S0810,信息安全,第六学期,2023
S0810,区块链技术,第六学期,2023
S0810,计算机视觉,第六学期,2023
S0810,嵌入式系统,第六学期,2023
S0811,程序设计基础,第一学期,2023
S0811,计算机网络,第二学期,2023
S0811,密码学基础,第三学期,2023
S0811,数据挖掘,第四学期,2023
S0811,数据库原理,第四学期,2023
S0811,物联网技术,第四学期,2023
S0811,云计算,第五学期,2023
S0811,机器学习,第六学期,2023
S0811,操作系统,第六学期,2023
S0811,计算机组成原理,第六学期,2023
S0812,程序设计基础,第一学期,2023
S0812,计算机网络,第一学期,2023
S0812,数据结构,第一学期,2023
S0812,算法设计与分析,第一学期,2023
S0812,数据挖掘,第二学期,2023
S0812,机器学习,第二学期,2023
S0812,自然语言处理,第二学期,2023
S0812,软件工程,第二学期,2023
S0812,云计算,第三学期,2023
S0812,物联网技术,第三学期,2023
S0812,离散数学,第三学期,2023
S0812,密码学基础,第三学期,2023
S0812,操作系统,第四学期,2023
S0813,程序设计基础,第一学期,2023
S0813,人工智能导论,第一学期,2023
S0813,线性代数,第一学期,2023
S0813,操作系统,第二学期,2023
S0813,自然语言处理,第二学期,2023
S0813,机器学习,第二学期,2023
S0813,计算机视觉,第三学期,2023
S0813,密码学基础,第三学期,2023
S0813,大数据技术,第三学期,2023
S0813,云计算,第三学期,2023
S0813,大学物理,第四学期,2023
S0813,信息安全,第四学期,2023
S0814,程序设计基础,第一学期,2023
S0814,计算机网络,第一学期,2023
S0814,自然语言处理,第一学期,2023
S0814,计算机视觉,第一学期,2023
S0814,信息安全,第二学期,2023
S0814,密码学基础,第二学期,2023
S0814,区块链技术,第三学期,2023
S0814,软件工程,第三学期,2023
S0814,线性代数,第三学期,2023
S0814,大数据技术,第三学期,2023
S0814,量子计算导论,第四学期,2023
S0814,计算机组成原理,第四学期,2023
S0815,高等数学,第一学期,2023
S0815,线性代数,第一学期,2023
S0815,信息安全,第一学期,2023
S0815,自然语言处理,第一学期,2023
S0815,大数据技术,第二学期,2023
S0815,计算机视觉,第二学期,2023
S0815,物联网技术,第三学期,2023
S0815,云计算,第三学期,2023
S0816,程序设计基础,第一学期,2023
S0816,高等数学,第二学期,2023
S0816,大学物理,第二学期,2023
S0816,线性代数,第三学期,2023
S0816,离散数学,第四学期,2023
S0816,概率论与数理统计,第五学期,2023
S0816,计算机网络,第六学期,2023
S0816,大数据技术,第六学期,2023
S0816,区块链技术,第六学期,2023
S0816,数据库原理,第六学期,2023
S0816,数据挖掘,第一学期,2024
S0816,机器学习,第一学期,2024
S0817,高等数学,第一学期,2023
S0817,离散数学,第一学期,2023
S0817,计算机网络,第二学期,2023
S0817,概率论与数理统计,第二学期,2023
S0817,强化学习,第二学期,2023
S0817,数据结构,第三学期,2023
S0817,算法设计与分析,第三学期,2023
S0817,物联网技术,第四学期,2023
S0818,量子计算导论,第一学期,2023
S0818,操作系统,第二学期,2023
S0818,自然语言处理,第二学期,2023
S0818,区块链技术,第二学期,2023
S0818,强化学习,第二学期,2023
S0818,离散数学,第三学期,2023
S0818,嵌入式系统,第三学期,2023
S0818,自动驾驶技术,第三学期,2023
S0818,软件工程,第三学期,2023
S0818,线性代数,第四学期,2023
S0818,密码学基础,第五学期,2023
S0818,信息安全,第五学期,2023
S0818,人工智能导论,第六学期,2023
S0819,计算机网络,第一学期,2023
S0819,人工智能导论,第二学期,2023
S0819,数据库原理,第二学期,2023
S0819,数据挖掘,第三学期,2023
S0819,数据结构,第四学期,2023
S0819,自然语言处理,第四学期,2023
S0819,机器学习,第五学期,2023
S0819,密码学基础,第六学期,2023
S0819,区块链技术,第一学期,2024
S0819,量子计算导论,第一学期,2024
S0819,操作系统,第一学期,2024
S0819,离散数学,第一学期,2024
S0819,计算机组成原理,第二学期,2024
S0820,程序设计基础,第一学期,2023
S0820,高等数学,第二学期,2023
S0820,离散数学,第二学期,2023
S0820,深度学习,第二学期,2023
S0820,机器学习,第二学期,2023
S0820,强化学习,第三学期,2023
S0820,算法设计与分析,第三学期,2023
S0820,软件工程,第四学期,2023
S0820,自动驾驶技术,第四学期,2023
S0820,数据库原理,第四学期,2023
S0820,人工智能导论,第四学期,2023
S0820,计算机组成原理,第五学期,2023
S0820,大数据技术,第五学期,2023
S0820,区块链技术,第五学期,2023
S0821,高等数学,第一学期,2023
S0821,大学物理,第一学期,2023
S0821,概率论与数理统计,第一学期,2023
S0821,计算机组成原理,第一学期,2023
S0821,强化学习,第二学期,2023
S0821,人工智能导论,第二学期,2023
S0821,云计算,第二学期,2023
S0821,信息安全,第三学期,2023
S0822,高等数学,第一学期,2023
S0822,操作系统,第一学期,2023
S0822,信息安全,第二学期,2023
S0822,物联网技术,第二学期,2023
S0822,自动驾驶技术,第二学期,2023
S0822,量子计算导论,第二学期,2023
S0822,自然语言处理,第三学期,2023
S0822,大数据技术,第四学期,2023
S0822,数据结构,第四学期,2023
S0822,算法设计与分析,第四学期,2023
S0822,深度学习,第五学期,2023
S0822,云计算,第五学期,2023
S0823,计算机网络,第一学期,2023
S0823,计算机组成原理,第一学期,2023
S0823,操作系统,第一学期,2023
S0823,云计算,第一学期,2023
S0823,量子计算导论,第二学期,2023
S0823,自动驾驶技术,第二学期,2023
S0823,物联网技术,第三学期,2023
S0823,数据库原理,第三学期,2023
S0823,数据结构,第三学期,2023
S0823,算法设计与分析,第三学期,2023
S0823,计算机视觉,第四学期,2023
S0823,线性代数,第四学期,2023
S0823,大学物理,第四学期,2023
S0823,自然语言处理,第四学期,2023
S0823,离散数学,第五学期,2023
S0824,高等数学,第一学期,2023
S0824,大学物理,第一学期,2023
S0824,概率论与数理统计,第二学期,2023
S0824,信息安全,第二学期,2023
S0824,云计算,第二学期,2023
S0824,密码学基础,第二学期,2023
S0824,大数据技术,第三学期,2023
S0824,人工智能导论,第三学期,2023
S0824,自然语言处理,第三学期,2023
S0824,操作系统,第四学期,2023
S0824,嵌入式系统,第四学期,2023
S0824,数据库原理,第四学期,2023
S0824,计算机视觉,第四学期,2023
S0824,深度学习,第五学期,2023
S0824,强化学习,第五学期,2023
S0825,程序设计基础,第一学期,2023
S0825,高等数学,第二学期,2023
S0825,计算机网络,第二学期,2023
S0825,大学物理,第二学期,2023
S0825,云计算,第三学期,2023
S0825,自然语言处理,第四学期,2023
S0825,信息安全,第四学期,2023
S0825,嵌入式系统,第四学期,2023
S0825,计算机视觉,第五学期,2023
S0825,软件工程,第六学期,2023
S0825,密码学基础,第六学期,2023
S0825,数据挖掘,第六学期,2023
S0826,机器学习,第一学期,2023
S0826,深度学习,第一学期,2023
S0826,自然语言处理,第一学期,2023
S0826,操作系统,第一学期,2023
S0826,大学物理,第二学期,2023
S0826,云计算,第三学期,2023
S0826,信息安全,第三学期,2023
S0826,物联网技术,第三学期,2023
S0826,嵌入式系统,第三学期,2023
S0826,数据挖掘,第四学期,2023
S0827,高等数学,第一学期,2023
S0827,线性代数,第一学期,2023
S0827,计算机网络,第一学期,2023
S0827,量子计算导论,第一学期,2023
S0827,自动驾驶技术,第二学期,2023
S0827,数据结构,第二学期,2023
S0827,数据库原理,第二学期,2023
S0827,区块链技术,第二学期,2023
S0827,信息安全,第三学期,2023
S0827,云计算,第三学期,2023
S0827,强化学习,第三学期,2023
S0827,物联网技术,第三学期,2023
S0828,计算机网络,第一学期,2023
S0828,大数据技术,第一学期,2023
S0828,数据挖掘,第一学期,2023
S0828,计算机视觉,第二学期,2023
S0828,云计算,第二学期,2023
S0828,数据库原理,第二学期,2023
S0828,软件工程,第二学期,2023
S0828,物联网技术,第三学期,2023
S0828,线性代数,第三学期,2023
S0829,高等数学,第一学期,2023
S0829,线性代数,第一学期,2023
S0829,程序设计基础,第一学期,2023
S0829,数据结构,第二学期,2023
S0829,计算机网络,第二学期,2023
S0829,物联网技术,第二学期,2023
S0829,软件工程,第三学期,2023
S0829,嵌入式系统,第三学期,2023
S0829,区块链技术,第四学期,2023
S0829,深度学习,第四学期,2023
S0829,大数据技术,第五学期,2023
S0830,计算机网络,第一学期,2023
S0830,程序设计基础,第一学期,2023
S0830,数据库原理,第一学期,2023
S0830,机器学习,第一学期,2023
S0830,概率论与数理统计,第二学期,2023
S0830,操作系统,第二学期,2023
S0830,大数据技术,第三学期,2023
S0830,信息安全,第三学期,2023
S0830,嵌入式系统,第三学期,2023
S0830,软件工程,第四学期,2023
S0830,线性代数,第四学期,2023
S0830,量子计算导论,第五学期,2023
S0831,高等数学,第一学期,2023
S0831,程序设计基础,第一学期,2023
S0831,数据结构,第一学期,2023
S0831,线性代数,第一学期,2023
S0831,离散数学,第二学期,2023
S0831,机器学习,第三学期,2023
S0831,自然语言处理,第三学期,2023
S0831,深度学习,第三学期,2023
S0831,强化学习,第三学期,2023
S0831,计算机视觉,第四学期,2023
S0831,数据挖掘,第四学期,2023
S0831,区块链技术,第四学期,2023
S0831,云计算,第四学期,2023
S0831,操作系统,第五学期,2023
S0831,软件工程,第五学期,2023
S0832,计算机网络,第一学期,2023
S0832,程序设计基础,第一学期,2023
S0832,数据结构,第一学期,2023
S0832,数据库原理,第一学期,2023
S0832,大学物理,第二学期,2023
S0832,线性代数,第二学期,2023
S0832,人工智能导论,第二学期,2023
S0832,强化学习,第二学期,2023
S0832,深度学习,第三学期,2023
S0832,数据挖掘,第四学期,2023
S0832,操作系统,第四学期,2023
S0832,概率论与数理统计,第四学期,2023
S0832,嵌入式系统,第四学期,2023
S0832,计算机视觉,第五学期,2023
S0833,计算机网络,第一学期,2023
S0833,云计算,第一学期,2023
S0833,数据库原理,第一学期,2023
S0833,大学物理,第一学期,2023
S0833,计算机组成原理,第二学期,2023
S0833,操作系统,第二学期,2023
S0833,信息安全,第三学期,2023
S0833,数据结构,第四学期,2023
S0833,自然语言处理,第四学期,2023
S0833,概率论与数理统计,第四学期,2023
S0834,程序设计基础,第一学期,2023
S0834,计算机网络,第二学期,2023
S0834,深度学习,第二学期,2023
S0834,计算机视觉,第三学期,2023
S0834,区块链技术,第四学期,2023
S0834,离散数学,第五学期,2023
S0834,数据挖掘,第六学期,2023
S0834,数据库原理,第六学期,2023
S0834,自动驾驶技术,第六学期,2023
S0834,概率论与数理统计,第一学期,2024
S0834,嵌入式系统,第一学期,2024
S0834,物联网技术,第一学期,2024
S0834,信息安全,第一学期,2024
S0834,线性代数,第二学期,2024
S0834,密码学基础,第二学期,2024
S0835,物联网技术,第一学期,2023
S0835,信息安全,第一学期,2023
S0835,数据库原理,第一学期,2023
S0835,自动驾驶技术,第一学期,2023
S0835,算法设计与分析,第二学期,2023
S0835,操作系统,第二学期,2023
S0835,大数据技术,第二学期,2023
S0835,软件工程,第二学期,2023
S0836,高等数学,第一学期,2023
S0836,程序设计基础,第二学期,2023
S0836,数据结构,第二学期,2023
S0836,算法设计与分析,第二学期,2023
S0836,计算机网络,第三学期,2023
S0836,数据库原理,第三学期,2023
S0836,自动驾驶技术,第四学期,2023
S0836,深度学习,第四学期,2023
S0836,强化学习,第四学期,2023
S0836,自然语言处理,第四学期,2023
S0836,大数据技术,第五学期,2023
S0836,云计算,第六学期,2023
S0836,物联网技术,第六学期,2023
S0836,嵌入式系统,第六学期,2023
S0836,量子计算导论,第六学期,2023
S0837,线性代数,第一学期,2023
S0837,嵌入式系统,第一学期,2023
S0837,计算机组成原理,第一学期,2023
S0837,区块链技术,第二学期,2023
S0837,数据结构,第二学期,2023
S0837,算法设计与分析,第二学期,2023
S0837,离散数学,第三学期,2023
S0837,深度学习,第四学期,2023
S0837,人工智能导论,第四学期,2023
S0837,大数据技术,第四学期,2023
S0837,量子计算导论,第四学期,2023
S0837,数据挖掘,第五学期,2023
S0837,计算机视觉,第五学期,2023
S0837,物联网技术,第五学期,2023
S0837,软件工程,第五学期,2023
S0838,计算机网络,第一学期,2023
S0838,信息安全,第二学期,2023
S0838,量子计算导论,第二学期,2023
S0838,操作系统,第二学期,2023
S0838,自然语言处理,第三学期,2023
S0838,自动驾驶技术,第三学期,2023
S0838,大学物理,第三学期,2023
S0838,物联网技术,第四学期,2023
S0838,深度学习,第四学期,2023
S0839,高等数学,第一学期,2023
S0839,离散数学,第二学期,2023
S0839,大学物理,第二学期,2023
S0839,大数据技术,第三学期,2023
S0839,云计算,第三学期,2023
S0839,深度学习,第三学期,2023
S0839,人工智能导论,第三学期,2023
S0839,数据库原理,第四学期,2023
S0840,大学物理,第一学期,2023
S0840,概率论与数理统计,第一学期,2023
S0840,物联网技术,第二学期,2023
S0840,数据库原理,第二学期,2023
S0840,自动驾驶技术,第二学期,2023
S0840,人工智能导论,第二学期,2023
S0840,云计算,第三学期,2023
S0840,计算机视觉,第四学期,2023
S0840,量子计算导论,第四学期,2023
S0840,软件工程,第四学期,2023
S0840,嵌入式系统,第四学期,2023
S0841,程序设计基础,第一学期,2023
S0841,计算机组成原理,第一学期,2023
S0841,操作系统,第二学期,2023
S0841,深度学习,第三学期,2023
S0841,强化学习,第四学期,2023
S0841,软件工程,第五学期,2023
S0841,数据库原理,第五学期,2023
S0841,计算机视觉,第五学期,2023
S0841,自然语言处理,第五学期,2023
S0841,人工智能导论,第六学期,2023
S0841,区块链技术,第六学期,2023
S0842,计算机网络,第一学期,2023
S0842,高等数学,第一学期,2023
S0842,线性代数,第二学期,2023
S0842,量子计算导论,第三学期,2023
S0842,软件工程,第三学期,2023
S0842,机器学习,第三学期,2023
S0842,深度学习,第三学期,2023
S0842,算法设计与分析,第四学期,2023
S0842,嵌入式系统,第五学期,2023
S0842,物联网技术,第五学期,2023
S0842,自动驾驶技术,第五学期,2023
S0842,数据挖掘,第五学期,2023
S0842,数据库原理,第六学期,2023
S0843,计算机网络,第一学期,2023
S0843,云计算,第二学期,2023
S0843,数据挖掘,第二学期,2023
S0843,算法设计与分析,第二学期,2023
S0843,数据结构,第二学期,2023
S0843,数据库原理,第三学期,2023
S0843,密码学基础,第三学期,2023
S0843,信息安全,第三学期,2023
S0843,大学物理,第四学期,2023
S0843,物联网技术,第五学期,2023
S0843,嵌入式系统,第五学期,2023
S0843,深度学习,第五学期,2023
S0843,机器学习,第六学期,2023
S0843,计算机视觉,第六学期,2023
S0843,软件工程,第六学期,2023
S0844,机器学习,第一学期,2023
S0844,强化学习,第二学期,2023
S0844,数据库原理,第二学期,2023
S0844,计算机组成原理,第二学期,2023
S0844,嵌入式系统,第三学期,2023
S0844,数据结构,第三学期,2023
S0844,物联网技术,第三学期,2023
S0844,区块链技术,第三学期,2023
S0845,高等数学,第一学期,2023
S0845,离散数学,第二学期,2023
S0845,密码学基础,第二学期,2023
S0845,概率论与数理统计,第二学期,2023
S0845,软件工程,第二学期,2023
S0845,机器学习,第三学期,2023
S0845,强化学习,第三学期,2023
S0845,算法设计与分析,第三学期,2023
S0845,云计算,第四学期,2023
S0845,数据挖掘,第四学期,2023
S0845,物联网技术,第五学期,2023
S0845,数据库原理,第五学期,2023
S0846,高等数学,第一学期,2023
S0846,概率论与数理统计,第一学期,2023
S0846,程序设计基础,第一学期,2023
S0846,信息安全,第一学期,2023
S0846,强化学习,第二学期,2023
S0846,操作系统,第三学期,2023
S0846,大数据技术,第四学期,2023
S0846,计算机视觉,第四学期,2023
S0846,物联网技术,第四学期,2023
S0847,高等数学,第一学期,2023
S0847,线性代数,第二学期,2023
S0847,大数据技术,第二学期,2023
S0847,密码学基础,第二学期,2023
S0847,操作系统,第二学期,2023
S0847,自动驾驶技术,第三学期,2023
S0847,算法设计与分析,第三学期,2023
S0847,强化学习,第四学期,2023
S0847,人工智能导论,第四学期,2023
S0847,计算机组成原理,第四学期,2023
S0847,自然语言处理,第四学期,2023
S0847,物联网技术,第五学期,2023
S0848,高等数学,第一学期,2023
S0848,概率论与数理统计,第一学期,2023
S0848,计算机网络,第一学期,2023
S0848,离散数学,第一学期,2023
S0848,密码学基础,第二学期,2023
S0848,区块链技术,第三学期,2023
S0848,信息安全,第四学期,2023
S0848,自动驾驶技术,第四学期,2023
S0848,大数据技术,第四学期,2023
S0848,操作系统,第五学期,2023
S0848,人工智能导论,第六学期,2023
S0848,计算机组成原理,第六学期,2023
S0848,嵌入式系统,第六学期,2023
S0848,自然语言处理,第六学期,2023
S0848,强化学习,第一学期,2024
S0849,程序设计基础,第一学期,2023
S0849,高等数学,第一学期,2023
S0849,数据结构,第一学期,2023
S0849,数据库原理,第二学期,2023
S0849,线性代数,第三学期,2023
S0849,量子计算导论,第三学期,2023
S0849,计算机视觉,第四学期,2023
S0849,嵌入式系统,第五学期,2023
S0850,高等数学,第一学期,2023
S0850,程序设计基础,第二学期,2023
S0850,离散数学,第二学期,2023
S0850,线性代数,第二学期,2023
S0850,密码学基础,第三学期,2023
S0850,自然语言处理,第三学期,2023
S0850,操作系统,第三学期,2023
S0850,强化学习,第三学期,2023
S0850,物联网技术,第四学期,2023
S0850,信息安全,第四学期,2023
S0850,量子计算导论,第五学期,2023
S0850,大数据技术,第五学期,2023
S0850,数据挖掘,第六学期,2023
S0850,区块链技术,第六学期,2023
S0851,程序设计基础,第一学期,2023
S0851,数据结构,第二学期,2023
S0851,算法设计与分析,第三学期,2023
S0851,自然语言处理,第三学期,2023
S0851,操作系统,第三学期,2023
S0851,云计算,第四学期,2023
S0851,物联网技术,第四学期,2023
S0851,人工智能导论,第四学期,2023
S0851,概率论与数理统计,第四学期,2023
S0852,云计算,第一学期,2023
S0852,数据挖掘,第一学期,2023
S0852,离散数学,第一学期,2023
S0852,大学物理,第一学期,2023
S0852,软件工程,第二学期,2023
S0852,人工智能导论,第二学期,2023
S0852,数据库原理,第三学期,2023
S0852,机器学习,第三学期,2023
S0852,量子计算导论,第三学期,2023
S0853,区块链技术,第一学期,2023
S0853,量子计算导论,第一学期,2023
S0853,离散数学,第二学期,2023
S0853,云计算,第三学期,2023
S0853,数据库原理,第三学期,2023
S0853,人工智能导论,第三学期,2023
S0853,概率论与数理统计,第四学期,2023
S0853,深度学习,第四学期,2023
S0853,信息安全,第四学期,2023
S0854,程序设计基础,第一学期,2023
S0854,自然语言处理,第一学期,2023
S0854,信息安全,第二学期,2023
S0854,量子计算导论,第三学期,2023
S0854,大数据技术,第三学期,2023
S0854,软件工程,第三学期,2023
S0854,物联网技术,第四学期,2023
S0854,密码学基础,第四学期,2023
S0854,强化学习,第五学期,2023
S0854,操作系统,第五学期,2023
S0854,离散数学,第五学期,2023
S0855,计算机网络,第一学期,2023
S0855,高等数学,第一学期,2023
S0855,概率论与数理统计,第二学期,2023
S0855,密码学基础,第二学期,2023
S0855,数据挖掘,第三学期,2023
S0855,信息安全,第四学期,2023
S0855,数据结构,第四学期,2023
S0855,人工智能导论,第四学期,2023
S0855,数据库原理,第四学期,2023
S0855,自动驾驶技术,第五学期,2023
S0855,操作系统,第五学期,2023
S0856,高等数学,第一学期,2023
S0856,线性代数,第二学期,2023
S0856,程序设计基础,第三学期,2023
S0856,数据结构,第三学期,2023
S0856,算法设计与分析,第三学期,2023
S0856,物联网技术,第三学期,2023
S0856,云计算,第四学期,2023
S0856,软件工程,第四学期,2023
S0856,嵌入式系统,第四学期,2023
S0856,信息安全,第四学期,2023
S0856,自动驾驶技术,第五学期,2023
S0856,量子计算导论,第六学期,2023
S0856,大数据技术,第六学期,2023
S0856,自然语言处理,第六学期,2023
S0856,数据挖掘,第一学期,2024
S0857,高等数学,第一学期,2023
S0857,程序设计基础,第二学期,2023
S0857,大学物理,第二学期,2023
S0857,概率论与数理统计,第二学期,2023
S0857,离散数学,第三学期,2023
S0857,计算机组成原理,第三学期,2023
S0857,操作系统,第三学期,2023
S0857,密码学基础,第三学期,2023
S0857,大数据技术,第四学期,2023
S0857,计算机视觉,第四学期,2023
S0857,量子计算导论,第四学期,2023
S0857,自然语言处理,第四学期,2023
S0857,数据库原理,第五学期,2023
S0857,强化学习,第六学期,2023
S0857,深度学习,第六学期,2023
S0858,机器学习,第一学期,2023
S0858,计算机视觉,第一学期,2023
S0858,自然语言处理,第一学期,2023
S0858,概率论与数理统计,第一学期,2023
S0858,密码学基础,第二学期,2023
S0858,软件工程,第二学期,2023
S0858,量子计算导论,第二学期,2023
S0858,信息安全,第二学期,2023
S0858,人工智能导论,第三学期,2023
S0858,大学物理,第三学期,2023
S0858,数据挖掘,第四学期,2023
S0858,嵌入式系统,第五学期,2023
S0858,云计算,第五学期,2023
S0858,数据库原理,第六学期,2023
S0859,高等数学,第一学期,2023
S0859,概率论与数理统计,第一学期,2023
S0859,计算机网络,第二学期,2023
S0859,计算机视觉,第二学期,2023
S0859,数据库原理,第二学期,2023
S0859,计算机组成原理,第三学期,2023
S0859,软件工程,第三学期,2023
S0859,数据挖掘,第四学期,2023
S0859,人工智能导论,第四学期,2023
S0859,密码学基础,第四学期,2023
S0859,强化学习,第五学期,2023
S0859,云计算,第五学期,2023
S0860,高等数学,第一学期,2023
S0860,概率论与数理统计,第一学期,2023
S0860,离散数学,第二学期,2023
S0860,线性代数,第二学期,2023
S0860,信息安全,第三学期,2023
S0860,算法设计与分析,第三学期,2023
S0860,软件工程,第三学期,2023
S0860,强化学习,第三学期,2023
S0860,操作系统,第四学期,2023
S0860,人工智能导论,第四学期,2023
S0861,区块链技术,第一学期,2023
S0861,机器学习,第一学期,2023
S0861,自然语言处理,第一学期,2023
S0861,深度学习,第二学期,2023
S0861,数据结构,第二学期,2023
S0861,大数据技术,第二学期,2023
S0861,离散数学,第三学期,2023
S0861,自动驾驶技术,第四学期,2023
S0861,线性代数,第四学期,2023
S0862,计算机网络,第一学期,2023
S0862,高等数学,第一学期,2023
S0862,离散数学,第一学期,2023
S0862,计算机视觉,第一学期,2023
S0862,算法设计与分析,第二学期,2023
S0862,机器学习,第二学期,2023
S0862,强化学习,第二学期,2023
S0862,嵌入式系统,第二学期,2023
S0862,软件工程,第三学期,2023
S0862,数据结构,第三学期,2023
S0862,数据库原理,第三学期,2023
S0862,数据挖掘,第三学期,2023
S0862,信息安全,第四学期,2023
S0863,计算机网络,第一学期,2023
S0863,程序设计基础,第一学期,2023
S0863,数据结构,第二学期,2023
S0863,数据库原理,第二学期,2023
S0863,量子计算导论,第二学期,2023
S0863,强化学习,第三学期,2023
S0863,云计算,第三学期,2023
S0863,操作系统,第三学期,2023
S0864,计算机网络,第一学期,2023
S0864,高等数学,第一学期,2023
S0864,大学物理,第一学期,2023
S0864,程序设计基础,第一学期,2023
S0864,离散数学,第二学期,2023
S0864,数据结构,第二学期,2023
S0864,算法设计与分析,第二学期,2023
S0864,数据库原理,第二学期,2023
S0864,深度学习,第三学期,2023
S0864,操作系统,第三学期,2023
S0864,信息安全,第三学期,2023
S0864,软件工程,第三学期,2023
S0864,机器学习,第四学期,2023
S0864,数据挖掘,第四学期,2023
S0864,计算机视觉,第四学期,2023
S0865,程序设计基础,第一学期,2023
S0865,数据结构,第一学期,2023
S0865,数据库原理,第二学期,2023
S0865,数据挖掘,第二学期,2023
S0865,线性代数,第二学期,2023
S0865,离散数学,第三学期,2023
S0865,操作系统,第三学期,2023
S0865,自动驾驶技术,第四学期,2023
S0865,机器学习,第四学期,2023
S0865,强化学习,第五学期,2023
S0865,人工智能导论,第五学期,2023
S0865,物联网技术,第六学期,2023
S0865,计算机组成原理,第六学期,2023
S0865,信息安全,第一学期,2024
S0865,区块链技术,第一学期,2024
S0866,高等数学,第一学期,2023
S0866,程序设计基础,第一学期,2023
S0866,信息安全,第一学期,2023
S0866,嵌入式系统,第二学期,2023
S0866,自动驾驶技术,第二学期,2023
S0866,自然语言处理,第二学期,2023
S0866,深度学习,第二学期,2023
S0866,软件工程,第三学期,2023
S0866,区块链技术,第三学期,2023
S0866,大数据技术,第三学期,2023
S0867,计算机网络,第一学期,2023
S0867,高等数学,第一学期,2023
S0867,操作系统,第二学期,2023
S0867,云计算,第二学期,2023
S0867,数据结构,第二学期,2023
S0867,自动驾驶技术,第二学期,2023
S0867,人工智能导论,第三学期,2023
S0867,机器学习,第四学期,2023
S0868,计算机网络,第一学期,2023
S0868,大数据技术,第二学期,2023
S0868,信息安全,第二学期,2023
S0868,云计算,第二学期,2023
S0868,物联网技术,第二学期,2023
S0868,密码学基础,第三学期,2023
S0868,离散数学,第三学期,2023
S0868,自动驾驶技术,第三学期,2023
S0868,数据挖掘,第四学期,2023
S0868,大学物理,第四学期,2023
S0868,嵌入式系统,第五学期,2023
S0868,概率论与数理统计,第六学期,2023
S0868,数据库原理,第一学期,2024
S0869,计算机网络,第一学期,2023
S0869,程序设计基础,第一学期,2023
S0869,算法设计与分析,第一学期,2023
S0869,区块链技术,第二学期,2023
S0869,嵌入式系统,第二学期,2023
S0869,大数据技术,第三学期,2023
S0869,大学物理,第四学期,2023
S0869,软件工程,第四学期,2023
S0869,线性代数,第四学期,2023
S0869,深度学习,第五学期,2023
S0869,计算机视觉,第五学期,2023
S0869,操作系统,第五学期,2023
S0869,云计算,第五学期,2023
S0869,人工智能导论,第六学期,2023
S0869,数据库原理,第六学期,2023
S0870,高等数学,第一学期,2023
S0870,离散数学,第一学期,2023
S0870,计算机网络,第一学期,2023
S0870,数据结构,第二学期,2023
S0870,大数据技术,第二学期,2023
S0870,计算机视觉,第二学期,2023
S0870,云计算,第二学期,2023
S0870,物联网技术,第三学期,2023
S0870,信息安全,第三学期,2023
S0870,人工智能导论,第四学期,2023
S0871,高等数学,第一学期,2023
S0871,概率论与数理统计,第一学期,2023
S0871,计算机网络,第一学期,2023
S0871,大数据技术,第一学期,2023
S0871,区块链技术,第二学期,2023
S0871,信息安全,第二学期,2023
S0871,数据挖掘,第二学期,2023
S0871,物联网技术,第二学期,2023
S0871,机器学习,第三学期,2023
S0871,深度学习,第四学期,2023
S0871,数据库原理,第四学期,2023
S0871,算法设计与分析,第四学期,2023
S0871,自动驾驶技术,第四学期,2023
S0871,量子计算导论,第五学期,2023
S0871,软件工程,第六学期,2023
S0872,计算机网络,第一学期,2023
S0872,大学物理,第一学期,2023
S0872,算法设计与分析,第一学期,2023
S0872,软件工程,第一学期,2023
S0872,人工智能导论,第二学期,2023
S0872,机器学习,第二学期,2023
S0872,计算机视觉,第二学期,2023
S0872,信息安全,第三学期,2023
S0872,嵌入式系统,第三学期,2023
S0873,计算机网络,第一学期,2023
S0873,算法设计与分析,第二学期,2023
S0873,深度学习,第二学期,2023
S0873,操作系统,第二学期,2023
S0873,信息安全,第二学期,2023
S0873,线性代数,第三学期,2023
S0873,数据库原理,第三学期,2023
S0873,区块链技术,第三学期,2023
S0874,高等数学,第一学期,2023
S0874,算法设计与分析,第一学期,2023
S0874,量子计算导论,第二学期,2023
S0874,计算机组成原理,第二学期,2023
S0874,操作系统,第三学期,2023
S0874,信息安全,第三学期,2023
S0874,机器学习,第三学期,2023
S0874,区块链技术,第三学期,2023
S0874,软件工程,第四学期,2023
S0874,数据结构,第五学期,2023
S0874,大数据技术,第五学期,2023
S0874,密码学基础,第五学期,2023
S0875,程序设计基础,第一学期,2023
S0875,计算机组成原理,第二学期,2023
S0875,操作系统,第二学期,2023
S0875,大学物理,第三学期,2023
S0875,人工智能导论,第四学期,2023
S0875,机器学习,第四学期,2023
S0875,概率论与数理统计,第四学期,2023
S0875,数据库原理,第四学期,2023
S0875,信息安全,第五学期,2023
S0876,程序设计基础,第一学期,2023
S0876,数据结构,第一学期,2023
S0876,云计算,第一学期,2023
S0876,密码学基础,第一学期,2023
S0876,概率论与数理统计,第二学期,2023
S0876,机器学习,第二学期,2023
S0876,强化学习,第二学期,2023
S0876,自然语言处理,第二学期,2023
S0876,离散数学,第三学期,2023
S0876,大学物理,第四学期,2023
S0876,计算机组成原理,第四学期,2023
S0876,操作系统,第五学期,2023
S0877,高等数学,第一学期,2023
S0877,离散数学,第一学期,2023
S0877,线性代数,第一学期,2023
S0877,大学物理,第一学期,2023
S0877,物联网技术,第二学期,2023
S0877,深度学习,第二学期,2023
S0877,量子计算导论,第二学期,2023
S0877,自动驾驶技术,第二学期,2023
S0877,自然语言处理,第三学期,2023
S0878,高等数学,第一学期,2023
S0878,自然语言处理,第二学期,2023
S0878,人工智能导论,第二学期,2023
S0878,数据结构,第二学期,2023
S0878,算法设计与分析,第三学期,2023
S0878,深度学习,第四学期,2023
S0878,操作系统,第五学期,2023
S0878,软件工程,第五学期,2023
S0878,信息安全,第五学期,2023
S0878,嵌入式系统,第五学期,2023
S0879,计算机网络,第一学期,2023
S0879,程序设计基础,第二学期,2023
S0879,高等数学,第二学期,2023
S0879,数据结构,第二学期,2023
S0879,自然语言处理,第二学期,2023
S0879,大数据技术,第三学期,2023
S0879,人工智能导论,第三学期,2023
S0879,物联网技术,第三学期,2023
S0879,密码学基础,第四学期,2023
S0880,计算机网络,第一学期,2023
S0880,密码学基础,第一学期,2023
S0880,物联网技术,第一学期,2023
S0880,概率论与数理统计,第二学期,2023
S0880,数据库原理,第二学期,2023
S0880,线性代数,第二学期,2023
S0880,计算机组成原理,第三学期,2023
S0880,大学物理,第四学期,2023
S0881,高等数学,第一学期,2023
S0881,大学物理,第一学期,2023
S0881,计算机组成原理,第一学期,2023
S0881,人工智能导论,第一学期,2023
S0881,信息安全,第二学期,2023
S0881,自然语言处理,第二学期,2023
S0881,软件工程,第三学期,2023
S0881,区块链技术,第三学期,2023
S0881,数据库原理,第四学期,2023
S0881,密码学基础,第四学期,2023
S0881,机器学习,第四学期,2023
S0881,云计算,第四学期,2023
S0881,物联网技术,第五学期,2023
S0881,数据结构,第五学期,2023
S0882,高等数学,第一学期,2023
S0882,概率论与数理统计,第二学期,2023
S0882,线性代数,第二学期,2023
S0882,云计算,第二学期,2023
S0882,数据库原理,第二学期,2023
S0882,密码学基础,第三学期,2023
S0882,信息安全,第三学期,2023
S0882,物联网技术,第三学期,2023
S0883,计算机组成原理,第一学期,2023
S0883,嵌入式系统,第一学期,2023
S0883,线性代数,第一学期,2023
S0883,软件工程,第一学期,2023
S0883,深度学习,第二学期,2023
S0883,人工智能导论,第三学期,2023
S0883,强化学习,第三学期,2023
S0883,数据挖掘,第四学期,2023
S0883,云计算,第四学期,2023
S0883,数据库原理,第四学期,2023
S0883,算法设计与分析,第四学期,2023
S0883,密码学基础,第五学期,2023
S0883,数据结构,第五学期,2023
S0884,计算机网络,第一学期,2023
S0884,量子计算导论,第二学期,2023
S0884,数据库原理,第二学期,2023
S0884,自然语言处理,第二学期,2023
S0884,云计算,第二学期,2023
S0884,区块链技术,第三学期,2023
S0884,算法设计与分析,第三学期,2023
S0884,线性代数,第四学期,2023
S0884,数据结构,第五学期,2023
S0884,物联网技术,第六学期,2023
S0884,自动驾驶技术,第六学期,2023
S0884,大数据技术,第六学期,2023
S0885,程序设计基础,第一学期,2023
S0885,深度学习,第一学期,2023
S0885,数据库原理,第一学期,2023
S0885,大学物理,第一学期,2023
S0885,人工智能导论,第二学期,2023
S0885,软件工程,第二学期,2023
S0885,嵌入式系统,第二学期,2023
S0885,概率论与数理统计,第二学期,2023
S0885,计算机视觉,第三学期,2023
S0885,离散数学,第三学期,2023
S0885,区块链技术,第三学期,2023
S0885,操作系统,第三学期,2023
S0886,程序设计基础,第一学期,2023
S0886,数据结构,第二学期,2023
S0886,高等数学,第二学期,2023
S0886,大学物理,第三学期,2023
S0886,线性代数,第三学期,2023
S0886,信息安全,第三学期,2023
S0886,自动驾驶技术,第四学期,2023
S0886,大数据技术,第四学期,2023
S0886,数据挖掘,第四学期,2023
S0886,密码学基础,第四学期,2023
S0886,量子计算导论,第五学期,2023
S0886,机器学习,第六学期,2023
S0887,高等数学,第一学期,2023
S0887,概率论与数理统计,第二学期,2023
S0887,云计算,第二学期,2023
S0887,算法设计与分析,第三学期,2023
S0887,数据结构,第三学期,2023
S0887,数据库原理,第四学期,2023
S0887,自动驾驶技术,第四学期,2023
S0887,操作系统,第五学期,2023
S0887,自然语言处理,第六学期,2023
S0887,嵌入式系统,第一学期,2024
S0888,计算机网络,第一学期,2023
S0888,强化学习,第一学期,2023
S0888,云计算,第二学期,2023
S0888,数据挖掘,第二学期,2023
S0888,软件工程,第三学期,2023
S0888,数据库原理,第四学期,2023
S0888,算法设计与分析,第五学期,2023
S0888,操作系统,第六学期,2023
S0888,嵌入式系统,第六学期,2023
S0888,大学物理,第六学期,2023
S0888,区块链技术,第一学期,2024
S0889,计算机网络,第一学期,2023
S0889,线性代数,第一学期,2023
S0889,量子计算导论,第一学期,2023
S0889,强化学习,第一学期,2023
S0889,数据结构,第二学期,2023
S0889,数据库原理,第二学期,2023
S0889,自动驾驶技术,第三学期,2023
S0889,区块链技术,第三学期,2023
S0889,软件工程,第三学期,2023
S0890,程序设计基础,第一学期,2023
S0890,离散数学,第二学期,2023
S0890,线性代数,第二学期,2023
S0890,软件工程,第二学期,2023
S0890,自然语言处理,第二学期,2023
S0890,概率论与数理统计,第三学期,2023
S0890,信息安全,第四学期,2023
S0890,计算机视觉,第五学期,2023
S0890,自动驾驶技术,第五学期,2023
S0890,区块链技术,第六学期,2023
S0890,物联网技术,第六学期,2023
S0890,计算机组成原理,第一学期,2024
S0891,计算机网络,第一学期,2023
S0891,程序设计基础,第一学期,2023
S0891,数据结构,第二学期,2023
S0891,自动驾驶技术,第二学期,2023
S0891,软件工程,第二学期,2023
S0891,区块链技术,第三学期,2023
S0891,物联网技术,第四学期,2023
S0891,机器学习,第四学期,2023
S0891,强化学习,第四学期,2023
S0891,概率论与数理统计,第五学期,2023
S0891,人工智能导论,第六学期,2023
S0891,量子计算导论,第六学期,2023
S0892,计算机网络,第一学期,2023
S0892,概率论与数理统计,第一学期,2023
S0892,数据结构,第一学期,2023
S0892,软件工程,第二学期,2023
S0892,强化学习,第二学期,2023
S0892,物联网技术,第二学期,2023
S0892,机器学习,第二学期,2023
S0892,密码学基础,第三学期,2023
S0892,量子计算导论,第三学期,2023
S0893,高等数学,第一学期,2023
S0893,线性代数,第二学期,2023
S0893,离散数学,第三学期,2023
S0893,物联网技术,第四学期,2023
S0893,大数据技术,第五学期,2023
S0893,深度学习,第五学期,2023
S0893,自然语言处理,第六学期,2023
S0893,自动驾驶技术,第六学期,2023
S0893,操作系统,第六学期,2023
S0893,云计算,第一学期,2024
S0893,数据挖掘,第一学期,2024
S0893,软件工程,第二学期,2024
S0893,计算机视觉,第二学期,2024
S0893,嵌入式系统,第三学期,2024
S0894,高等数学,第一学期,2023
S0894,计算机网络,第一学期,2023
S0894,线性代数,第一学期,2023
S0894,程序设计基础,第二学期,2023
S0894,大学物理,第二学期,2023
S0894,深度学习,第二学期,2023
S0894,物联网技术,第二学期,2023
S0894,嵌入式系统,第三学期,2023
S0894,数据挖掘,第三学期,2023
S0894,数据库原理,第三学期,2023
S0894,密码学基础,第三学期,2023
S0894,区块链技术,第四学期,2023
S0894,人工智能导论,第四学期,2023
S0895,高等数学,第一学期,2023
S0895,概率论与数理统计,第二学期,2023
S0895,程序设计基础,第二学期,2023
S0895,大数据技术,第二学期,2023
S0895,嵌入式系统,第三学期,2023
S0895,云计算,第三学期,2023
S0895,数据挖掘,第三学期,2023
S0895,区块链技术,第四学期,2023
S0895,深度学习,第四学期,2023
S0896,人工智能导论,第一学期,2023
S0896,离散数学,第一学期,2023
S0896,大数据技术,第二学期,2023
S0896,数据挖掘,第二学期,2023
S0896,计算机视觉,第二学期,2023
S0896,数据库原理,第二学期,2023
S0896,区块链技术,第三学期,2023
S0896,线性代数,第三学期,2023
S0896,大学物理,第三学期,2023
S0896,嵌入式系统,第三学期,2023
S0896,物联网技术,第四学期,2023
S0896,概率论与数理统计,第四学期,2023
S0896,机器学习,第四学期,2023
S0896,信息安全,第四学期,2023
S0896,云计算,第五学期,2023
S0897,计算机网络,第一学期,2023
S0897,操作系统,第一学期,2023
S0897,物联网技术,第一学期,2023
S0897,数据结构,第二学期,2023
S0897,数据库原理,第二学期,2023
S0897,计算机组成原理,第二学期,2023
S0897,数据挖掘,第二学期,2023
S0897,人工智能导论,第三学期,2023
S0897,强化学习,第三学期,2023
S0898,程序设计基础,第一学期,2023
S0898,计算机组成原理,第一学期,2023
S0898,信息安全,第一学期,2023
S0898,机器学习,第一学期,2023
S0898,物联网技术,第二学期,2023
S0898,自动驾驶技术,第二学期,2023
S0898,线性代数,第二学期,2023
S0898,区块链技术,第二学期,2023
S0898,离散数学,第三学期,2023
S0898,数据挖掘,第三学期,2023
S0899,计算机网络,第一学期,2023
S0899,计算机视觉,第二学期,2023
S0899,数据挖掘,第二学期,2023
S0899,量子计算导论,第三学期,2023
S0899,数据结构,第四学期,2023
S0899,数据库原理,第五学期,2023
S0899,嵌入式系统,第五学期,2023
S0899,自然语言处理,第五学期,2023
S0899,区块链技术,第五学期,2023
S0899,软件工程,第六学期,2023
S0899,大数据技术,第六学期,2023
S0900,计算机网络,第一学期,2023
S0900,操作系统,第一学期,2023
S0900,概率论与数理统计,第一学期,2023
S0900,深度学习,第一学期,2023
S0900,计算机视觉,第二学期,2023
S0900,算法设计与分析,第二学期,2023
S0900,数据挖掘,第三学期,2023
S0900,离散数学,第四学期,2023
S0900,强化学习,第五学期,2023
S0900,自然语言处理,第五学期,2023
S0900,机器学习,第五学期,2023
S0901,概率论与数理统计,第一学期,2023
S0901,软件工程,第一学期,2023
S0901,密码学基础,第一学期,2023
S0901,物联网技术,第一学期,2023
S0901,线性代数,第二学期,2023
S0901,区块链技术,第三学期,2023
S0901,云计算,第三学期,2023
S0901,人工智能导论,第三学期,2023
S0901,计算机视觉,第四学期,2023
S0901,计算机组成原理,第四学期,2023
S0901,强化学习,第四学期,2023
S0902,高等数学,第一学期,2023
S0902,概率论与数理统计,第二学期,2023
S0902,线性代数,第二学期,2023
S0902,量子计算导论,第二学期,2023
S0902,计算机网络,第二学期,2023
S0902,云计算,第三学期,2023
S0902,算法设计与分析,第四学期,2023
S0902,信息安全,第四学期,2023
S0902,区块链技术,第四学期,2023
S0902,物联网技术,第四学期,2023
S0902,数据结构,第五学期,2023
S0902,数据库原理,第六学期,2023
S0902,软件工程,第六学期,2023
S0902,计算机视觉,第六学期,2023
S0902,嵌入式系统,第六学期,2023
S0903,高等数学,第一学期,2023
S0903,计算机网络,第一学期,2023
S0903,程序设计基础,第一学期,2023
S0903,大学物理,第二学期,2023
S0903,计算机组成原理,第二学期,2023
S0903,机器学习,第三学期,2023
S0903,数据挖掘,第三学期,2023
S0903,自动驾驶技术,第三学期,2023
S0903,云计算,第三学期,2023
S0904,计算机网络,第一学期,2023
S0904,程序设计基础,第一学期,2023
S0904,大学物理,第一学期,2023
S0904,计算机组成原理,第一学期,2023
S0904,嵌入式系统,第二学期,2023
S0904,离散数学,第二学期,2023
S0904,线性代数,第二学期,2023
S0904,大数据技术,第二学期,2023
S0904,软件工程,第三学期,2023
S0905,算法设计与分析,第一学期,2023
S0905,数据挖掘,第一学期,2023
S0905,密码学基础,第一学期,2023
S0905,大学物理,第二学期,2023
S0905,云计算,第二学期,2023
S0905,软件工程,第二学期,2023
S0905,数据结构,第二学期,2023
S0905,数据库原理,第三学期,2023
S0905,机器学习,第三学期,2023
S0906,计算机网络,第一学期,2023
S0906,高等数学,第一学期,2023
S0906,离散数学,第一学期,2023
S0906,密码学基础,第一学期,2023
S0906,区块链技术,第二学期,2023
S0906,线性代数,第二学期,2023
S0906,自然语言处理,第二学期,2023
S0906,数据库原理,第三学期,2023
S0906,操作系统,第四学期,2023
S0906,数据结构,第四学期,2023
S0906,软件工程,第四学期,2023
S0906,计算机组成原理,第五学期,2023
S0906,强化学习,第五学期,2023
S0907,高等数学,第一学期,2023
S0907,线性代数,第一学期,2023
S0907,概率论与数理统计,第一学期,2023
S0907,量子计算导论,第一学期,2023
S0907,软件工程,第二学期,2023
S0907,数据结构,第二学期,2023
S0907,计算机组成原理,第二学期,2023
S0907,嵌入式系统,第三学期,2023
S0907,自动驾驶技术,第四学期,2023
S0907,自然语言处理,第四学期,2023
S0907,物联网技术,第四学期,2023
S0908,操作系统,第一学期,2023
S0908,密码学基础,第一学期,2023
S0908,机器学习,第一学期,2023
S0908,自然语言处理,第二学期,2023
S0908,深度学习,第三学期,2023
S0908,数据挖掘,第四学期,2023
S0908,大数据技术,第四学期,2023
S0908,数据库原理,第五学期,2023
S0908,软件工程,第五学期,2023
S0908,离散数学,第六学期,2023
S0909,程序设计基础,第一学期,2023
S0909,数据结构,第一学期,2023
S0909,高等数学,第一学期,2023
S0909,算法设计与分析,第一学期,2023
S0909,软件工程,第二学期,2023
S0909,信息安全,第二学期,2023
S0909,区块链技术,第三学期,2023
S0909,嵌入式系统,第四学期,2023
S0909,人工智能导论,第四学期,2023
S0909,量子计算导论,第五学期,2023
S0909,计算机视觉,第五学期,2023
S0909,操作系统,第五学期,2023
S0909,深度学习,第五学期,2023
S0909,云计算,第六学期,2023
S0909,自然语言处理,第六学期,2023
S0910,计算机网络,第一学期,2023
S0910,大数据技术,第一学期,2023
S0910,数据结构,第一学期,2023
S0910,软件工程,第一学期,2023
S0910,物联网技术,第二学期,2023
S0910,强化学习,第三学期,2023
S0910,计算机组成原理,第三学期,2023
S0910,操作系统,第三学期,2023
S0910,云计算,第四学期,2023
S0910,人工智能导论,第四学期,2023
S0910,密码学基础,第四学期,2023
S0910,数据挖掘,第五学期,2023
S0910,线性代数,第五学期,2023
S0910,概率论与数理统计,第五学期,2023
S0911,计算机网络,第一学期,2023
S0911,云计算,第二学期,2023
S0911,操作系统,第二学期,2023
S0911,信息安全,第二学期,2023
S0911,人工智能导论,第三学期,2023
S0911,深度学习,第三学期,2023
S0911,物联网技术,第三学期,2023
S0911,数据结构,第三学期,2023
S0911,算法设计与分析,第四学期,2023
S0911,强化学习,第五学期,2023
S0911,计算机组成原理,第六学期,2023
S0911,区块链技术,第六学期,2023
S0911,自然语言处理,第一学期,2024
S0911,自动驾驶技术,第一学期,2024
S0911,大学物理,第一学期,2024
S0912,高等数学,第一学期,2023
S0912,大学物理,第一学期,2023
S0912,离散数学,第一学期,2023
S0912,密码学基础,第一学期,2023
S0912,计算机网络,第二学期,2023
S0912,区块链技术,第二学期,2023
S0912,量子计算导论,第二学期,2023
S0912,数据库原理,第二学期,2023
S0912,计算机视觉,第三学期,2023
S0912,自动驾驶技术,第四学期,2023
S0912,信息安全,第四学期,2023
S0912,机器学习,第五学期,2023
S0912,强化学习,第五学期,2023
S0912,大数据技术,第五学期,2023
S0912,数据结构,第五学期,2023
S0913,高等数学,第一学期,2023
S0913,程序设计基础,第二学期,2023
S0913,概率论与数理统计,第二学期,2023
S0913,机器学习,第二学期,2023
S0913,云计算,第二学期,2023
S0913,操作系统,第三学期,2023
S0913,软件工程,第三学期,2023
S0913,大数据技术,第四学期,2023
S0914,深度学习,第一学期,2023
S0914,区块链技术,第二学期,2023
S0914,计算机视觉,第三学期,2023
S0914,信息安全,第三学期,2023
S0914,操作系统,第四学期,2023
S0914,线性代数,第四学期,2023
S0914,嵌入式系统,第四学期,2023
S0914,自然语言处理,第五学期,2023
S0914,数据挖掘,第五学期,2023
S0914,人工智能导论,第五学期,2023
S0914,量子计算导论,第五学期,2023
S0915,程序设计基础,第一学期,2023
S0915,数据挖掘,第一学期,2023
S0915,自动驾驶技术,第一学期,2023
S0915,线性代数,第一学期,2023
S0915,机器学习,第二学期,2023
S0915,自然语言处理,第三学期,2023
S0915,区块链技术,第三学期,2023
S0915,数据库原理,第三学期,2023
S0915,软件工程,第三学期,2023
S0915,离散数学,第四学期,2023
S0915,概率论与数理统计,第四学期,2023
S0916,计算机网络,第一学期,2023
S0916,嵌入式系统,第二学期,2023
S0916,自然语言处理,第二学期,2023
S0916,线性代数,第二学期,2023
S0916,密码学基础,第二学期,2023
S0916,大数据技术,第三学期,2023
S0916,大学物理,第三学期,2023
S0916,数据库原理,第三学期,2023
S0916,信息安全,第三学期,2023
S0916,离散数学,第四学期,2023
S0916,量子计算导论,第五学期,2023
S0916,概率论与数理统计,第五学期,2023
S0916,算法设计与分析,第六学期,2023
S0916,深度学习,第一学期,2024
S0917,程序设计基础,第一学期,2023
S0917,高等数学,第二学期,2023
S0917,概率论与数理统计,第二学期,2023
S0917,强化学习,第二学期,2023
S0917,大数据技术,第二学期,2023
S0917,数据挖掘,第三学期,2023
S0917,深度学习,第四学期,2023
S0917,嵌入式系统,第四学期,2023
S0917,物联网技术,第四学期,2023
S0917,自然语言处理,第四学期,2023
S0918,计算机网络,第一学期,2023
S0918,高等数学,第一学期,2023
S0918,大学物理,第二学期,2023
S0918,计算机组成原理,第三学期,2023
S0918,嵌入式系统,第三学期,2023
S0918,概率论与数理统计,第三学期,2023
S0918,物联网技术,第三学期,2023
S0918,信息安全,第四学期,2023
S0918,计算机视觉,第四学期,2023
S0918,区块链技术,第四学期,2023
S0919,程序设计基础,第一学期,2023
S0919,概率论与数理统计,第一学期,2023
S0919,深度学习,第一学期,2023
S0919,操作系统,第二学期,2023
S0919,量子计算导论,第三学期,2023
S0919,软件工程,第三学期,2023
S0919,云计算,第四学期,2023
S0919,大数据技术,第四学期,2023
S0919,离散数学,第五学期,2023
S0919,密码学基础,第六学期,2023
S0920,程序设计基础,第一学期,2023
S0920,计算机网络,第一学期,2023
S0920,大学物理,第一学期,2023
S0920,区块链技术,第二学期,2023
S0920,自然语言处理,第三学期,2023
S0920,人工智能导论,第三学期,2023
S0920,机器学习,第四学期,2023
S0920,深度学习,第五学期,2023
S0920,离散数学,第五学期,2023
S0920,算法设计与分析,第五学期,2023
S0920,密码学基础,第六学期,2023
S0920,数据挖掘,第一学期,2024
S0920,嵌入式系统,第一学期,2024
S0920,量子计算导论,第一学期,2024
S0920,自动驾驶技术,第一学期,2024
S0921,高等数学,第一学期,2023
S0921,线性代数,第二学期,2023
S0921,计算机网络,第二学期,2023
S0921,数据挖掘,第二学期,2023
S0921,机器学习,第三学期,2023
S0921,深度学习,第三学期,2023
S0921,软件工程,第三学期,2023
S0921,数据库原理,第三学期,2023
S0921,云计算,第四学期,2023
S0922,程序设计基础,第一学期,2023
S0922,数据库原理,第一学期,2023
S0922,线性代数,第一学期,2023
S0922,自然语言处理,第一学期,2023
S0922,概率论与数理统计,第二学期,2023
S0922,强化学习,第三学期,2023
S0922,大数据技术,第三学期,2023
S0922,区块链技术,第三学期,2023
S0922,大学物理,第三学期,2023
S0922,计算机组成原理,第四学期,2023
S0922,操作系统,第四学期,2023
S0922,云计算,第四学期,2023
S0923,程序设计基础,第一学期,2023
S0923,数据结构,第一学期,2023
S0923,计算机视觉,第二学期,2023
S0923,概率论与数理统计,第三学期,2023
S0923,人工智能导论,第三学期,2023
S0923,区块链技术,第三学期,2023
S0923,信息安全,第三学期,2023
S0923,操作系统,第四学期,2023
S0924,高等数学,第一学期,2023
S0924,概率论与数理统计,第一学期,2023
S0924,线性代数,第一学期,2023
S0924,信息安全,第一学期,2023
S0924,计算机视觉,第二学期,2023
S0924,自然语言处理,第二学期,2023
S0924,区块链技术,第二学期,2023
S0924,计算机组成原理,第三学期,2023
S0924,嵌入式系统,第四学期,2023
S0924,物联网技术,第四学期,2023
S0924,强化学习,第四学期,2023
S0924,云计算,第五学期,2023
S0925,程序设计基础,第一学期,2023
S0925,高等数学,第一学期,2023
S0925,概率论与数理统计,第一学期,2023
S0925,软件工程,第一学期,2023
S0925,强化学习,第二学期,2023
S0925,嵌入式系统,第二学期,2023
S0925,量子计算导论,第二学期,2023
S0925,大数据技术,第三学期,2023
S0925,自然语言处理,第四学期,2023
S0925,人工智能导论,第五学期,2023
S0925,计算机组成原理,第五学期,2023
S0925,数据挖掘,第五学期,2023
S0926,程序设计基础,第一学期,2023
S0926,数据结构,第一学期,2023
S0926,高等数学,第一学期,2023
S0926,大学物理,第一学期,2023
S0926,计算机组成原理,第二学期,2023
S0926,操作系统,第三学期,2023
S0926,嵌入式系统,第三学期,2023
S0926,信息安全,第四学期,2023
S0926,计算机视觉,第五学期,2023
S0926,物联网技术,第五学期,2023
S0926,大数据技术,第五学期,2023
S0926,量子计算导论,第五学期,2023
S0926,深度学习,第六学期,2023
S0926,强化学习,第一学期,2024
S0927,计算机网络,第一学期,2023
S0927,程序设计基础,第一学期,2023
S0927,强化学习,第一学期,2023
S0927,大数据技术,第一学期,2023
S0927,自然语言处理,第二学期,2023
S0927,概率论与数理统计,第三学期,2023
S0927,操作系统,第三学期,2023
S0927,嵌入式系统,第三学期,2023
S0927,物联网技术,第四学期,2023
S0928,计算机网络,第一学期,2023
S0928,密码学基础,第一学期,2023
S0928,人工智能导论,第一学期,2023
S0928,线性代数,第二学期,2023
S0928,量子计算导论,第三学期,2023
S0928,嵌入式系统,第三学期,2023
S0928,物联网技术,第三学期,2023
S0928,计算机视觉,第三学期,2023
S0928,深度学习,第四学期,2023
S0928,软件工程,第四学期,2023
S0928,自动驾驶技术,第四学期,2023
S0928,操作系统,第四学期,2023
S0928,机器学习,第五学期,2023
S0928,离散数学,第五学期,2023
S0929,程序设计基础,第一学期,2023
S0929,算法设计与分析,第一学期,2023
S0929,大数据技术,第一学期,2023
S0929,区块链技术,第一学期,2023
S0929,操作系统,第二学期,2023
S0929,软件工程,第二学期,2023
S0929,大学物理,第二学期,2023
S0929,计算机组成原理,第二学期,2023
S0929,自动驾驶技术,第三学期,2023
S0929,机器学习,第四学期,2023
S0929,强化学习,第五学期,2023
S0929,线性代数,第五学期,2023
S0929,人工智能导论,第六学期,2023
S0930,计算机网络,第一学期,2023
S0930,高等数学,第一学期,2023
S0930,大学物理,第一学期,2023
S0930,数据挖掘,第一学期,2023
S0930,数据结构,第二学期,2023
S0930,算法设计与分析,第三学期,2023
S0930,嵌入式系统,第三学期,2023
S0930,软件工程,第四学期,2023
S0931,程序设计基础,第一学期,2023
S0931,高等数学,第一学期,2023
S0931,线性代数,第一学期,2023
S0931,概率论与数理统计,第二学期,2023
S0931,云计算,第二学期,2023
S0931,大数据技术,第二学期,2023
S0931,操作系统,第二学期,2023
S0931,人工智能导论,第三学期,2023
S0931,深度学习,第三学期,2023
S0931,自然语言处理,第三学期,2023
S0931,区块链技术,第三学期,2023
S0931,数据挖掘,第四学期,2023
S0931,密码学基础,第四学期,2023
S0931,自动驾驶技术,第四学期,2023
S0932,密码学基础,第一学期,2023
S0932,机器学习,第一学期,2023
S0932,深度学习,第二学期,2023
S0932,数据库原理,第三学期,2023
S0932,概率论与数理统计,第四学期,2023
S0932,大学物理,第四学期,2023
S0932,大数据技术,第四学期,2023
S0932,算法设计与分析,第四学期,2023
S0933,高等数学,第一学期,2023
S0933,离散数学,第一学期,2023
S0933,密码学基础,第一学期,2023
S0933,大学物理,第一学期,2023
S0933,计算机组成原理,第二学期,2023
S0933,概率论与数理统计,第二学期,2023
S0933,算法设计与分析,第二学期,2023
S0933,数据挖掘,第三学期,2023
S0933,计算机视觉,第三学期,2023
S0933,深度学习,第三学期,2023
S0934,高等数学,第一学期,2023
S0934,操作系统,第一学期,2023
S0934,云计算,第二学期,2023
S0934,大数据技术,第二学期,2023
S0934,计算机视觉,第二学期,2023
S0934,信息安全,第二学期,2023
S0934,机器学习,第三学期,2023
S0934,数据结构,第三学期,2023
S0935,程序设计基础,第一学期,2023
S0935,数据结构,第一学期,2023
S0935,算法设计与分析,第一学期,2023
S0935,计算机网络,第一学期,2023
S0935,自然语言处理,第二学期,2023
S0935,云计算,第二学期,2023
S0935,计算机组成原理,第二学期,2023
S0935,操作系统,第二学期,2023
S0935,信息安全,第三学期,2023
S0935,量子计算导论,第三学期,2023
S0935,数据挖掘,第三学期,2023
S0935,计算机视觉,第三学期,2023
S0935,区块链技术,第四学期,2023
S0936,计算机网络,第一学期,2023
S0936,线性代数,第一学期,2023
S0936,自动驾驶技术,第一学期,2023
S0936,大数据技术,第一学期,2023
S0936,概率论与数理统计,第二学期,2023
S0936,深度学习,第二学期,2023
S0936,物联网技术,第二学期,2023
S0936,操作系统,第三学期,2023
S0936,数据结构,第三学期,2023
S0936,大学物理,第四学期,2023
S0936,计算机组成原理,第五学期,2023
S0936,区块链技术,第六学期,2023
S0937,密码学基础,第一学期,2023
S0937,计算机视觉,第一学期,2023
S0937,线性代数,第二学期,2023
S0937,计算机组成原理,第二学期,2023
S0937,操作系统,第二学期,2023
S0937,嵌入式系统,第二学期,2023
S0937,软件工程,第三学期,2023
S0937,云计算,第三学期,2023
S0937,大学物理,第四学期,2023
S0937,离散数学,第四学期,2023
S0937,数据结构,第五学期,2023
S0937,算法设计与分析,第五学期,2023
S0937,人工智能导论,第五学期,2023
S0937,深度学习,第六学期,2023
S0937,自然语言处理,第六学期,2023
S0938,程序设计基础,第一学期,2023
S0938,高等数学,第一学期,2023
S0938,线性代数,第一学期,2023
S0938,计算机组成原理,第一学期,2023
S0938,操作系统,第二学期,2023
S0938,云计算,第三学期,2023
S0938,区块链技术,第三学期,2023
S0938,数据挖掘,第三学期,2023
S0938,人工智能导论,第四学期,2023
S0938,物联网技术,第四学期,2023
S0939,程序设计基础,第一学期,2023
S0939,强化学习,第一学期,2023
S0939,离散数学,第一学期,2023
S0939,深度学习,第二学期,2023
S0939,计算机视觉,第二学期,2023
S0939,计算机组成原理,第三学期,2023
S0939,操作系统,第三学期,2023
S0939,线性代数,第三学期,2023
S0939,密码学基础,第四学期,2023
S0939,软件工程,第四学期,2023
S0939,区块链技术,第四学期,2023
S0940,深度学习,第一学期,2023
S0940,数据挖掘,第二学期,2023
S0940,自动驾驶技术,第二学期,2023
S0940,软件工程,第二学期,2023
S0940,算法设计与分析,第三学期,2023
S0940,数据结构,第四学期,2023
S0940,线性代数,第四学期,2023
S0940,量子计算导论,第五学期,2023
S0940,计算机视觉,第五学期,2023
S0940,物联网技术,第五学期,2023
S0940,操作系统,第五学期,2023
S0941,计算机网络,第一学期,2023
S0941,自然语言处理,第二学期,2023
S0941,计算机组成原理,第二学期,2023
S0941,操作系统,第二学期,2023
S0941,信息安全,第二学期,2023
S0941,数据挖掘,第三学期,2023
S0941,人工智能导论,第三学期,2023
S0941,线性代数,第三学期,2023
S0941,概率论与数理统计,第四学期,2023
S0941,物联网技术,第五学期,2023
S0941,区块链技术,第六学期,2023
S0942,程序设计基础,第一学期,2023
S0942,高等数学,第一学期,2023
S0942,离散数学,第一学期,2023
S0942,线性代数,第二学期,2023
S0942,大学物理,第二学期,2023
S0942,软件工程,第二学期,2023
S0942,信息安全,第二学期,2023
S0942,操作系统,第三学期,2023
S0942,计算机视觉,第三学期,2023
S0942,强化学习,第四学期,2023
S0942,数据库原理,第五学期,2023
S0942,自动驾驶技术,第五学期,2023
S0942,量子计算导论,第五学期,2023
S0942,云计算,第五学期,2023
S0942,物联网技术,第六学期,2023
S0943,计算机网络,第一学期,2023
S0943,数据结构,第一学期,2023
S0943,数据库原理,第二学期,2023
S0943,深度学习,第二学期,2023
S0943,大数据技术,第二学期,2023
S0943,密码学基础,第二学期,2023
S0943,数据挖掘,第三学期,2023
S0943,信息安全,第三学期,2023
S0943,人工智能导论,第三学期,2023
S0943,云计算,第四学期,2023
S0943,量子计算导论,第五学期,2023
S0944,计算机网络,第一学期,2023
S0944,算法设计与分析,第一学期,2023
S0944,大学物理,第二学期,2023
S0944,计算机组成原理,第二学期,2023
S0944,操作系统,第二学期,2023
S0944,嵌入式系统,第二学期,2023
S0944,深度学习,第三学期,2023
S0944,概率论与数理统计,第四学期,2023
S0944,数据库原理,第四学期,2023
S0944,区块链技术,第四学期,2023
S0945,计算机网络,第一学期,2023
S0945,高等数学,第一学期,2023
S0945,概率论与数理统计,第一学期,2023
S0945,机器学习,第二学期,2023
S0945,操作系统,第二学期,2023
S0945,人工智能导论,第二学期,2023
S0945,物联网技术,第三学期,2023
S0945,数据库原理,第三学期,2023
S0945,密码学基础,第四学期,2023
S0946,高等数学,第一学期,2023
S0946,离散数学,第二学期,2023
S0946,线性代数,第二学期,2023
S0946,密码学基础,第二学期,2023
S0946,概率论与数理统计,第二学期,2023
S0946,自然语言处理,第三学期,2023
S0946,算法设计与分析,第三学期,2023
S0946,区块链技术,第三学期,2023
S0946,深度学习,第三学期,2023
S0946,数据挖掘,第四学期,2023
S0946,大数据技术,第四学期,2023
S0946,计算机组成原理,第四学期,2023
S0946,计算机视觉,第四学期,2023
S0946,数据结构,第五学期,2023
S0946,软件工程,第五学期,2023
S0947,程序设计基础,第一学期,2023
S0947,高等数学,第一学期,2023
S0947,线性代数,第二学期,2023
S0947,离散数学,第二学期,2023
S0947,密码学基础,第二学期,2023
S0947,概率论与数理统计,第二学期,2023
S0947,计算机视觉,第三学期,2023
S0947,云计算,第四学期,2023
S0947,数据库原理,第五学期,2023
S0947,深度学习,第六学期,2023
S0948,高等数学,第一学期,2023
S0948,线性代数,第二学期,2023
S0948,自动驾驶技术,第三学期,2023
S0948,信息安全,第三学期,2023
S0948,区块链技术,第三学期,2023
S0948,密码学基础,第四学期,2023
S0948,深度学习,第四学期,2023
S0948,人工智能导论,第四学期,2023
S0948,数据挖掘,第四学期,2023
S0948,云计算,第五学期,2023
S0948,量子计算导论,第五学期,2023
S0948,强化学习,第五学期,2023
S0949,高等数学,第一学期,2023
S0949,概率论与数理统计,第一学期,2023
S0949,数据结构,第二学期,2023
S0949,计算机视觉,第二学期,2023
S0949,自然语言处理,第二学期,2023
S0949,机器学习,第二学期,2023
S0949,强化学习,第三学期,2023
S0949,数据挖掘,第三学期,2023
S0949,区块链技术,第四学期,2023
S0950,计算机网络,第一学期,2023
S0950,嵌入式系统,第一学期,2023
S0950,计算机组成原理,第一学期,2023
S0950,操作系统,第一学期,2023
S0950,信息安全,第二学期,2023
S0950,软件工程,第二学期,2023
S0950,量子计算导论,第三学期,2023
S0950,自动驾驶技术,第三学期,2023
S0950,算法设计与分析,第三学期,2023
S0950,线性代数,第四学期,2023
S0951,计算机网络,第一学期,2023
S0951,概率论与数理统计,第一学期,2023
S0951,计算机视觉,第一学期,2023
S0951,大数据技术,第一学期,2023
S0951,操作系统,第二学期,2023
S0951,物联网技术,第二学期,2023
S0951,密码学基础,第二学期,2023
S0951,区块链技术,第二学期,2023
S0951,数据库原理,第三学期,2023
S0951,数据挖掘,第三学期,2023
S0951,软件工程,第三学期,2023
S0952,计算机网络,第一学期,2023
S0952,物联网技术,第一学期,2023
S0952,线性代数,第二学期,2023
S0952,数据结构,第二学期,2023
S0952,算法设计与分析,第二学期,2023
S0952,数据库原理,第二学期,2023
S0952,人工智能导论,第三学期,2023
S0952,密码学基础,第四学期,2023
S0952,云计算,第五学期,2023
S0952,大学物理,第五学期,2023
S0952,计算机视觉,第六学期,2023
S0952,操作系统,第六学期,2023
S0953,高等数学,第一学期,2023
S0953,计算机网络,第二学期,2023
S0953,离散数学,第三学期,2023
S0953,计算机组成原理,第三学期,2023
S0953,嵌入式系统,第三学期,2023
S0953,物联网技术,第四学期,2023
S0953,机器学习,第五学期,2023
S0953,算法设计与分析,第六学期,2023
S0953,软件工程,第六学期,2023
S0953,数据挖掘,第一学期,2024
S0953,大数据技术,第一学期,2024
S0954,高等数学,第一学期,2023
S0954,线性代数,第一学期,2023
S0954,软件工程,第一学期,2023
S0954,嵌入式系统,第一学期,2023
S0954,数据库原理,第二学期,2023
S0954,大数据技术,第三学期,2023
S0954,物联网技术,第三学期,2023
S0954,强化学习,第四学期,2023
S0954,自动驾驶技术,第四学期,2023
S0955,高等数学,第一学期,2023
S0955,离散数学,第二学期,2023
S0955,大学物理,第二学期,2023
S0955,计算机网络,第二学期,2023
S0955,计算机组成原理,第二学期,2023
S0955,概率论与数理统计,第三学期,2023
S0955,操作系统,第三学期,2023
S0955,数据结构,第三学期,2023
S0955,人工智能导论,第三学期,2023
S0955,物联网技术,第四学期,2023
S0956,计算机网络,第一学期,2023
S0956,高等数学,第一学期,2023
S0956,线性代数,第一学期,2023
S0956,计算机组成原理,第一学期,2023
S0956,自然语言处理,第二学期,2023
S0956,计算机视觉,第二学期,2023
S0956,密码学基础,第二学期,2023
S0956,软件工程,第二学期,2023
S0956,云计算,第三学期,2023
S0956,数据挖掘,第三学期,2023
S0957,计算机网络,第一学期,2023
S0957,自动驾驶技术,第一学期,2023
S0957,大学物理,第一学期,2023
S0957,大数据技术,第二学期,2023
S0957,深度学习,第二学期,2023
S0957,人工智能导论,第三学期,2023
S0957,操作系统,第三学期,2023
S0957,线性代数,第三学期,2023
S0958,程序设计基础,第一学期,2023
S0958,数据结构,第一学期,2023
S0958,高等数学,第二学期,2023
S0958,计算机网络,第三学期,2023
S0958,离散数学,第四学期,2023
S0958,数据挖掘,第四学期,2023
S0958,强化学习,第四学期,2023
S0958,操作系统,第五学期,2023
S0958,区块链技术,第六学期,2023
S0958,物联网技术,第六学期,2023
S0958,机器学习,第一学期,2024
S0958,自动驾驶技术,第一学期,2024
S0959,程序设计基础,第一学期,2023
S0959,计算机网络,第二学期,2023
S0959,大数据技术,第二学期,2023
S0959,算法设计与分析,第三学期,2023
S0959,数据库原理,第四学期,2023
S0959,操作系统,第四学期,2023
S0959,信息安全,第四学期,2023
S0959,量子计算导论,第四学期,2023
S0959,密码学基础,第五学期,2023
S0959,计算机视觉,第五学期,2023
S0960,计算机网络,第一学期,2023
S0960,程序设计基础,第二学期,2023
S0960,高等数学,第二学期,2023
S0960,密码学基础,第三学期,2023
S0960,算法设计与分析,第四学期,2023
S0960,机器学习,第五学期,2023
S0960,软件工程,第六学期,2023
S0960,物联网技术,第六学期,2023
S0961,程序设计基础,第一学期,2023
S0961,云计算,第一学期,2023
S0961,软件工程,第一学期,2023
S0961,数据库原理,第二学期,2023
S0961,嵌入式系统,第三学期,2023
S0961,区块链技术,第三学期,2023
S0961,机器学习,第三学期,2023
S0961,强化学习,第三学期,2023
S0961,计算机视觉,第四学期,2023
S0961,操作系统,第四学期,2023
S0961,离散数学,第四学期,2023
S0961,计算机组成原理,第五学期,2023
S0961,密码学基础,第六学期,2023
S0961,量子计算导论,第一学期,2024
S0961,概率论与数理统计,第一学期,2024
S0962,计算机网络,第一学期,2023
S0962,程序设计基础,第二学期,2023
S0962,数据结构,第二学期,2023
S0962,机器学习,第三学期,2023
S0962,物联网技术,第三学期,2023
S0962,计算机组成原理,第三学期,2023
S0962,自动驾驶技术,第三学期,2023
S0962,离散数学,第四学期,2023
S0962,软件工程,第四学期,2023
S0962,线性代数,第四学期,2023
S0962,人工智能导论,第四学期,2023
S0962,概率论与数理统计,第五学期,2023
S0962,大数据技术,第五学期,2023
S0962,大学物理,第五学期,2023
S0962,密码学基础,第五学期,2023
S0963,程序设计基础,第一学期,2023
S0963,高等数学,第一学期,2023
S0963,大学物理,第二学期,2023
S0963,离散数学,第二学期,2023
S0963,计算机组成原理,第二学期,2023
S0963,计算机网络,第三学期,2023
S0963,嵌入式系统,第三学期,2023
S0963,物联网技术,第三学期,2023
S0963,人工智能导论,第三学期,2023
S0963,机器学习,第四学期,2023
S0963,软件工程,第五学期,2023
S0963,算法设计与分析,第五学期,2023
S0963,自动驾驶技术,第五学期,2023
S0963,云计算,第六学期,2023
S0963,大数据技术,第六学期,2023
S0964,计算机网络,第一学期,2023
S0964,程序设计基础,第二学期,2023
S0964,数据结构,第二学期,2023
S0964,数据库原理,第二学期,2023
S0964,线性代数,第三学期,2023
S0964,人工智能导论,第三学期,2023
S0964,自动驾驶技术,第三学期,2023
S0964,云计算,第三学期,2023
S0964,物联网技术,第四学期,2023
S0965,计算机网络,第一学期,2023
S0965,操作系统,第一学期,2023
S0965,信息安全,第二学期,2023
S0965,区块链技术,第三学期,2023
S0965,数据结构,第四学期,2023
S0965,数据库原理,第四学期,2023
S0965,深度学习,第四学期,2023
S0965,计算机组成原理,第四学期,2023
S0965,机器学习,第五学期,2023
S0965,人工智能导论,第五学期,2023
S0966,计算机网络,第一学期,2023
S0966,计算机组成原理,第一学期,2023
S0966,操作系统,第一学期,2023
S0966,信息安全,第二学期,2023
S0966,概率论与数理统计,第二学期,2023
S0966,物联网技术,第二学期,2023
S0966,自动驾驶技术,第二学期,2023
S0966,区块链技术,第三学期,2023
S0966,大学物理,第三学期,2023
S0967,计算机网络,第一学期,2023
S0967,数据库原理,第二学期,2023
S0967,线性代数,第二学期,2023
S0967,密码学基础,第三学期,2023
S0967,大数据技术,第三学期,2023
S0967,数据结构,第三学期,2023
S0967,算法设计与分析,第三学期,2023
S0967,自动驾驶技术,第四学期,2023
S0967,嵌入式系统,第四学期,2023
S0967,人工智能导论,第四学期,2023
S0967,强化学习,第五学期,2023
S0967,云计算,第六学期,2023
S0968,高等数学,第一学期,2023
S0968,大学物理,第一学期,2023
S0968,计算机网络,第一学期,2023
S0968,概率论与数理统计,第一学期,2023
S0968,离散数学,第二学期,2023
S0968,软件工程,第二学期,2023
S0968,大数据技术,第三学期,2023
S0968,算法设计与分析,第四学期,2023
S0968,自动驾驶技术,第四学期,2023
S0968,机器学习,第五学期,2023
S0968,计算机视觉,第六学期,2023
S0968,区块链技术,第一学期,2024
S0969,计算机网络,第一学期,2023
S0969,程序设计基础,第一学期,2023
S0969,数据结构,第一学期,2023
S0969,数据库原理,第一学期,2023
S0969,嵌入式系统,第二学期,2023
S0969,物联网技术,第三学期,2023
S0969,量子计算导论,第三学期,2023
S0969,大学物理,第三学期,2023
S0969,信息安全,第三学期,2023
S0970,计算机网络,第一学期,2023
S0970,离散数学,第一学期,2023
S0970,计算机组成原理,第二学期,2023
S0970,数据库原理,第三学期,2023
S0970,软件工程,第四学期,2023
S0970,大数据技术,第五学期,2023
S0970,机器学习,第五学期,2023
S0970,自然语言处理,第六学期,2023
S0970,计算机视觉,第六学期,2023
S0970,强化学习,第六学期,2023
S0970,人工智能导论,第六学期,2023
S0970,大学物理,第一学期,2024
S0970,密码学基础,第二学期,2024
S0970,线性代数,第三学期,2024
S0970,概率论与数理统计,第四学期,2024
S0971,高等数学,第一学期,2023
S0971,概率论与数理统计,第一学期,2023
S0971,大学物理,第二学期,2023
S0971,人工智能导论,第二学期,2023
S0971,密码学基础,第二学期,2023
S0971,物联网技术,第二学期,2023
S0971,软件工程,第三学期,2023
S0971,量子计算导论,第四学期,2023
S0971,深度学习,第五学期,2023
S0971,算法设计与分析,第六学期,2023
S0971,计算机视觉,第六学期,2023
S0971,强化学习,第六学期,2023
S0971,操作系统,第一学期,2024
S0972,计算机网络,第一学期,2023
S0972,信息安全,第一学期,2023
S0972,算法设计与分析,第一学期,2023
S0972,量子计算导论,第一学期,2023
S0972,数据库原理,第二学期,2023
S0972,嵌入式系统,第二学期,2023
S0972,计算机组成原理,第三学期,2023
S0972,机器学习,第三学期,2023
S0972,数据挖掘,第三学期,2023
S0972,离散数学,第四学期,2023
S0973,数据结构,第一学期,2023
S0973,算法设计与分析,第二学期,2023
S0973,自动驾驶技术,第二学期,2023
S0973,概率论与数理统计,第三学期,2023
S0973,嵌入式系统,第三学期,2023
S0973,离散数学,第三学期,2023
S0973,机器学习,第四学期,2023
S0973,深度学习,第四学期,2023
S0974,程序设计基础,第一学期,2023
S0974,数据结构,第一学期,2023
S0974,量子计算导论,第一学期,2023
S0974,机器学习,第一学期,2023
S0974,自然语言处理,第二学期,2023
S0974,人工智能导论,第二学期,2023
S0974,区块链技术,第二学期,2023
S0974,操作系统,第二学期,2023
S0974,软件工程,第三学期,2023
S0974,线性代数,第三学期,2023
S0974,密码学基础,第三学期,2023
S0974,信息安全,第三学期,2023
S0975,高等数学,第一学期,2023
S0975,程序设计基础,第一学期,2023
S0975,嵌入式系统,第一学期,2023
S0975,操作系统,第二学期,2023
S0975,强化学习,第二学期,2023
S0975,云计算,第二学期,2023
S0975,数据库原理,第三学期,2023
S0975,物联网技术,第三学期,2023
S0975,信息安全,第三学期,2023
S0976,高等数学,第一学期,2023
S0976,概率论与数理统计,第一学期,2023
S0976,大学物理,第二学期,2023
S0976,计算机组成原理,第三学期,2023
S0976,嵌入式系统,第三学期,2023
S0976,机器学习,第三学期,2023
S0976,深度学习,第三学期,2023
S0976,算法设计与分析,第四学期,2023
S0976,密码学基础,第四学期,2023
S0976,数据库原理,第四学期,2023
S0976,量子计算导论,第四学期,2023
S0977,密码学基础,第一学期,2023
S0977,区块链技术,第一学期,2023
S0977,操作系统,第一学期,2023
S0977,线性代数,第一学期,2023
S0977,软件工程,第二学期,2023
S0977,嵌入式系统,第二学期,2023
S0977,数据库原理,第二学期,2023
S0977,大数据技术,第三学期,2023
S0977,自然语言处理,第三学期,2023
S0977,云计算,第三学期,2023
S0977,数据结构,第三学期,2023
S0977,大学物理,第四学期,2023
S0977,数据挖掘,第四学期,2023
S0977,人工智能导论,第四学期,2023
S0977,信息安全,第四学期,2023
S0978,离散数学,第一学期,2023
S0978,强化学习,第一学期,2023
S0978,深度学习,第二学期,2023
S0978,线性代数,第二学期,2023
S0978,大学物理,第二学期,2023
S0978,操作系统,第三学期,2023
S0978,自然语言处理,第三学期,2023
S0978,嵌入式系统,第四学期,2023
S0979,计算机网络,第一学期,2023
S0979,高等数学,第一学期,2023
S0979,离散数学,第二学期,2023
S0979,密码学基础,第二学期,2023
S0979,信息安全,第二学期,2023
S0979,算法设计与分析,第二学期,2023
S0979,数据结构,第三学期,2023
S0979,强化学习,第三学期,2023
S0979,人工智能导论,第三学期,2023
S0979,软件工程,第三学期,2023
S0980,计算机网络,第一学期,2023
S0980,高等数学,第二学期,2023
S0980,离散数学,第三学期,2023
S0980,线性代数,第三学期,2023
S0980,程序设计基础,第三学期,2023
S0980,人工智能导论,第三学期,2023
S0980,数据挖掘,第四学期,2023
S0980,强化学习,第四学期,2023
S0980,自然语言处理,第四学期,2023
S0980,量子计算导论,第五学期,2023
S0980,操作系统,第五学期,2023
S0981,高等数学,第一学期,2023
S0981,计算机网络,第一学期,2023
S0981,数据库原理,第一学期,2023
S0981,密码学基础,第二学期,2023
S0981,深度学习,第三学期,2023
S0981,人工智能导论,第三学期,2023
S0981,嵌入式系统,第三学期,2023
S0981,软件工程,第四学期,2023
S0982,高等数学,第一学期,2023
S0982,算法设计与分析,第一学期,2023
S0982,信息安全,第二学期,2023
S0982,软件工程,第二学期,2023
S0982,自然语言处理,第二学期,2023
S0982,自动驾驶技术,第二学期,2023
S0982,密码学基础,第三学期,2023
S0982,嵌入式系统,第三学期,2023
S0983,计算机网络,第一学期,2023
S0983,高等数学,第一学期,2023
S0983,线性代数,第一学期,2023
S0983,大学物理,第二学期,2023
S0983,数据挖掘,第二学期,2023
S0983,物联网技术,第三学期,2023
S0983,算法设计与分析,第三学期,2023
S0983,区块链技术,第四学期,2023
S0983,大数据技术,第四学期,2023
S0983,计算机视觉,第四学期,2023
S0983,嵌入式系统,第四学期,2023
S0983,人工智能导论,第五学期,2023
S0983,数据结构,第六学期,2023
S0983,数据库原理,第六学期,2023
S0983,自然语言处理,第六学期,2023
S0984,程序设计基础,第一学期,2023
S0984,高等数学,第二学期,2023
S0984,概率论与数理统计,第二学期,2023
S0984,人工智能导论,第三学期,2023
S0984,大数据技术,第四学期,2023
S0984,密码学基础,第五学期,2023
S0984,嵌入式系统,第六学期,2023
S0984,量子计算导论,第六学期,2023
S0984,数据挖掘,第六学期,2023
S0984,物联网技术,第六学期,2023
S0984,计算机视觉,第一学期,2024
S0984,数据库原理,第一学期,2024
S0985,计算机视觉,第一学期,2023
S0985,操作系统,第一学期,2023
S0985,数据结构,第一学期,2023
S0985,数据库原理,第一学期,2023
S0985,大数据技术,第二学期,2023
S0985,算法设计与分析,第二学期,2023
S0985,概率论与数理统计,第二学期,2023
S0985,数据挖掘,第二学期,2023
S0985,云计算,第三学期,2023
S0986,大学物理,第一学期,2023
S0986,计算机组成原理,第一学期,2023
S0986,自动驾驶技术,第一学期,2023
S0986,物联网技术,第一学期,2023
S0986,计算机视觉,第二学期,2023
S0986,算法设计与分析,第三学期,2023
S0986,区块链技术,第三学期,2023
S0986,自然语言处理,第三学期,2023
S0986,密码学基础,第三学期,2023
S0986,线性代数,第四学期,2023
S0986,强化学习,第五学期,2023
S0986,云计算,第五学期,2023
S0987,计算机网络,第一学期,2023
S0987,软件工程,第二学期,2023
S0987,人工智能导论,第三学期,2023
S0987,线性代数,第三学期,2023
S0987,自动驾驶技术,第三学期,2023
S0987,信息安全,第四学期,2023
S0987,密码学基础,第四学期,2023
S0987,嵌入式系统,第四学期,2023
S0987,机器学习,第四学期,2023
S0987,自然语言处理,第五学期,2023
S0987,操作系统,第六学期,2023
S0987,云计算,第一学期,2024
S0987,计算机组成原理,第一学期,2024
S0987,数据结构,第二学期,2024
S0988,程序设计基础,第一学期,2023
S0988,计算机视觉,第一学期,2023
S0988,密码学基础,第一学期,2023
S0988,数据挖掘,第一学期,2023
S0988,算法设计与分析,第二学期,2023
S0988,大数据技术,第二学期,2023
S0988,线性代数,第二学期,2023
S0988,机器学习,第二学期,2023
S0988,自动驾驶技术,第三学期,2023
S0988,软件工程,第三学期,2023
S0988,信息安全,第三学期,2023
S0988,区块链技术,第三学期,2023
S0989,高等数学,第一学期,2023
S0989,离散数学,第一学期,2023
S0989,大学物理,第一学期,2023
S0989,概率论与数理统计,第一学期,2023
S0989,数据库原理,第二学期,2023
S0989,区块链技术,第三学期,2023
S0989,深度学习,第三学期,2023
S0989,算法设计与分析,第四学期,2023
S0989,量子计算导论,第四学期,2023
S0990,计算机网络,第一学期,2023
S0990,程序设计基础,第一学期,2023
S0990,高等数学,第一学期,2023
S0990,概率论与数理统计,第二学期,2023
S0990,强化学习,第三学期,2023
S0990,人工智能导论,第四学期,2023
S0990,大数据技术,第五学期,2023
S0990,密码学基础,第五学期,2023
S0991,自动驾驶技术,第一学期,2023
S0991,大学物理,第一学期,2023
S0991,计算机组成原理,第一学期,2023
S0991,操作系统,第一学期,2023
S0991,软件工程,第二学期,2023
S0991,数据结构,第二学期,2023
S0991,区块链技术,第二学期,2023
S0991,数据挖掘,第二学期,2023
S0991,人工智能导论,第三学期,2023
S0991,大数据技术,第三学期,2023
S0991,线性代数,第三学期,2023
S0991,量子计算导论,第三学期,2023
S0991,云计算,第四学期,2023
S0992,计算机网络,第一学期,2023
S0992,高等数学,第二学期,2023
S0992,线性代数,第三学期,2023
S0992,大学物理,第四学期,2023
S0992,计算机组成原理,第五学期,2023
S0992,操作系统,第五学期,2023
S0992,云计算,第六学期,2023
S0992,离散数学,第六学期,2023
S0992,数据结构,第六学期,2023
S0992,量子计算导论,第六学期,2023
S0992,计算机视觉,第一学期,2024
S0992,人工智能导论,第一学期,2024
S0992,自动驾驶技术,第一学期,2024
S0993,量子计算导论,第一学期,2023
S0993,数据结构,第一学期,2023
S0993,数据库原理,第二学期,2023
S0993,大数据技术,第三学期,2023
S0993,数据挖掘,第三学期,2023
S0993,计算机组成原理,第三学期,2023
S0993,操作系统,第四学期,2023
S0993,软件工程,第四学期,2023
S0993,机器学习,第五学期,2023
S0993,深度学习,第五学期,2023
S0993,大学物理,第五学期,2023
S0993,区块链技术,第五学期,2023
S0994,计算机网络,第一学期,2023
S0994,线性代数,第二学期,2023
S0994,大数据技术,第三学期,2023
S0994,区块链技术,第四学期,2023
S0994,离散数学,第四学期,2023
S0994,软件工程,第五学期,2023
S0994,数据挖掘,第五学期,2023
S0994,物联网技术,第五学期,2023
S0994,大学物理,第五学期,2023
S0994,计算机组成原理,第六学期,2023
S0994,自然语言处理,第六学期,2023
S0995,程序设计基础,第一学期,2023
S0995,高等数学,第一学期,2023
S0995,大学物理,第一学期,2023
S0995,计算机网络,第一学期,2023
S0995,自动驾驶技术,第二学期,2023
S0995,区块链技术,第二学期,2023
S0995,自然语言处理,第二学期,2023
S0995,数据挖掘,第二学期,2023
S0995,机器学习,第三学期,2023
S0995,计算机视觉,第三学期,2023
S0995,深度学习,第三学期,2023
S0995,软件工程,第四学期,2023
S0995,信息安全,第四学期,2023
S0995,量子计算导论,第四学期,2023
S0996,概率论与数理统计,第一学期,2023
S0996,人工智能导论,第一学期,2023
S0996,机器学习,第一学期,2023
S0996,强化学习,第一学期,2023
S0996,计算机视觉,第二学期,2023
S0996,深度学习,第二学期,2023
S0996,自然语言处理,第二学期,2023
S0996,算法设计与分析,第二学期,2023
S0996,数据库原理,第三学期,2023
S0996,计算机组成原理,第三学期,2023
S0996,物联网技术,第三学期,2023
S0996,大数据技术,第四学期,2023
S0996,云计算,第五学期,2023
S0996,密码学基础,第五学期,2023
S0997,计算机网络,第一学期,2023
S0997,高等数学,第二学期,2023
S0997,概率论与数理统计,第二学期,2023
S0997,大学物理,第二学期,2023
S0997,计算机组成原理,第二学期,2023
S0997,操作系统,第三学期,2023
S0997,云计算,第三学期,2023
S0997,嵌入式系统,第三学期,2023
S0997,量子计算导论,第三学期,2023
S0997,算法设计与分析,第四学期,2023
S0997,数据挖掘,第五学期,2023
S0997,人工智能导论,第六学期,2023
S0997,数据库原理,第六学期,2023
S0997,大数据技术,第六学期,2023
S0998,计算机网络,第一学期,2023
S0998,高等数学,第一学期,2023
S0998,线性代数,第一学期,2023
S0998,大学物理,第一学期,2023
S0998,概率论与数理统计,第二学期,2023
S0998,操作系统,第二学期,2023
S0998,数据库原理,第三学期,2023
S0998,数据挖掘,第四学期,2023
S0998,算法设计与分析,第四学期,2023
S0998,嵌入式系统,第四学期,2023
S0998,深度学习,第四学期,2023
S0998,计算机视觉,第五学期,2023
S0998,数据结构,第六学期,2023
S0998,机器学习,第六学期,2023
S0999,数据库原理,第一学期,2023
S0999,操作系统,第一学期,2023
S0999,大数据技术,第一学期,2023
S0999,离散数学,第一学期,2023
S0999,自然语言处理,第二学期,2023
S0999,云计算,第二学期,2023
S0999,量子计算导论,第二学期,2023
S0999,物联网技术,第二学期,2023
S0999,算法设计与分析,第三学期,2023
S1000,计算机网络,第一学期,2023
S1000,程序设计基础,第一学期,2023
S1000,数据结构,第二学期,2023
S1000,算法设计与分析,第二学期,2023
S1000,自动驾驶技术,第二学期,2023
S1000,嵌入式系统,第二学期,2023
S1000,物联网技术,第三学期,2023
S1000,操作系统,第三学期,2023
S1000,信息安全,第三学期,2023
S1000,大数据技术,第三学期,2023
S1000,计算机组成原理,第四学期,2023
